delivery_id,pred_service_min,pred_late_prob
ORD0092308,11.178755892255895,0.0
ORD0092309,9.049304232804229,0.0019264067148252058
ORD0092310,12.149154761904759,0.0
ORD0092311,12.770257936507937,0.18917304953001884
ORD0092312,17.23090873015873,0.008333064791685295
ORD0092313,14.52776455026455,0.09296934987498368
ORD0092314,15.627412698412705,0.004898025996523877
ORD0092315,28.55485714285712,0.617007613103377
ORD0092316,21.235016594516587,0.020642119241264235
ORD0092317,13.712129629629635,0.0
ORD0092318,10.800570947570945,0.002680722754993312
ORD0092319,12.74291402116402,0.10270583945121127
ORD0092320,17.73267857142857,0.015686605433536435
ORD0092321,15.965978835978827,0.0
ORD0092322,16.644995430495428,0.8693293627012063
ORD0092323,12.426928571428578,0.007603258920976901
ORD0092324,18.542715608465603,0.5681352692048028
ORD0092325,9.921486772486766,0.021042073784782938
ORD0092326,17.735309523809523,0.012901790658911928
ORD0092327,13.75580555555555,0.6565237285895467
ORD0092328,16.735384920634914,0.6217626955793231
ORD0092329,16.15328571428572,0.3513205077163813
ORD0092330,14.689826719576725,0.0
ORD0092331,15.358739417989415,0.7068616295809769
ORD0092332,18.642908730158734,0.0
ORD0092333,9.751686147186145,0.0
ORD0092334,18.504056878306887,0.005361445509986624
ORD0092335,13.762998677248676,0.0247588179329561
ORD0092336,12.284544973544966,0.00818505197438762
ORD0092337,14.739068783068788,0.05178479134385595
ORD0092338,14.828837301587306,0.007894155447682261
ORD0092339,14.192132275132268,0.48885925772159217
ORD0092340,14.634105820105821,0.2757775173357148
ORD0092341,26.29139021164022,0.007724518782622338
ORD0092342,14.196353174603177,0.7541578789488959
ORD0092343,12.654681216931209,0.36669207522018754
ORD0092344,15.975968614718614,0.10695074218940039
ORD0092345,20.792042328042324,0.14118365079123932
ORD0092346,16.04234920634921,0.0
ORD0092347,19.990358706108704,0.0
ORD0092348,22.142297619047625,0.21167274974155634
ORD0092349,18.727673280423286,0.008985675370025316
ORD0092350,10.914936507936503,0.010574878202675574
ORD0092351,13.113263708513704,0.0019264067148252052
ORD0092352,20.028071428571437,0.6964593576182159
ORD0092353,11.489203703703703,0.04694035119129602
ORD0092354,16.13945502645502,0.9763907559547101
ORD0092355,12.198302910052911,0.17277287338939884
ORD0092356,11.239309523809522,0.004607129469818518
ORD0092357,30.492829846079832,0.0029716192816986713
ORD0092358,21.6798716931217,0.0
ORD0092359,12.049592592592587,0.045375150622952456
ORD0092360,14.188510582010586,0.04895393042351728
ORD0092361,12.9427208994709,0.06796930708053837
ORD0092362,12.820965608465611,0.061137211479090715
ORD0092363,27.966847883597882,0.008985675370025316
ORD0092364,15.184904761904754,0.41175031957874425
ORD0092365,12.246769841269833,0.06564074269502033
ORD0092366,18.74340608465609,0.030700765261549585
ORD0092367,21.196916666666656,0.013889789809944701
ORD0092368,13.811873015873022,0.03355447870266332
ORD0092369,17.082896825396812,0.002680722754993312
ORD0092370,12.185615079365077,0.020066828840195016
ORD0092371,16.99642328042328,0.018388731851068277
ORD0092372,14.866478835978835,0.03139813394085665
ORD0092373,13.961042328042332,0.0
ORD0092374,10.150748677248679,0.02329920619153931
ORD0092375,11.137317460317455,0.06487319317903023
ORD0092376,9.699571428571424,0.06600247960784587
ORD0092377,12.217365079365079,0.07565630345460098
ORD0092378,15.235018518518519,0.031992429343313644
ORD0092379,12.347970899470893,0.03286238574434683
ORD0092380,8.74507142857143,0.008867860621826304
ORD0092381,15.963398148148144,0.0019264067148252052
ORD0092382,11.43398244348244,0.18655820345722832
ORD0092383,10.790052910052912,0.002680722754993312
ORD0092384,8.160580687830686,0.20645308264652298
ORD0092385,7.255435185185187,0.005634703043726687
ORD0092386,11.539134680134683,0.31935291635534674
ORD0092387,11.602883597883608,0.12933448251701607
ORD0092388,11.504851851851845,0.697531655514987
ORD0092389,9.773458994708994,0.20628144546543073
ORD0092390,10.018968253968257,0.0013546421042984146
ORD0092391,10.011010582010586,0.005735767782995072
ORD0092392,10.294015873015866,0.0
ORD0092393,8.159105820105822,0.022010888517456955
ORD0092394,10.280355820105822,0.0
ORD0092395,12.347965608465607,0.0
ORD0092396,7.1015568783068765,0.0
ORD0092397,9.86885978835979,0.02499919437505589
ORD0092398,9.18273412698413,0.053507943696805
ORD0092399,11.356857142857146,0.4188091352175682
ORD0092400,10.721238095238094,0.025809323650530853
ORD0092401,9.935456349206355,0.7901527263305018
ORD0092402,14.738518518518521,0.0
ORD0092403,21.129496031746022,0.0
ORD0092404,26.457904761904764,0.018289658659333956
ORD0092405,10.717346560846567,0.005213432692688949
ORD0092406,15.079075396825395,0.23525851857270888
ORD0092407,13.946931216931219,0.018907942994360872
ORD0092408,11.469609788359788,0.20085759549676227
ORD0092409,17.19525925925926,0.008042168264979936
ORD0092410,14.402394179894172,0.011416205609065444
ORD0092411,12.9349246031746,0.022287583683163796
ORD0092412,21.190402116402115,0.058585062443859984
ORD0092413,19.92648148148147,0.35105210609556925
ORD0092414,17.104120370370374,0.0
ORD0092415,11.240579365079359,0.0033333333333333335
ORD0092416,18.41979629629629,0.19744783430754984
ORD0092417,16.021224867724857,0.002680722754993312
ORD0092418,15.70087698412698,0.003083140817380149
ORD0092419,78.39828835978831,0.0
ORD0092420,39.06938492063494,0.005790304837496579
ORD0092421,15.911277777777768,0.08628726334720128
ORD0092422,12.257771164021168,0.06834169331961434
ORD0092423,8.207973544973548,0.03689767702675571
ORD0092424,11.224123015873019,0.2376260963917979
ORD0092425,16.249845238095244,0.4902261767751649
ORD0092426,12.26140873015873,0.012040751725735497
ORD0092427,14.79763888888889,0.18181793934661433
ORD0092428,10.398789682539684,0.13030941938529358
ORD0092429,9.651933862433863,0.34221349569868853
ORD0092430,9.332063492063496,0.23746567188289266
ORD0092431,11.986924603174609,0.592219891510504
ORD0092432,18.38127248677248,0.029654371401366106
ORD0092433,13.010091149591148,0.0859308254647816
ORD0092434,15.762797619047618,0.8715626165347796
ORD0092435,36.84061507936507,0.298694905633873
ORD0092436,18.21523544973546,0.015628297869344516
ORD0092437,15.043994708994715,0.1008174286210666
ORD0092438,17.770584656084655,0.042306367258967525
ORD0092439,26.134529100529083,0.19964937329943191
ORD0092440,21.595822751322743,0.5081086123695719
ORD0092441,14.924289682539678,0.6960528094515701
ORD0092442,24.769763227513245,0.8687231543576265
ORD0092443,8.277469576719577,0.0
ORD0092444,8.429365079365079,0.04411953309103425
ORD0092445,8.756562169312168,0.0
ORD0092446,7.268203703703704,0.07750867719297565
ORD0092447,13.655305555555557,0.0
ORD0092448,12.070960317460317,0.0049225361659835905
ORD0092449,11.716374338624345,0.013546497484374245
ORD0092450,17.895849567099557,0.11344530072061673
ORD0092451,15.037839826839823,0.002680722754993312
ORD0092452,27.271708994708984,0.33660744300556783
ORD0092453,12.1289126984127,0.0
ORD0092454,7.847219576719578,0.041777306435911495
ORD0092455,10.206374338624338,0.08917486492034589
ORD0092456,10.647976190476186,0.0
ORD0092457,18.362257816257817,0.0
ORD0092458,13.74003835978836,0.0
ORD0092459,18.274162698412702,0.36606733837330274
ORD0092460,13.678208994709,0.007894155447682261
ORD0092461,13.44775396825397,0.9032389712803777
ORD0092462,16.291912698412702,0.47904381172455013
ORD0092463,16.31135582010582,0.010142663531199097
ORD0092464,13.26590873015873,0.3143179334184389
ORD0092465,70.89831349206348,0.0
ORD0092466,71.53167857142854,0.005213432692688949
ORD0092467,13.703702380952379,0.0
ORD0092468,9.164981481481478,0.5220402182394579
ORD0092469,10.748857142857139,0.003083140817380149
ORD0092470,12.97384126984127,0.5414179218834139
ORD0092471,12.038134920634919,0.0
ORD0092472,12.51687037037037,0.0
ORD0092473,15.260240740740747,0.015058505024656128
ORD0092474,9.2413835978836,0.012705967343893829
ORD0092475,11.478214285714289,0.10445980108749364
ORD0092476,12.446888888888894,0.05291371222479763
ORD0092477,18.929773809523812,0.24095169367335795
ORD0092478,13.413026455026456,0.10282411070929075
ORD0092479,13.916887566137571,0.5768573019420878
ORD0092480,22.721337301587297,0.6836106748371759
ORD0092481,20.665595238095243,0.005652342036691983
ORD0092482,20.22058333333334,0.0022418134109902775
ORD0092483,10.687370370370367,0.9915471221366454
ORD0092484,16.164423280423286,0.0
ORD0092485,12.905317460317459,0.0020721767459303537
ORD0092486,18.91966738816739,0.03593634684019602
ORD0092487,16.16597510822511,0.00884862782014784
ORD0092488,12.53390848965849,0.0028678838914975363
ORD0092489,12.830167147667149,0.0
ORD0092490,16.357099206349197,0.03308723783415767
ORD0092491,21.822173280423286,0.0806016152977026
ORD0092492,13.45561507936508,0.0
ORD0092493,15.509708994708992,0.0
ORD0092494,13.306421957671958,0.08894901856731256
ORD0092495,9.069984126984128,0.0931643696231856
ORD0092496,14.276039682539677,0.33613735961111985
ORD0092497,14.079548941798942,0.28886275965856484
ORD0092498,12.95729365079366,0.003083140817380149
ORD0092499,14.418390211640212,0.0
ORD0092500,13.28542063492064,0.11511931532736144
ORD0092501,12.72832142857143,0.1758578195830796
ORD0092502,12.786378306878305,0.2694205253017367
ORD0092503,12.028017195767198,0.48078271990953375
ORD0092504,22.329261904761896,0.002680722754993312
ORD0092505,18.191046296296303,0.08222160936358959
ORD0092506,13.836662698412695,0.43562880815441807
ORD0092507,17.830808201058208,0.014980063632453093
ORD0092508,19.482806878306892,0.0660642514569761
ORD0092509,11.952571428571424,0.1386951866812529
ORD0092510,15.298992063492063,0.014992652930788214
ORD0092511,14.956845238095244,0.005361445509986624
ORD0092512,12.893798941798941,0.014967495877223755
ORD0092513,16.19700793650793,0.03519719600339134
ORD0092514,19.219341510341497,0.0
ORD0092515,11.350793650793646,0.008940159205560747
ORD0092516,11.72259523809523,0.13065660671387588
ORD0092517,10.109400793650797,0.06293938385124966
ORD0092518,10.45681216931217,0.04542643217268806
ORD0092519,18.907260582010572,0.2909291939451696
ORD0092520,11.459121693121693,0.06629490970081087
ORD0092521,10.842539682539682,0.0686374683322766
ORD0092522,12.08437169312169,0.014942985707764042
ORD0092523,16.563828042328044,0.006372318538523094
ORD0092524,16.897839947089956,0.38409460357191855
ORD0092525,21.90160317460317,0.7129001197606893
ORD0092526,7.63995238095238,0.03966856095778351
ORD0092527,8.007357142857142,0.3170476173834607
ORD0092528,7.800936507936511,0.020530639126222685
ORD0092529,10.556486772486773,0.0029716192816986713
ORD0092530,9.534208994708992,0.08067457515318271
ORD0092531,8.930305555555549,0.3169811436364819
ORD0092532,8.634174603174603,0.07892373244122307
ORD0092533,8.564101851851857,0.012062375573497744
ORD0092534,10.270243386243388,0.0
ORD0092535,8.147394179894176,0.1116945260961288
ORD0092536,8.84333381433381,0.0022418134109902775
ORD0092537,8.708664021164028,0.0
ORD0092538,9.147992063492064,0.0
ORD0092539,6.333543650793649,0.1302775564690352
ORD0092540,9.32263227513228,0.0
ORD0092541,10.059714285714291,0.3106573991472799
ORD0092542,7.0635560365560375,0.0029716192816986713
ORD0092543,9.445418229918232,0.5266087904558779
ORD0092544,8.355690836940834,0.005361445509986624
ORD0092545,7.811499158249161,0.0
ORD0092546,12.972914021164017,0.0
ORD0092547,11.266830687830684,0.0
ORD0092548,15.93599903799904,0.0020721767459303537
ORD0092549,19.80703174603175,0.0
ORD0092550,8.612358465608468,0.0
ORD0092551,9.089195767195774,0.0
ORD0092552,11.08313624338624,0.011880099359355616
ORD0092553,14.317448412698413,0.007251360943195631
ORD0092554,16.540658730158725,0.011013787546678607
ORD0092555,20.020591269841287,0.002680722754993312
ORD0092556,14.011793650793654,0.13143704722140684
ORD0092557,17.196914021164027,0.0
ORD0092558,17.041910052910055,0.0
ORD0092559,11.785059523809522,0.0
ORD0092560,17.54112037037036,0.23128183558266788
ORD0092561,17.985876984126982,0.04910215523665067
ORD0092562,12.66880952380952,0.0016888043372695538
ORD0092563,16.371940476190478,0.18550071606719654
ORD0092564,8.763910052910056,0.1627110551698268
ORD0092565,11.895583333333336,0.07641853190193007
ORD0092566,10.092031746031745,0.024127914981606224
ORD0092567,10.661656084656082,0.29050735504329944
ORD0092568,8.02727380952381,0.5302884792390853
ORD0092569,27.949730158730162,0.9102291291329884
ORD0092570,15.394722222222223,0.7527814607562665
ORD0092571,15.54450264550265,0.15323594698736073
ORD0092572,12.371579365079374,0.05808973605938245
ORD0092573,7.664480158730157,0.11651050601712874
ORD0092574,8.663761904761907,0.16185234332648296
ORD0092575,16.107891534391527,0.05509878879806069
ORD0092576,14.728537037037034,0.12750589760676276
ORD0092577,11.53208862433863,0.29128433836699424
ORD0092578,10.114527777777779,0.15911754121136418
ORD0092579,19.51710978835979,0.0
ORD0092580,11.18901322751323,0.0
ORD0092581,26.906436507936508,0.015884395066036183
ORD0092582,39.39485449735449,0.07283206534192263
ORD0092583,13.09534920634921,0.35766019407085003
ORD0092584,7.9304365079365,0.004683514201253541
ORD0092585,8.377293650793648,0.0
ORD0092586,8.768238095238093,0.005763863572373461
ORD0092587,16.58985714285714,0.002680722754993312
ORD0092588,10.058059523809522,0.019218095773801173
ORD0092589,14.837717051467056,0.0
ORD0092590,10.673130952380951,0.054507783960818505
ORD0092591,13.226734126984121,0.0
ORD0092592,15.568301587301589,0.0
ORD0092593,20.28707828282829,0.05281335357606098
ORD0092594,25.405984126984126,0.18682349100067688
ORD0092595,25.237448412698416,0.017603258920976902
ORD0092596,14.630943121693115,0.003083140817380149
ORD0092597,10.282099206349208,0.002680722754993312
ORD0092598,14.515277777777774,0.0
ORD0092599,17.410456349206353,0.23666311337622134
ORD0092600,12.681075396825399,0.3730844742079087
ORD0092601,13.38822619047619,0.7904867632772571
ORD0092602,16.308333333333334,0.08647077135967193
ORD0092603,14.97510714285714,0.019458373874045386
ORD0092604,14.69677899877899,0.0
ORD0092605,13.692663660413661,0.0033333333333333335
ORD0092606,13.288105820105818,0.2757509176423033
ORD0092607,15.212677248677252,0.002867883891497536
ORD0092608,11.941845238095237,0.0
ORD0092609,13.319575396825398,0.02003378916001703
ORD0092610,15.699375661375662,0.0
ORD0092611,14.017084656084664,0.006166281634760298
ORD0092612,9.823817460317457,0.0
ORD0092613,12.707718253968256,0.02800024568541576
ORD0092614,15.065119047619046,0.0049225361659835905
ORD0092615,16.80671296296297,0.3026645699606798
ORD0092616,13.681523809523808,0.002680722754993312
ORD0092617,24.604190476190475,0.0
ORD0092618,19.605661375661377,0.0
ORD0092619,10.836500000000003,0.5365078260386443
ORD0092620,12.63506349206349,0.0
ORD0092621,13.127449855699856,0.0
ORD0092622,66.02614285714283,0.0
ORD0092623,37.44576455026454,0.5642537452641814
ORD0092624,30.639370370370372,0.002680722754993312
ORD0092625,14.26426984126984,0.024308110372797034
ORD0092626,14.359558201058208,0.0
ORD0092627,13.871025733525736,0.0
ORD0092628,13.955595238095233,0.0
ORD0092629,32.679870129870125,0.013153895495840801
ORD0092630,21.963153439153427,0.04205425300318162
ORD0092631,13.527952380952382,0.008623961318390654
ORD0092632,15.650630230880237,0.1052792949374791
ORD0092633,12.664806878306882,0.08120011484849785
ORD0092634,15.175002645502646,0.0
ORD0092635,51.31312566137564,0.0
ORD0092636,11.722240740740743,0.06974393111284938
ORD0092637,14.210202380952378,0.0315586390582834
ORD0092638,13.737932539682543,0.1244058007972624
ORD0092639,10.618380952380956,0.12142433895249657
ORD0092640,36.93974206349207,0.0
ORD0092641,13.83370634920635,0.002680722754993312
ORD0092642,14.256511904761904,0.4011498398904936
ORD0092643,13.7665119047619,0.20804445939619648
ORD0092644,20.246029100529093,0.010483869055243199
ORD0092645,21.25494841269841,0.0
ORD0092646,17.880738095238097,0.12040512280805368
ORD0092647,12.471425925925924,0.03167303734959137
ORD0092648,15.41616931216931,0.010258660945577152
ORD0092649,12.031034632034638,0.03919278419591468
ORD0092650,17.260318783068787,0.017169494681949345
ORD0092651,11.20424206349206,0.03208834260179344
ORD0092652,11.44986243386243,0.09017097510093405
ORD0092653,16.487048941798943,0.39400915715049123
ORD0092654,13.049453703703705,0.013255600957668883
ORD0092655,13.075197089947094,0.0
ORD0092656,16.82334523809524,0.08233565589832109
ORD0092657,10.853773809523814,0.0871536614606254
ORD0092658,11.48245899470899,0.21979123994722097
ORD0092659,8.600215367965367,0.0991015340334042
ORD0092660,9.153156084656082,0.08518156061511921
ORD0092661,12.02512566137566,0.0508235015146504
ORD0092662,10.036734126984125,0.3797756409382711
ORD0092663,8.886293650793649,0.49044759581643593
ORD0092664,9.496226190476188,0.19749198035391408
ORD0092665,9.926960317460319,0.0
ORD0092666,9.725264550264546,0.0
ORD0092667,13.152769480519478,0.0
ORD0092668,10.044666666666666,0.005548606646490848
ORD0092669,10.65764682539683,0.0
ORD0092670,8.593214285714293,0.011732595321555411
ORD0092671,8.044529100529104,0.0
ORD0092672,9.458527777777778,0.021727415573180028
ORD0092673,9.28786772486773,0.0
ORD0092674,11.70984211159211,0.12377306110146473
ORD0092675,11.334252645502644,0.0022418134109902775
ORD0092676,7.732222222222222,0.0
ORD0092677,9.944481481481478,0.0
ORD0092678,13.000345238095239,0.0
ORD0092679,13.36986507936508,0.002680722754993312
ORD0092680,16.444239778739778,0.002867883891497536
ORD0092681,23.323999999999984,0.008682775347995279
ORD0092682,14.104682539682539,0.005943238563397343
ORD0092683,14.972151515151511,0.023797887473608996
ORD0092684,11.613710317460324,0.010335856237945524
ORD0092685,37.905734126984136,0.0
ORD0092686,51.82946693121693,0.0
ORD0092687,14.892160052910057,0.02816779086711217
ORD0092688,19.9858029100529,0.10386603776599264
ORD0092689,14.835456830206837,0.17914249660773773
ORD0092690,17.565037037037047,0.5304945716493351
ORD0092691,13.982006613756615,0.0
ORD0092692,10.746564333814332,0.006014056088326646
ORD0092693,17.478148388648393,0.834105910106257
ORD0092694,17.834665343915354,0.3645051162736851
ORD0092695,16.40779232804233,0.04121934068102234
ORD0092696,13.801182539682538,0.11005726662918498
ORD0092697,12.769407407407407,0.27498585482455956
ORD0092698,9.687714285714284,0.07649462354019314
ORD0092699,10.740984126984122,0.0024417007902632626
ORD0092700,8.619892857142862,0.021977744193504442
ORD0092701,12.182740740740742,0.6649151530916958
ORD0092702,8.964912698412697,0.06349026758558983
ORD0092703,19.440222222222236,0.9608343939610563
ORD0092704,16.893088624338635,0.37782426076223286
ORD0092705,17.897571428571425,0.20984977297074747
ORD0092706,11.22399338624339,0.15962334929541933
ORD0092707,12.373130952380954,0.3100035424789959
ORD0092708,9.111271164021163,0.260320558275276
ORD0092709,12.317674603174602,0.36190304585117244
ORD0092710,17.269749999999995,0.26556696097208093
ORD0092711,13.543821428571437,0.08692749281563797
ORD0092712,16.240917989418005,0.3587567916898133
ORD0092713,9.804538359788362,0.08913928218004807
ORD0092714,15.487558441558443,0.0
ORD0092715,12.381640211640212,0.06178073635786994
ORD0092716,20.892120370370375,0.11097223646152661
ORD0092717,22.968568783068786,0.36634520927284586
ORD0092718,37.899580567580564,0.49849453689557177
ORD0092719,20.097261904761904,0.702519200239449
ORD0092720,19.30715079365079,0.7230306510809926
ORD0092721,36.535132275132284,0.0
ORD0092722,10.457632275132275,0.0
ORD0092723,10.955587301587306,0.0
ORD0092724,12.009706349206356,0.38254591819103484
ORD0092725,8.897394179894178,0.0
ORD0092726,15.97967592592593,0.09505398443331142
ORD0092727,14.041662698412695,0.0
ORD0092728,18.060056878306874,0.0
ORD0092729,10.90156349206349,0.038087813916672444
ORD0092730,21.238620370370366,0.0022418134109902775
ORD0092731,20.183333333333334,0.0
ORD0092732,19.421562169312168,0.04989085860122619
ORD0092733,25.50424206349207,0.22030915052761638
ORD0092734,21.043973544973532,0.15767564648743002
ORD0092735,11.552581289081296,0.0031785713901693424
ORD0092736,11.22859920634921,0.0
ORD0092737,17.33929629629629,0.006848942880808795
ORD0092738,10.709547258297254,0.012992068823479122
ORD0092739,13.493887566137566,0.0
ORD0092740,19.478804232804233,0.002680722754993312
ORD0092741,17.770756613756614,0.604661026319686
ORD0092742,16.534912698412704,0.5073622821686282
ORD0092743,22.30591402116403,0.9477260865290024
ORD0092744,14.496873015873023,0.0010446007523273917
ORD0092745,15.696678571428569,0.002680722754993312
ORD0092746,16.9494126984127,0.007913411700417206
ORD0092747,26.99119047619048,0.9853154605968044
ORD0092748,45.6509660894661,0.038826676076084796
ORD0092749,56.5517566137566,0.6803441016447714
ORD0092750,56.36008333333333,0.00984507233196718
ORD0092751,54.757202380952364,0.005884082050624873
ORD0092752,53.21310714285713,0.0
ORD0092753,57.69540873015872,0.0
ORD0092754,16.75694841269841,0.0029716192816986713
ORD0092755,18.155404761904766,0.0319343380611531
ORD0092756,15.621376984126986,0.0
ORD0092757,13.326846560846562,0.18923008090531704
ORD0092758,22.385764550264547,0.0
ORD0092759,18.808952020202007,0.0
ORD0092760,17.09334391534392,0.004607129469818518
ORD0092761,15.069071428571426,0.02091081284935142
ORD0092762,19.944165343915348,0.1966974446961296
ORD0092763,21.339708994708985,0.3584746401140689
ORD0092764,19.03886640211641,0.8439799420443225
ORD0092765,20.36000757575757,0.0
ORD0092766,19.29134523809523,0.02044463965148106
ORD0092767,14.7819880952381,0.8330950386389889
ORD0092768,17.897351491101485,0.0
ORD0092769,17.20186507936509,0.0
ORD0092770,23.09748148148148,0.06711999518141276
ORD0092771,17.830071669071675,0.003142100570921406
ORD0092772,16.074928571428565,0.009066246122339361
ORD0092773,17.841263227513227,0.17526022055687063
ORD0092774,23.659404761904764,0.4686476956093123
ORD0092775,15.857166666666666,0.005822823325914719
ORD0092776,13.195099206349214,0.0184044061132188
ORD0092777,22.7790806878307,0.4129467633402878
ORD0092778,21.24169456469457,0.9021376114096423
ORD0092779,23.043162698412704,0.8805129597727248
ORD0092780,15.169785714285718,0.002680722754993312
ORD0092781,11.39953042328042,0.0481416311823453
ORD0092782,13.780505291005296,0.24048984274925497
ORD0092783,17.774029100529102,0.004483626821980555
ORD0092784,15.317472222222214,0.23944404769959712
ORD0092785,16.654812169312162,0.04426826692573591
ORD0092786,28.192625661375665,0.003083140817380149
ORD0092787,24.271470177970183,0.0
ORD0092788,18.525805555555564,0.36447362516598575
ORD0092789,16.357952380952376,0.20759129032847984
ORD0092790,18.21984523809524,0.00845575687858991
ORD0092791,19.025813492063488,0.0
ORD0092792,19.003378306878307,0.05912963703422971
ORD0092793,16.546583333333338,0.02166903550646815
ORD0092794,23.273591269841262,0.0912540600086466
ORD0092795,16.79515211640211,0.025508513127616525
ORD0092796,21.85269841269841,0.626197527862897
ORD0092797,16.388812169312168,0.25285659546585837
ORD0092798,21.286115079365086,0.05986102653333822
ORD0092799,15.555195767195768,0.01713292455677901
ORD0092800,14.675984126984122,0.5423910418120989
ORD0092801,12.633006613756612,0.3604200515299407
ORD0092802,11.95184126984127,0.19166279016892654
ORD0092803,13.195291005290999,0.044048772419275364
ORD0092804,16.146408730158733,0.07004313098716199
ORD0092805,17.263475589225592,0.06042789644557318
ORD0092806,13.042570105820099,0.008393832300121518
ORD0092807,22.99201984126984,0.005213432692688949
ORD0092808,11.57973015873016,0.01013596885867254
ORD0092809,18.327154761904758,0.5444559852173395
ORD0092810,8.475103174603177,0.018191946149766547
ORD0092811,9.920630952380952,0.2832651203747084
ORD0092812,13.806674242424242,0.016057583574307633
ORD0092813,12.832493386243387,0.4884136547799191
ORD0092814,13.484105820105816,0.1263833925242211
ORD0092815,11.421515873015876,0.0
ORD0092816,10.72187698412698,0.0
ORD0092817,11.867695767195771,0.0
ORD0092818,11.412682178932176,0.0
ORD0092819,10.603436507936504,0.0
ORD0092820,12.989026455026456,0.0
ORD0092821,10.513099206349208,0.0
ORD0092822,10.747375661375667,0.0
ORD0092823,9.117537037037037,0.029774426032628695
ORD0092824,10.530277777777775,0.0016888043372695538
ORD0092825,9.27803174603174,0.09839991610027496
ORD0092826,10.02056746031746,0.0032810488191236196
ORD0092827,11.06027513227514,0.03587102608846352
ORD0092828,10.161912698412694,0.029992248068428318
ORD0092829,8.090825396825394,0.0
ORD0092830,15.397519841269848,0.0
ORD0092831,16.599862433862437,0.0029716192816986713
ORD0092832,22.073471380471375,0.0
ORD0092833,16.248044973544967,0.0022418134109902775
ORD0092834,14.934690476190477,0.0022418134109902775
ORD0092835,13.96727248677249,0.0022418134109902775
ORD0092836,27.50250193325194,0.0
ORD0092837,58.009746031746026,0.002680722754993312
ORD0092838,59.506738095238084,0.012548263558885551
ORD0092839,35.568186507936495,0.05195018616142809
ORD0092840,54.55439417989417,0.0
ORD0092841,42.68058333333332,0.0
ORD0092842,22.253329365079374,0.007339726786787139
ORD0092843,22.65390079365079,0.010621185558145164
ORD0092844,18.9767619047619,0.023614612887704382
ORD0092845,20.276206349206337,0.0
ORD0092846,17.286851851851836,0.2525038825260413
ORD0092847,19.768722222222216,0.0
ORD0092848,18.929698412698418,0.7102300816097317
ORD0092849,19.310592833092837,0.09605161780871321
ORD0092850,16.90298544973545,0.006150190671868013
ORD0092851,20.655547619047628,0.13412110996867385
ORD0092852,9.942124338624337,0.07454108903534971
ORD0092853,13.955313492063494,0.5845406890535482
ORD0092854,11.824355820105826,0.013016578992938836
ORD0092855,25.26404100529101,0.7393411123280077
ORD0092856,15.16211772486771,0.11617296270382738
ORD0092857,17.719369047619043,0.0482794169065607
ORD0092858,12.24966931216931,0.010867850588754405
ORD0092859,11.705235449735454,0.22500620131749305
ORD0092860,13.47529581529582,0.07469025361990969
ORD0092861,14.587494708994706,0.22650098938969526
ORD0092862,15.03171957671958,0.7522165398453051
ORD0092863,20.890511904761908,0.03302232900788411
ORD0092864,13.53211111111111,0.041811792385871474
ORD0092865,11.53869841269841,0.1799039560387545
ORD0092866,16.927404761904764,0.0
ORD0092867,18.79871693121693,0.0
ORD0092868,20.847854858104853,0.03473217089317598
ORD0092869,32.98169047619047,0.0863654943573462
ORD0092870,32.30709523809524,0.039256134172622345
ORD0092871,17.70056878306878,0.1550378808261004
ORD0092872,16.106500000000004,0.10075316346155322
ORD0092873,10.94996560846561,0.18578166388254427
ORD0092874,12.183821428571424,0.0022418134109902775
ORD0092875,14.342257094757109,0.915995402543693
ORD0092876,8.969400793650792,0.0
ORD0092877,16.396392857142853,0.9272746598215652
ORD0092878,14.580489417989419,0.0
ORD0092879,14.590337301587303,0.021421999196970663
ORD0092880,13.215623015873012,0.02839485703693257
ORD0092881,22.0076974969475,0.20655191457141855
ORD0092882,14.210722222222223,0.011492158284974241
ORD0092883,26.08238095238096,0.5869124599037722
ORD0092884,33.59026058201059,0.891406056763971
ORD0092885,19.452571428571442,0.42986170497512594
ORD0092886,20.83556349206348,0.022415908086378777
ORD0092887,16.554011904761914,0.0049225361659835905
ORD0092888,12.650611111111118,0.002680722754993312
ORD0092889,12.190297258297269,0.024605781825589094
ORD0092890,13.859095238095232,0.009106637084588346
ORD0092891,17.682791005291005,0.13510342169966522
ORD0092892,24.444112433862436,0.9879806297306079
ORD0092893,25.297440476190477,0.04074768187684391
ORD0092894,15.219429894179891,0.007603258920976901
ORD0092895,16.75099999999999,0.2584499341503189
ORD0092896,52.17544047619046,0.0022418134109902775
ORD0092897,42.68085978835977,0.0
ORD0092898,12.404112433862435,0.023387572035130817
ORD0092899,12.852837301587298,0.009156156659248052
ORD0092900,14.492815416065413,0.01463936293828992
ORD0092901,23.869313492063487,0.0
ORD0092902,20.831718253968248,0.1347084142610357
ORD0092903,15.44106746031745,0.006611340503253143
ORD0092904,14.280711640211639,0.2806378553812235
ORD0092905,16.902579365079365,0.10433392929231018
ORD0092906,27.970621693121696,0.7773545247433404
ORD0092907,27.669734126984125,0.41106438603332557
ORD0092908,20.55816666666666,0.057084011129545684
ORD0092909,38.55067857142858,0.004898025996523877
ORD0092910,29.67992724867725,0.0
ORD0092911,14.51610064935065,0.9746268560004809
ORD0092912,19.676238095238087,0.007690270287198667
ORD0092913,15.82051851851852,0.0
ORD0092914,28.9671455026455,0.03550632385300411
ORD0092915,16.35456746031745,0.0
ORD0092916,24.082253968253966,0.3239122584547656
ORD0092917,18.59804365079365,0.003217196936852389
ORD0092918,17.235400793650786,0.0
ORD0092919,19.370555555555566,0.4106113768304756
ORD0092920,11.27046031746031,0.004607129469818518
ORD0092921,20.62706481481481,0.971890317970846
ORD0092922,15.062124338624342,0.00818505197438762
ORD0092923,12.803837301587297,0.010952786095602697
ORD0092924,13.309280423280422,0.2752712577156472
ORD0092925,19.873022486772488,0.36471169556384564
ORD0092926,27.577136243386242,0.0015340016648138597
ORD0092927,23.413949430199423,0.8096626070108325
ORD0092928,16.679752645502642,0.03040966490267926
ORD0092929,20.255078282828283,0.013897773140890574
ORD0092930,25.7153134920635,0.00772992640592393
ORD0092931,18.088997354497355,0.07372519857790567
ORD0092932,62.13132154882158,0.0957626819711997
ORD0092933,83.18257671957667,0.010044959711240165
ORD0092934,21.185845238095215,0.002680722754993312
ORD0092935,16.5817619047619,0.12734771693561722
ORD0092936,16.76390211640212,0.0033333333333333335
ORD0092937,23.98591402116401,0.0029716192816986713
ORD0092938,16.432182539682533,0.08331406553406144
ORD0092939,13.263198412698413,0.0
ORD0092940,52.08076322751323,0.12709211330385634
ORD0092941,12.474474867724867,0.021210288434318037
ORD0092942,15.358115079365083,0.1501493582748342
ORD0092943,28.360507936507936,0.015445553540433341
ORD0092944,23.11778042328042,0.0705926836839834
ORD0092945,15.719059523809529,0.10942213330551205
ORD0092946,14.776202380952384,0.04297580990074482
ORD0092947,22.333834656084665,0.15008931214511637
ORD0092948,11.420490620490627,0.011227488781015593
ORD0092949,29.74453439153437,0.0
ORD0092950,51.36657142857142,0.0058801382445836685
ORD0092951,10.114780423280427,0.028154682350284285
ORD0092952,13.212507936507933,0.2617186324622616
ORD0092953,13.122178571428568,0.043819147662074856
ORD0092954,13.879794973544968,0.5892014860135176
ORD0092955,10.436166666666669,0.0
ORD0092956,11.212048941798944,0.002680722754993312
ORD0092957,14.087517195767196,0.0
ORD0092958,10.280190476190473,0.0
ORD0092959,12.348502645502641,0.0
ORD0092960,8.699539682539681,0.0022418134109902775
ORD0092961,9.715904761904765,0.0
ORD0092962,8.799494708994711,0.0
ORD0092963,10.840190476190479,0.0
ORD0092964,9.460047619047614,0.0026807227549933118
ORD0092965,9.858835978835986,0.002680722754993312
ORD0092966,9.142825396825396,0.0
ORD0092967,9.743547619047625,0.0
ORD0092968,16.589075396825397,0.0016888043372695538
ORD0092969,20.795869047619057,0.3401864376060068
ORD0092970,22.29303571428571,0.002680722754993312
ORD0092971,25.000140211640215,0.18898569254388678
ORD0092972,10.861325396825396,0.0
ORD0092973,14.486144179894179,0.8804104456587127
ORD0092974,13.789894179894187,0.015182007672494094
ORD0092975,17.967723544973545,0.009820562162507466
ORD0092976,15.532731481481463,0.380579137225216
ORD0092977,17.67011111111111,0.07998467559168246
ORD0092978,19.94356048581049,0.20555748468074844
ORD0092979,20.344685185185178,0.8183359426608966
ORD0092980,18.658293650793656,0.0
ORD0092981,30.81713492063493,0.7748259708693319
ORD0092982,16.673023809523805,0.018052567790267312
ORD0092983,19.96072619047619,0.04061270595557974
ORD0092984,26.73859523809525,0.5501850422413678
ORD0092985,14.139650793650796,0.6231497560355266
ORD0092986,16.414103174603166,0.03518403548821034
ORD0092987,14.909420995671004,0.8058295563279008
ORD0092988,25.310906084656082,0.979438797672725
ORD0092989,23.702993386243385,0.934769226536953
ORD0092990,15.53551058201058,0.11385205934508512
ORD0092991,10.126810846560847,0.08899241241519183
ORD0092992,13.419867724867727,0.15641094208403264
ORD0092993,11.219334656084659,0.4689937468469003
ORD0092994,24.96291005291005,0.256725545212923
ORD0092995,14.512222222222222,0.041562994860375846
ORD0092996,16.02575276575276,0.2231366989569796
ORD0092997,21.568821428571425,0.016025486822163162
ORD0092998,18.283437469937468,0.004683514201253541
ORD0092999,30.172962962962956,0.09067467258155194
ORD0093000,34.159357142857125,0.03503425503780981
ORD0093001,31.51795815295815,0.3858157803641201
ORD0093002,22.884300264550276,0.06657992438220069
ORD0093003,21.129037037037026,0.8998406875638547
ORD0093004,22.17648544973545,0.2766888507233806
ORD0093005,9.80511904761905,0.002680722754993312
ORD0093006,10.114646825396825,0.005361445509986624
ORD0093007,9.727277777777775,0.0
ORD0093008,12.808992063492068,0.0
ORD0093009,12.241174603174597,0.0
ORD0093010,14.028773809523805,0.17418137797988392
ORD0093011,12.13748809523809,0.0
ORD0093012,16.68972354497354,0.0
ORD0093013,15.803761904761913,0.0
ORD0093014,24.86153318903318,0.0043695270922628655
ORD0093015,17.417388888888887,0.03235839700954552
ORD0093016,26.982566137566145,0.011102179328881058
ORD0093017,19.489055555555552,0.2793387821337961
ORD0093018,18.00537566137566,0.0022418134109902775
ORD0093019,12.171289682539683,0.037625388232545146
ORD0093021,16.291099206349198,0.03278182136244659
ORD0093023,19.548031746031747,0.01536865780409643
ORD0093024,21.70821560846561,0.726279001941164
ORD0093025,10.908615079365084,0.02673355776653582
ORD0093026,17.96377248677248,0.0
ORD0093027,22.654343795093794,0.0
ORD0093028,19.82497619047619,0.9535345419943182
ORD0093030,18.35577777777778,0.02960551328394106
ORD0093031,13.210964285714285,0.0
ORD0093032,11.82903174603174,0.001503378163611444
ORD0093033,13.632379629629629,0.002680722754993312
ORD0093034,13.931281746031761,0.0
ORD0093035,15.460667989417987,0.12016295017100165
ORD0093036,18.42105555555556,0.050501256362843236
ORD0093037,19.079879629629627,0.0019264067148252052
ORD0093038,12.655744708994714,0.09080874758717819
ORD0093039,17.79499867724867,0.49949273009680184
ORD0093040,24.925359788359785,0.8814140408770338
ORD0093041,22.15089285714285,0.0948786384248441
ORD0093042,32.782624338624345,0.016326375782526874
ORD0093043,33.681854497354514,0.0022418134109902775
ORD0093044,16.00056216931216,0.9875723845299884
ORD0093045,13.572384920634915,0.08424021651347259
ORD0093046,15.445009259259256,0.0
ORD0093047,15.527116402116398,0.0
ORD0093048,88.99245767195761,0.0
ORD0093049,44.78198677248679,0.0
ORD0093050,21.829603174603175,0.062041459715195216
ORD0093051,19.717805555555547,0.015200277274550667
ORD0093052,19.286195767195764,0.0
ORD0093053,13.852007936507935,0.002680722754993312
ORD0093054,22.472189153439157,0.15811136472475876
ORD0093055,12.538063492063493,0.005356191593261854
ORD0093056,18.754507936507927,0.8356026467718857
ORD0093057,11.030763227513228,0.03321970526650976
ORD0093058,18.81890476190476,0.9535729806083518
ORD0093059,14.95152910052911,0.08525478840806146
ORD0093060,11.383850529100533,0.008042168264979936
ORD0093061,11.203533068783068,0.002680722754993312
ORD0093062,12.832587301587301,0.23931149284333478
ORD0093063,14.991543650793655,0.38086536639826735
ORD0093064,22.7171865079365,0.014347120880011941
ORD0093065,19.146994708994715,0.205335193686084
ORD0093066,18.58435052910053,0.774749011830326
ORD0093067,22.793763227513242,0.0026807227549933118
ORD0093068,24.784848484848485,0.12136721713463416
ORD0093069,18.28989814814815,0.3859522874055694
ORD0093070,27.638670634920643,0.26596938194124387
ORD0093071,21.209231481481467,0.04071265364321731
ORD0093072,18.879452380952383,0.5571974894998296
ORD0093073,18.726078042328044,0.06240461770911375
ORD0093074,18.72255687830688,0.08816299457136807
ORD0093075,13.975599206349207,0.027467758772921964
ORD0093076,20.523103896103894,0.7826619143155115
ORD0093077,11.258591269841267,0.009292063258246455
ORD0093078,12.060653439153441,0.0936298063901834
ORD0093079,19.195485449735457,0.0033333333333333335
ORD0093080,20.724943121693116,0.028500718853166074
ORD0093081,12.553412698412698,0.08776243981529581
ORD0093082,13.636937830687827,0.03557405928270757
ORD0093083,18.882176406926416,0.4331064290698121
ORD0093084,10.859346560846559,0.01790903778295699
ORD0093085,12.44795767195767,0.5209686749959546
ORD0093086,30.164425925925933,0.0
ORD0093087,9.8038253968254,0.021842313086735256
ORD0093088,13.551730158730157,0.05919723884154535
ORD0093089,16.101047498797485,0.07105433647165423
ORD0093090,11.879111111111117,0.17692167049145988
ORD0093091,11.794392857142855,0.3357448532613207
ORD0093092,11.200824074074076,0.002680722754993312
ORD0093093,11.39589417989418,0.016286159530540554
ORD0093094,11.983801587301592,0.0
ORD0093095,11.211464285714282,0.0
ORD0093096,13.462665343915344,0.012753610794055213
ORD0093097,9.050448412698412,0.023183429196647603
ORD0093098,8.876442881192878,0.0
ORD0093099,6.777285714285714,0.0
ORD0093100,12.802152236652233,0.07631452526130304
ORD0093101,8.7994246031746,0.45622889900513514
ORD0093102,9.601646825396823,0.16736851279041554
ORD0093103,14.529916666666658,0.8754922302935734
ORD0093104,9.790420634920634,0.0
ORD0093105,11.874396825396826,0.007603258920976901
ORD0093106,16.145177248677246,0.04403695298072645
ORD0093107,25.282373015872995,0.03154441638581274
ORD0093108,12.032493386243384,0.10983587965342007
ORD0093109,14.00226851851852,0.002680722754993312
ORD0093110,16.604246031746026,0.5399181011835367
ORD0093111,11.869912698412707,0.002680722754993312
ORD0093112,16.896547619047613,0.0043695270922628655
ORD0093113,23.01598544973544,0.005652342036691983
ORD0093114,15.865994708994712,0.028904403603571396
ORD0093115,21.597201058201044,0.01845299082192139
ORD0093116,23.383022486772475,0.08396931170124375
ORD0093117,18.4432088929589,0.06857243261572318
ORD0093118,15.113468253968248,0.0
ORD0093119,10.924349206349207,0.0
ORD0093120,23.021800264550258,0.23038844399826328
ORD0093121,19.687075396825414,0.16711853057831072
ORD0093122,15.478395502645508,0.002680722754993312
ORD0093123,20.923630952380957,0.0022418134109902775
ORD0093124,37.83019841269842,0.0
ORD0093125,12.465678571428572,0.1723448649472385
ORD0093126,12.373047619047618,0.3325850850698419
ORD0093127,11.011480158730162,0.11005724218653803
ORD0093128,8.732563492063495,0.11635046893776933
ORD0093129,19.495679894179897,0.4439280728901797
ORD0093130,12.493748677248686,0.43260093240791975
ORD0093131,25.599891534391524,0.8556483500205995
ORD0093132,18.683490740740737,0.09722434455077389
ORD0093133,21.219732804232788,0.20117029063749436
ORD0093134,23.67845105820106,0.005902025725786648
ORD0093135,15.4945462962963,0.19245766941311357
ORD0093136,9.570376984126987,0.17569791965203618
ORD0093137,10.65188888888889,0.3443735908156518
ORD0093138,26.45864285714285,0.22210892377505445
ORD0093139,16.742203703703698,0.051884966560797004
ORD0093140,22.209036435786434,0.2595128912701396
ORD0093141,16.473246031746022,0.004898025996523877
ORD0093142,21.09869708994709,0.17008789110772643
ORD0093143,15.266530423280434,0.0
ORD0093144,40.210146825396826,0.5066199555471869
ORD0093145,27.314562169312183,0.0022418134109902775
ORD0093146,19.120771164021143,0.8861576852385947
ORD0093147,8.667153439153438,0.0
ORD0093148,13.191513227513227,0.006848942880808797
ORD0093149,12.426272486772483,0.0
ORD0093150,15.78459391534392,0.029380876323924027
ORD0093151,22.452719576719574,0.03901783358943873
ORD0093152,18.970980158730146,0.09706557510227368
ORD0093153,26.459583333333345,0.03375055590899059
ORD0093154,22.200044973544983,0.47763793015769046
ORD0093155,20.60819444444445,0.458057707413415
ORD0093156,14.968357142857146,0.011227488781015593
ORD0093157,13.243250000000007,0.0
ORD0093158,10.801154761904769,0.013566387762263092
ORD0093159,14.049011904761898,0.0
ORD0093160,14.553284391534387,0.0
ORD0093161,22.134156084656095,0.7938801262775939
ORD0093162,13.947919312169311,0.1258468236388295
ORD0093163,15.269100529100523,0.050641583115307635
ORD0093164,13.333597883597886,0.08647826125237053
ORD0093165,18.915642857142856,0.0
ORD0093166,15.062179894179893,0.16205447535763162
ORD0093167,17.567042328042326,0.8929549415527981
ORD0093168,15.921974867724863,0.6493212209884048
ORD0093169,16.342206228956233,0.0020721767459303537
ORD0093170,14.93656349206349,0.6679795815317182
ORD0093171,17.984654761904768,0.0
ORD0093172,15.929710317460309,0.006014056088326646
ORD0093173,17.499402116402116,0.002680722754993312
ORD0093174,13.009297619047612,0.0
ORD0093175,14.120166546416549,0.021259173983823834
ORD0093176,19.295115079365075,0.020256333561924814
ORD0093177,15.992503367003359,0.11410236362569483
ORD0093178,17.03880687830688,0.243000782534835
ORD0093179,16.036333333333324,0.21913054240878382
ORD0093180,24.18847883597884,0.0
ORD0093181,10.943518518518518,0.5881538604198255
ORD0093182,14.736603174603182,0.8016960847099002
ORD0093183,16.93885052910053,0.13126599666246108
ORD0093184,25.681690476190486,0.12335455047982553
ORD0093185,15.204976190476192,0.0022418134109902775
ORD0093186,14.364824074074077,0.0
ORD0093187,15.58629365079365,0.24986982549683945
ORD0093188,20.577091029341034,0.0214457820399465
ORD0093189,12.10667063492064,0.0049225361659835905
ORD0093190,12.761218253968252,0.0
ORD0093191,18.129539682539676,0.804158800786311
ORD0093192,11.195314814814816,0.14723489549844232
ORD0093193,17.087150793650782,0.9848062346805837
ORD0093194,20.5659365079365,0.5891722391877611
ORD0093195,11.297501322751327,0.03783590339767227
ORD0093196,28.04696164021165,0.005943238563397343
ORD0093197,23.824841269841265,0.0
ORD0093198,12.687436507936507,0.2566981231021939
ORD0093199,12.955812890812892,0.13479542948347947
ORD0093200,17.012723544973557,0.5479049212014934
ORD0093201,11.245267195767195,0.18740275058793227
ORD0093202,27.77646957671958,0.007603258920976901
ORD0093203,15.074746031746036,0.6237306287487056
ORD0093204,21.22659211159212,0.4939585223306444
ORD0093205,18.068849206349206,0.0768911706158639
ORD0093206,19.894646825396823,0.03798800155463795
ORD0093207,17.615427729677734,0.08285598397268198
ORD0093208,20.06575396825397,0.01397447142904148
ORD0093209,17.147387566137564,0.2640538405985128
ORD0093210,15.37407804232804,0.034568922332141386
ORD0093211,20.58795767195767,0.002680722754993312
ORD0093212,11.170289682539682,0.17758668054832327
ORD0093213,10.713159571909571,0.08153849562696161
ORD0093214,13.668193121693111,0.4767540923136169
ORD0093215,17.94730952380953,0.37087906240045
ORD0093216,22.69147222222222,0.05047238073950335
ORD0093217,16.103212962962953,0.40219255023959644
ORD0093218,18.93961002886003,0.1392168243394966
ORD0093219,7.65824603174603,0.3182642843546638
ORD0093220,12.956876984126982,0.3558027035548914
ORD0093221,10.585259259259256,0.5750033703547099
ORD0093222,13.625737253487255,0.004015878139103291
ORD0093223,9.382207671957671,0.06206884572138119
ORD0093224,12.055792328042319,0.029520522900295224
ORD0093225,11.847761904761912,0.06480607867914348
ORD0093226,10.588406084656082,0.1419262753196199
ORD0093227,8.427099206349205,0.2343798499502233
ORD0093228,11.685076719576719,0.0
ORD0093229,12.482611111111117,0.30506452578770876
ORD0093230,10.714357142857141,0.0
ORD0093231,9.621746031746026,0.0
ORD0093232,10.380170634920631,0.0
ORD0093233,9.930989417989416,0.002680722754993312
ORD0093234,8.09727513227513,0.0
ORD0093235,9.57718650793651,0.0
ORD0093236,11.2650291005291,0.002680722754993312
ORD0093237,9.261630952380948,0.0
ORD0093238,7.57544841269841,0.0
ORD0093239,12.055478835978828,0.0
ORD0093240,12.165394059644061,0.0
ORD0093241,27.831809523809515,0.0
ORD0093242,18.962353174603166,0.0022418134109902775
ORD0093243,10.60354497354498,0.002680722754993312
ORD0093244,9.874935185185189,0.044344158722290035
ORD0093245,11.481957671957673,0.0
ORD0093246,10.809448412698412,0.040224481464033346
ORD0093247,18.24752513227513,0.003083140817380149
ORD0093248,17.24594841269841,0.013704326375525315
ORD0093249,24.11911640211639,0.030371547383946085
ORD0093250,20.263589947089947,0.14168762057336234
ORD0093251,21.378680375180373,0.055127489957357126
ORD0093252,16.437765873015874,0.0
ORD0093253,10.735425925925924,0.0
ORD0093254,21.352345238095243,0.5206984693497869
ORD0093255,15.150534391534388,0.0019264067148252058
ORD0093256,12.35281481481481,0.009529665635802107
ORD0093257,53.297444444444444,0.0
ORD0093258,17.666214285714286,0.24632095523779626
ORD0093259,14.730787037037032,0.09683645711607576
ORD0093260,8.722958791208793,0.2674777960338118
ORD0093261,12.566480158730165,0.43360058770987386
ORD0093262,17.277789682539677,0.861274256791985
ORD0093263,11.908762385762392,0.17397088085832926
ORD0093264,14.163698412698402,0.23355903311239365
ORD0093265,11.586554232804234,0.351742434915084
ORD0093266,9.799120370370373,0.2102917127300483
ORD0093267,10.08626984126984,0.5785832774311823
ORD0093268,11.191665343915355,0.30758237088849305
ORD0093269,15.075906084656093,0.5467067313577914
ORD0093270,18.454136243386237,0.6749317989065675
ORD0093271,10.637230158730153,0.6733027005618301
ORD0093272,50.54433333333334,0.31419656378914534
ORD0093273,20.007619408369408,0.0
ORD0093274,15.62621681096681,0.0
ORD0093275,25.20107275132276,0.0049225361659835905
ORD0093276,36.10978968253969,0.051048109004649636
ORD0093277,33.344128306878304,0.004898025996523877
ORD0093278,18.360497354497355,0.10050560166794507
ORD0093279,23.87512301587302,0.06986491299818579
ORD0093280,8.078988095238095,0.0
ORD0093281,9.867003968253968,0.6847769178058947
ORD0093282,8.408818783068783,0.005575146744323611
ORD0093283,10.088817460317461,0.7487958286073522
ORD0093284,12.042673280423282,0.0
ORD0093285,11.596071428571424,0.007603258920976901
ORD0093286,13.027908730158725,0.0019264067148252052
ORD0093287,20.27619047619048,0.012792181444206137
ORD0093288,13.775230038480034,0.0
ORD0093289,19.9121234968735,0.022926583829673223
ORD0093290,21.50345767195767,0.0
ORD0093291,8.655678330928332,0.0
ORD0093292,9.971788359788366,0.12934032698674763
ORD0093293,13.688612433862437,0.0
ORD0093294,18.683510582010584,0.0
ORD0093295,14.063248677248675,0.0016888043372695538
ORD0093296,14.16389165464165,0.21327434837960976
ORD0093297,8.169357142857143,0.0
ORD0093298,13.071246031746032,0.39444574390077064
ORD0093299,9.588559523809526,0.029638730205559013
ORD0093300,14.053153439153435,0.0028516464692782007
ORD0093301,12.664158730158729,0.27172048848178304
ORD0093302,42.01225,0.0
ORD0093303,13.037788359788356,0.002680722754993312
ORD0093304,9.682960317460315,0.005652342036691983
ORD0093305,10.77830303030303,0.004607129469818518
ORD0093306,9.53889285714286,0.0
ORD0093307,15.42353811928812,0.0
ORD0093308,11.082396825396827,0.0022418134109902775
ORD0093309,12.406335978835981,0.014597971832890846
ORD0093310,9.758001322751326,0.005897875647137432
ORD0093311,13.449602573352571,0.07812551518277995
ORD0093312,12.106718253968248,0.0241971150711806
ORD0093313,17.221862433862423,0.12764929039016457
ORD0093314,15.470402477152478,0.05854056338684517
ORD0093315,21.264068783068783,0.6021250442881138
ORD0093316,17.63791269841269,0.44759835422544036
ORD0093317,36.857458994709006,0.003083140817380149
ORD0093318,18.137186507936516,0.0
ORD0093319,10.466611111111108,0.8849381320770404
ORD0093320,13.474896825396828,0.0
ORD0093321,16.393223544973548,0.0
ORD0093322,26.61169841269843,0.03140838468067155
ORD0093323,15.841099206349208,0.07936327668981132
ORD0093324,11.136442159692153,0.0
ORD0093325,11.799440476190476,0.0022418134109902775
ORD0093326,20.09664153439153,0.04305252843906418
ORD0093327,23.354611111111108,0.16066947073857657
ORD0093328,17.00762037037037,0.0029716192816986713
ORD0093329,11.906091269841268,0.002680722754993312
ORD0093330,14.876409211159219,0.3440621290034967
ORD0093331,11.859956349206346,0.43762565599680814
ORD0093332,14.132497354497351,0.5414498673787409
ORD0093333,13.743407407407407,0.7209328608704152
ORD0093334,12.047095238095235,0.009276571896730675
ORD0093335,14.240531746031738,0.03510590983192941
ORD0093336,12.1183253968254,0.012035024914731633
ORD0093337,10.482923280423282,0.33271219894252124
ORD0093338,13.757175925925928,0.061825060855316055
ORD0093339,12.573714285714294,0.4495704482517526
ORD0093340,31.099579365079382,0.0
ORD0093341,17.50394841269841,0.15690418850047738
ORD0093342,13.56728571428571,0.08238863561564652
ORD0093343,18.621281746031755,0.0
ORD0093344,14.000634920634923,0.007351510713478091
ORD0093345,13.472990740740741,0.10245047873934028
ORD0093346,15.51612133237133,0.07709778432948715
ORD0093347,16.869448412698407,0.002867883891497536
ORD0093348,18.22037987012987,0.15340752055414722
ORD0093349,15.625977513227527,0.027250823859899558
ORD0093350,11.649101851851857,0.018427730517554038
ORD0093351,7.139166666666665,0.03504397378812282
ORD0093352,11.884773809523818,0.33848833482343554
ORD0093353,11.947603174603174,0.07538362345200103
ORD0093354,18.209396825396823,0.0
ORD0093355,12.449412698412694,0.20643357726142134
ORD0093356,14.785349206349213,0.08324572511139834
ORD0093357,12.357902116402117,0.49863246855848814
ORD0093358,14.842251322751316,0.02952184470740822
ORD0093359,10.479734126984129,0.11678877227449765
ORD0093360,14.018190476190481,0.004898025996523877
ORD0093361,14.16855687830688,0.3171694576846246
ORD0093362,11.451702380952383,0.4518188658107896
ORD0093363,11.156706349206347,0.6234086719844989
ORD0093364,9.215321428571428,0.14628541283819643
ORD0093365,6.649367965367962,0.033183449326268336
ORD0093366,9.812613035113037,0.17983623410592822
ORD0093367,10.470157407407406,0.33453720000067166
ORD0093368,9.605869047619047,0.5679928618481069
ORD0093369,8.128857142857147,0.42964414948497404
ORD0093370,10.353416666666666,0.0
ORD0093371,9.511119047619047,0.0016888043372695538
ORD0093372,8.528825396825395,0.005361445509986624
ORD0093373,11.922334656084656,0.0016888043372695538
ORD0093374,6.410328042328045,0.0
ORD0093375,7.197972222222221,0.0
ORD0093376,8.352279100529106,0.004607129469818518
ORD0093377,6.815023809523808,0.0
ORD0093378,7.875111111111114,0.27833648872388916
ORD0093379,7.966519841269842,0.0
ORD0093380,7.168564814814817,0.19151855015251776
ORD0093381,7.383824074074076,0.0
ORD0093382,6.8761269841269845,0.0
ORD0093383,12.790107142857142,0.0
ORD0093384,14.757500000000004,0.0019264067148252052
ORD0093385,20.711001322751315,0.007877939223221607
ORD0093386,17.921222222222216,0.0
ORD0093387,9.333920634920638,0.009932083698188944
ORD0093388,8.586515873015875,0.0022418134109902775
ORD0093389,7.697031746031747,0.022375266335300743
ORD0093390,12.341421957671958,0.005652342036691983
ORD0093391,21.087293650793654,0.12303567172514603
ORD0093392,16.52990428090428,0.0
ORD0093393,14.536345238095233,0.061495335215399426
ORD0093394,16.646728835978834,0.0
ORD0093395,17.09049603174603,0.0
ORD0093396,13.423384920634916,0.002680722754993312
ORD0093397,18.430205266955273,0.3989647519982804
ORD0093398,19.43412301587302,0.05489339000518257
ORD0093399,10.44727380952381,0.0029716192816986713
ORD0093400,11.69393915343916,0.1182756863733989
ORD0093401,14.534669312169322,0.2281112852268964
ORD0093402,8.934801587301582,0.06514407496026624
ORD0093403,6.681738095238095,0.19988314693821588
ORD0093404,9.021493386243385,0.181566586001235
ORD0093405,8.572695767195766,0.4704131860105565
ORD0093406,16.139886483886478,0.48119180507481785
ORD0093407,13.213761904761904,0.46753930294879836
ORD0093408,10.664859788359788,0.04314679731489099
ORD0093409,10.294417989417992,0.03959244456735585
ORD0093410,9.12180555555556,0.10845321612216985
ORD0093411,9.230809523809521,0.2643761925822421
ORD0093412,17.958395502645505,0.028448213809696834
ORD0093413,12.739359788359794,0.37718151177182485
ORD0093414,10.89759523809525,0.08522976889157953
ORD0093415,10.635476190476188,0.6573989645283481
ORD0093416,16.106563492063497,0.0
ORD0093417,10.738380952380956,0.0
ORD0093418,15.021609788359786,0.0038528134296504104
ORD0093419,26.65613492063492,0.005763863572373461
ORD0093420,12.351539923039919,0.12494354698404209
ORD0093421,11.208588624338622,0.0
ORD0093422,8.141408730158732,0.005122423545256575
ORD0093423,9.646649470899469,0.0
ORD0093424,15.942959475709477,0.0
ORD0093425,13.745744708994707,0.0029716192816986713
ORD0093426,13.909507936507932,0.014245415418183856
ORD0093427,11.87171825396826,0.006054760099078821
ORD0093428,19.64787698412698,0.005361445509986624
ORD0093429,14.953623015873017,0.0
ORD0093430,19.24981746031746,0.005548606646490848
ORD0093431,25.376216931216938,0.2572268199199164
ORD0093432,19.60300132275132,0.021075283233045448
ORD0093433,14.995320105820099,0.0
ORD0093434,9.596519841269842,0.0022418134109902775
ORD0093435,14.111576719576714,0.0
ORD0093436,15.048345238095235,0.035032905130244374
ORD0093437,11.775261904761907,0.018626862541508905
ORD0093438,18.692509259259264,0.251378470783895
ORD0093439,17.262826719576726,0.35907631083831965
ORD0093440,23.523275132275113,0.004483626821980555
ORD0093441,17.747392857142852,0.0
ORD0093442,14.123912698412703,0.1662969016190087
ORD0093443,15.71400793650793,0.20820144208976538
ORD0093444,14.351058201058194,0.002680722754993312
ORD0093445,16.9518029100529,0.0
ORD0093446,12.38572619047619,0.013178405665300512
ORD0093447,14.304940476190483,0.0
ORD0093448,19.94208333333334,0.01221038839079542
ORD0093449,13.921615079365077,0.0
ORD0093450,12.48385185185185,0.13088755115450476
ORD0093451,13.272060846560851,0.004271428526084181
ORD0093452,17.35037698412699,0.09366641346664782
ORD0093453,13.52195238095238,0.0029716192816986713
ORD0093454,29.3225978835979,0.0022418134109902775
ORD0093455,32.10996693121693,0.002680722754993312
ORD0093456,11.773595238095236,0.1525135183048664
ORD0093457,13.634672679172684,0.0
ORD0093458,18.4421626984127,0.0019264067148252058
ORD0093459,98.03971248196248,0.05921850219050463
ORD0093460,122.77348677248675,0.0
ORD0093461,22.101031746031747,0.0
ORD0093462,28.26884523809524,0.02050796316626217
ORD0093463,20.551380952380956,0.14040506730393956
ORD0093464,15.425455026455023,0.0049225361659835905
ORD0093465,13.789928571428572,0.00818505197438762
ORD0093466,23.770980158730158,0.037371423171962466
ORD0093467,22.927003968253967,0.22929162284357513
ORD0093468,11.791031746031742,0.0
ORD0093469,19.56101984126985,0.2648074394068224
ORD0093470,13.258399470899475,0.6569265115279626
ORD0093471,11.51622222222223,0.0
ORD0093472,44.689988095238085,0.0028678838914975363
ORD0093473,12.572794973544976,0.21545555676006298
ORD0093474,16.63395634920635,0.05991053685476152
ORD0093475,14.929779100529103,0.15840073299889482
ORD0093476,14.123318783068783,0.062053321762641514
ORD0093477,44.36959920634924,0.007803146300249886
ORD0093478,22.434675925925934,0.0016888043372695538
ORD0093479,14.049866402116399,0.3901542036647945
ORD0093480,13.07056746031746,0.292011687120766
ORD0093481,21.75978306878307,0.04341524787170549
ORD0093482,34.387126984126986,0.006054760099078821
ORD0093483,14.062992063492063,0.06927226063090156
ORD0093484,11.227646825396823,0.04939690442054303
ORD0093485,18.658902116402118,0.02037633281479673
ORD0093486,14.352084656084665,0.030470605729178365
ORD0093487,14.824728835978837,0.02106557541496736
ORD0093488,10.769531746031749,0.18189066781690763
ORD0093489,11.043608225108223,0.18838988641918364
ORD0093490,14.053747354497345,0.3763008238995811
ORD0093491,16.332892857142866,0.06696644409120474
ORD0093492,15.044859788359794,0.008694778843319957
ORD0093493,28.163571428571437,0.45996684899115253
ORD0093494,13.530603174603177,0.14847894470290524
ORD0093495,14.267133718133715,0.5837790976569187
ORD0093496,9.161829365079365,0.07270195210663327
ORD0093497,9.959337301587306,0.07106094069459908
ORD0093498,9.817214285714286,0.24580044814315016
ORD0093499,11.409653439153441,0.3279882781972924
ORD0093500,10.81592592592593,0.706538397581062
ORD0093501,9.308976190476194,0.5347969343360812
ORD0093502,12.120612433862439,0.0
ORD0093503,9.648964285714284,0.0
ORD0093504,12.971305315055305,0.008042168264979936
ORD0093505,9.61309259259259,0.0
ORD0093506,10.513366402116409,0.0
ORD0093507,12.714604497354493,0.0
ORD0093508,11.650730158730152,0.006824432711349083
ORD0093509,11.667734126984119,0.0029716192816986713
ORD0093510,10.69063888888889,0.043687671777972524
ORD0093511,9.761072751322759,0.0
ORD0093512,10.551665343915339,0.3851688964830304
ORD0093513,9.190297619047621,0.028558259019532937
ORD0093514,10.485679894179894,0.0
ORD0093515,15.836126984126986,0.0022418134109902775
ORD0093516,20.937404521404513,0.9399620752236215
ORD0093517,21.682634920634932,0.0
ORD0093518,23.31477645502645,0.5931125828891961
ORD0093519,11.121142857142859,0.0
ORD0093520,11.000279100529099,0.012609905230064009
ORD0093521,14.190415343915344,0.9198573117734956
ORD0093522,33.97147222222223,0.0033333333333333335
ORD0093523,100.5481942039442,0.28303599287870396
ORD0093524,72.69085582010582,0.0
ORD0093525,13.742096560846564,0.008255869499316922
ORD0093526,18.81032142857143,0.0033333333333333335
ORD0093527,14.698753968253966,0.0022418134109902775
ORD0093528,15.503901274651286,0.04566150041242576
ORD0093529,15.960683862433855,0.0
ORD0093530,12.82018650793651,0.0
ORD0093531,15.988661616161616,0.30780299644487985
ORD0093532,13.72023544973545,0.004168220125815482
ORD0093533,16.4193835978836,0.002867883891497536
ORD0093534,15.316628306878302,0.0
ORD0093535,14.978694444444443,0.21137852595952872
ORD0093536,10.201539682539684,0.06306675933039307
ORD0093537,12.61093915343916,0.028360413337794602
ORD0093538,8.926722222222217,0.019801487096560266
ORD0093539,9.074019841269841,0.12511844926829957
ORD0093540,9.663915343915344,0.1751035313334263
ORD0093541,16.421136243386247,0.5667342349223381
ORD0093542,16.003662698412707,0.47565760661470224
ORD0093543,16.96873148148148,0.08507095856790005
ORD0093544,9.929977513227515,0.0934451997221867
ORD0093545,19.981078042328043,0.8010097131056303
ORD0093546,8.276853174603177,0.23335172872404983
ORD0093547,10.184529100529101,0.11679489771329785
ORD0093548,22.095566137566134,0.20818833717244598
ORD0093549,21.204001322751328,0.556083031984726
ORD0093550,14.167912698412698,0.11638281747076361
ORD0093551,10.786940476190479,0.3454142530964479
ORD0093552,21.274642857142855,0.0
ORD0093553,10.860473544973544,0.0
ORD0093554,14.60291005291005,0.022204785046078007
ORD0093555,18.895554232804233,0.008881939979824182
ORD0093556,64.92578835978836,0.17220809302439782
ORD0093557,16.273888888888894,0.36519576455732017
ORD0093558,18.923821428571436,0.0019264067148252052
ORD0093559,72.10847883597884,0.0
ORD0093560,10.764876984126984,0.0
ORD0093561,12.1761164021164,0.07352449388688313
ORD0093562,13.876824074074074,0.0022418134109902775
ORD0093563,12.246781746031749,0.4756302352739999
ORD0093564,16.614490259740265,0.0029716192816986713
ORD0093565,16.36232010582011,0.0726786008607506
ORD0093566,11.362345238095234,0.046273571861476404
ORD0093567,12.949157407407403,0.06849499011281936
ORD0093568,21.246322751322747,0.0
ORD0093569,15.592313492063482,0.010222980224894302
ORD0093570,22.160794973544967,0.04790840652333653
ORD0093571,20.95236111111112,0.19574710534603454
ORD0093572,27.868818783068782,0.018262104286537195
ORD0093573,19.074203703703702,0.0
ORD0093574,16.526419312169306,0.002441700790263263
ORD0093575,15.691214285714292,0.03727613812840905
ORD0093576,11.692009259259262,0.01173894852690328
ORD0093577,16.989126984126983,0.016752330388659007
ORD0093578,17.776788359788362,0.0
ORD0093579,20.125149470899476,0.06174723331770306
ORD0093580,20.59565079365078,0.3254296164129198
ORD0093581,19.208899470899457,0.5980162674676717
ORD0093582,15.2923373015873,0.0
ORD0093583,12.026445767195773,0.004127741569707541
ORD0093584,27.647284391534388,0.9214339234931895
ORD0093585,27.97689285714287,0.8996466208246167
ORD0093586,95.40318386243389,0.003142100570921406
ORD0093587,133.70588888888886,0.29839097609496557
ORD0093588,49.34069047619045,0.002680722754993312
ORD0093589,59.40093650793653,0.005943238563397343
ORD0093590,39.53971428571427,0.0
ORD0093591,50.45015079365079,0.0
ORD0093592,17.806877899877893,0.0
ORD0093593,12.404314814814816,0.0
ORD0093594,15.438933862433865,0.0
ORD0093595,15.889515873015883,0.00849829216418326
ORD0093596,16.413999999999994,0.009391664762865754
ORD0093597,18.62388492063492,0.0
ORD0093598,22.357906084656083,0.014068832574680364
ORD0093599,17.418002645502643,0.14397474689425138
ORD0093600,17.40058465608465,0.141940037201767
ORD0093601,20.755564814814818,0.046995285918506345
ORD0093602,19.750210317460322,0.4328898768415554
ORD0093603,42.85833068783067,0.03446934529052343
ORD0093604,25.734657407407415,0.741427001087279
ORD0093605,14.537017195767191,0.13071371028864986
ORD0093606,20.685686507936506,0.0
ORD0093607,21.356753968253976,0.0
ORD0093608,25.01331746031746,0.5463414132571163
ORD0093609,19.68846693121694,0.002680722754993312
ORD0093610,15.836853174603178,0.0
ORD0093611,28.695888888888906,0.8518945453531137
ORD0093612,23.412513227513227,0.07797424836883471
ORD0093613,10.204619047619042,0.022552685242648664
ORD0093614,16.283365079365083,0.002441700790263263
ORD0093615,29.34296164021164,0.9889391147891481
ORD0093616,24.77574074074074,0.9969262289749898
ORD0093617,20.180521645021653,0.05126222224211092
ORD0093618,14.833658730158728,0.07503646541127373
ORD0093619,17.79793253968255,0.005943238563397343
ORD0093620,13.768593434343439,0.1639225251139489
ORD0093621,17.508287878787883,0.13815194067868342
ORD0093622,16.41408597883598,0.13595918641999372
ORD0093623,15.373781746031737,0.06447510116008277
ORD0093624,27.468498677248668,0.0043695270922628655
ORD0093625,28.719396825396835,0.0
ORD0093626,19.491370370370365,0.23715351509511573
ORD0093627,19.188787037037038,0.38933431825630954
ORD0093628,25.493884920634923,0.021785642959711797
ORD0093629,23.99305026455027,0.01854142060058225
ORD0093630,17.98900396825398,0.01542021907629079
ORD0093631,13.761146825396827,0.02530267797106154
ORD0093632,21.688273809523807,0.10846797903973346
ORD0093633,19.218388888888885,0.031406648368312896
ORD0093634,17.563494227994227,0.42343410979113866
ORD0093635,22.101961640211655,0.2528406384205355
ORD0093636,18.58421428571428,0.06304309137447385
ORD0093637,17.135367724867727,0.040368275370564935
ORD0093638,19.728232804232803,0.6059907221289323
ORD0093639,15.510476791726784,0.2800222886027636
ORD0093640,12.309789682539686,0.24551879392797984
ORD0093641,12.158689153439148,0.02694719674119867
ORD0093642,14.456992063492072,0.0029716192816986713
ORD0093643,16.381664021164017,0.08309179144272774
ORD0093644,18.052976190476198,0.099527003437492
ORD0093645,21.952556998557018,0.01131665189051656
ORD0093646,19.106988095238098,0.6100535991018106
ORD0093647,16.700723544973542,0.986409027404636
ORD0093648,17.690344877344877,0.16224183076293167
ORD0093649,11.567349206349206,0.01696040157002162
ORD0093650,11.961373015873011,0.12876569573971278
ORD0093651,13.980246031746034,0.01547290419919945
ORD0093652,14.07287169312169,0.3227179600221019
ORD0093653,11.641863756613757,0.0
ORD0093654,12.951203703703705,0.0
ORD0093655,11.793297619047614,0.0
ORD0093656,12.174071428571432,0.0
ORD0093657,14.79095634920635,0.0029716192816986713
ORD0093658,11.623712962962966,0.0
ORD0093659,10.703726190476191,0.005652342036691983
ORD0093660,8.663563492063489,0.0
ORD0093661,14.429424603174603,0.002680722754993312
ORD0093662,10.247444444444447,0.0029716192816986713
ORD0093663,15.324138888888886,0.0
ORD0093664,10.977123015873012,0.008334908327509168
ORD0093665,11.513248677248678,0.003083140817380149
ORD0093666,8.80554497354497,0.0019923513323227065
ORD0093667,9.391226190476186,0.0
ORD0093668,21.356634920634917,0.014649846394866153
ORD0093669,16.72797222222223,0.0813219390782659
ORD0093670,32.54018253968255,0.0049225361659835905
ORD0093671,13.359306878306873,0.0
ORD0093672,16.367268518518514,0.004607129469818518
ORD0093673,15.475707431457437,0.04901669956197453
ORD0093674,25.84130555555555,0.0
ORD0093675,67.00425396825395,0.0022418134109902775
ORD0093676,50.020587301587284,0.013012596849010889
ORD0093677,48.777373015873,0.0022418134109902775
ORD0093678,62.260825396825396,0.0
ORD0093679,41.40266269841272,0.0
ORD0093680,58.35170658970658,0.0
ORD0093681,15.29660846560847,0.019524062291084696
ORD0093682,20.50956216931216,0.0
ORD0093683,32.126976190476185,0.07880687087588699
ORD0093684,28.94630555555556,0.08474133907435612
ORD0093685,22.384324074074076,0.4210468326058278
ORD0093686,20.921399470899473,0.0
ORD0093687,20.800367724867712,0.9263392423837444
ORD0093688,26.746082251082246,0.0395208062706679
ORD0093689,16.29610582010582,0.0
ORD0093690,21.80589021164021,0.051793224167968346
ORD0093691,10.771929292929297,0.027783292348926503
ORD0093692,11.864525974025979,0.3140176052877468
ORD0093693,11.767461640211634,0.02315254785161138
ORD0093694,25.729312169312177,0.4721479037170771
ORD0093695,18.071571428571428,0.03555097078631302
ORD0093696,18.098444444444446,0.06569914520412677
ORD0093697,13.823642857142852,0.012489303805344293
ORD0093698,10.756853174603174,0.07170066608217382
ORD0093699,12.32179894179894,0.5010873884787659
ORD0093700,16.92714285714286,0.21565343088491157
ORD0093701,10.937657407407412,0.13009238925867597
ORD0093702,22.371083333333353,0.2687848342851418
ORD0093703,15.89649603174603,0.21331436007180368
ORD0093704,14.968287397787408,0.823891192352
ORD0093705,20.703621693121693,0.006054760099078821
ORD0093706,16.331253968253964,0.0029716192816986713
ORD0093707,18.475482804232815,0.005652342036691983
ORD0093708,40.55570767195768,0.014199108062714266
ORD0093709,27.074218253968258,0.009533681713889656
ORD0093710,21.372960317460326,0.18227953284662973
ORD0093711,23.40047186147187,0.018362374786087435
ORD0093712,13.722512987012998,0.0
ORD0093713,11.276157407407409,0.0
ORD0093714,10.906555555555558,0.0
ORD0093715,11.351896825396825,0.0
ORD0093716,15.693349206349206,0.005548606646490848
ORD0093717,16.940015873015874,0.004794290606322741
ORD0093718,15.315250000000002,0.008546766026022282
ORD0093719,14.334440476190473,0.04068501394113355
ORD0093720,29.400078042328023,0.0
ORD0093721,20.77167063492064,0.0049225361659835905
ORD0093722,33.69722883597883,0.004607129469818518
ORD0093723,36.62336904761905,0.02449454034763764
ORD0093724,23.901936507936494,0.574657273339977
ORD0093725,20.507817460317472,0.0
ORD0093726,13.281547619047611,0.0
ORD0093727,17.213198412698407,0.0029716192816986713
ORD0093728,13.492640211640207,0.04618289391740762
ORD0093729,15.627242063492073,0.012814113419629639
ORD0093730,23.070720899470903,0.18851359486525707
ORD0093731,21.233636724386738,0.6379809433716681
ORD0093732,25.014750000000003,0.005763863572373461
ORD0093733,21.65424867724867,0.002680722754993312
ORD0093734,28.700847883597884,0.8565648943870504
ORD0093735,97.56548015873014,0.002680722754993312
ORD0093736,59.09607539682536,0.0
ORD0093737,90.90270370370372,0.009968574979805144
ORD0093738,15.182488095238092,0.004898025996523877
ORD0093739,13.981579365079366,0.01698180523256015
ORD0093740,14.298345238095237,0.002680722754993312
ORD0093741,17.98343121693122,0.0
ORD0093742,22.356015873015863,0.08119213095471776
ORD0093743,17.10546428571429,0.06057415567650802
ORD0093744,15.979675084175085,0.28242774565641043
ORD0093745,14.630449735449732,0.01836243397387784
ORD0093746,24.73137169312168,0.0
ORD0093747,19.37191666666666,0.047278284495255354
ORD0093748,27.61090476190476,0.004483626821980556
ORD0093749,70.56979100529098,0.002680722754993312
ORD0093750,45.368152116402094,0.0
ORD0093751,17.574381794131806,0.7093286667510008
ORD0093752,19.51364285714285,0.0029716192816986713
ORD0093753,17.26800396825397,0.0
ORD0093754,103.81195105820107,0.0
ORD0093755,62.726136243386236,0.0
ORD0093756,25.740628306878303,0.026492164257865203
ORD0093757,22.70566666666667,0.0
ORD0093758,21.562130952380947,0.1512452199953546
ORD0093759,14.096476190476187,0.004184100918604756
ORD0093760,20.463800865800863,0.002867883891497536
ORD0093761,24.62721560846561,0.8664211838598239
ORD0093762,13.425986772486779,0.2922709352874942
ORD0093763,16.032166666666658,0.5851848853601129
ORD0093764,15.47819444444444,0.0260947610432598
ORD0093765,15.665933862433867,0.056854754423521614
ORD0093766,17.60836243386243,0.10951485276116678
ORD0093767,17.050100288600298,0.4976986362029182
ORD0093768,27.168050264550267,0.0
ORD0093769,20.447138888888894,0.7153014416525136
ORD0093770,17.69843121693121,0.012598856493747028
ORD0093771,24.343883597883593,0.007701440838421802
ORD0093772,24.901239898989896,0.023735214312424098
ORD0093773,18.248026455026455,0.1924993253008676
ORD0093774,56.403939153439154,0.007831055128868588
ORD0093775,55.29678042328043,0.007050591998477274
ORD0093776,21.422423280423274,0.0238759759548807
ORD0093777,23.6988902116402,0.03496695879392768
ORD0093778,19.08450529100529,0.01243997041792168
ORD0093779,24.23229761904762,0.010258660945577152
ORD0093780,17.358023809523814,0.07678668721079521
ORD0093781,13.874506613756608,0.0
ORD0093782,48.17101984126985,0.0005178431755535842
ORD0093783,17.41518253968255,0.0032420603442322327
ORD0093784,18.366580687830687,0.10707922709432516
ORD0093785,31.131920634920654,0.02273340576524517
ORD0093786,15.442964285714284,0.07402861279094325
ORD0093787,13.720269841269838,0.08383217029869403
ORD0093788,17.2523253968254,0.020066208815725524
ORD0093789,13.680710317460319,0.0532047237375396
ORD0093790,13.371173280423276,0.01551718162629599
ORD0093791,30.47782275132273,0.0
ORD0093792,36.81747751322752,0.003142100570921406
ORD0093793,33.67065079365079,0.00852022592818952
ORD0093794,13.26181349206349,0.012003894159547017
ORD0093795,15.14489153439153,0.07999968778403879
ORD0093796,17.086650793650797,0.535906282145329
ORD0093797,13.90892063492063,0.22483428370596906
ORD0093798,13.878579365079368,0.016252917106010224
ORD0093799,11.163666666666673,0.023187684655857833
ORD0093800,11.904834656084647,0.03409772985838127
ORD0093801,12.53029365079365,0.0
ORD0093802,12.987731481481484,0.0
ORD0093803,11.777137566137569,0.1336700718624315
ORD0093804,18.146395502645497,0.8738557909336341
ORD0093805,10.04051154401154,0.0131538954958408
ORD0093806,13.709185185185184,0.0033333333333333335
ORD0093807,11.939161375661373,0.0
ORD0093808,8.776876984126986,0.005361445509986624
ORD0093809,11.42623544973545,0.42584818914893835
ORD0093810,10.119767195767189,0.0
ORD0093811,15.426309523809516,0.07267453312614003
ORD0093812,15.73779761904762,0.013035835245673779
ORD0093813,21.5595,0.03249011225362085
ORD0093814,24.80579894179894,0.0022418134109902775
ORD0093815,16.934906084656074,0.07660764912211025
ORD0093816,15.106670634920631,0.002680722754993312
ORD0093817,23.6372619047619,0.6040598541279576
ORD0093818,21.28313492063492,0.005213432692688949
ORD0093819,18.270193121693115,0.00629593380708807
ORD0093820,20.056734126984143,0.0033333333333333335
ORD0093821,26.423973544973542,0.17251486905946356
ORD0093822,18.34923677248677,0.015576264400089267
ORD0093823,21.1048134920635,0.0
ORD0093824,24.909912698412718,0.6057281932036723
ORD0093825,16.38258201058201,0.0
ORD0093826,19.626961640211643,0.0
ORD0093827,17.120708994709002,0.1826188295874035
ORD0093828,14.655051587301584,0.002680722754993312
ORD0093829,16.49759126984127,0.05515740869669102
ORD0093830,15.179748677248675,0.4207682590584801
ORD0093831,25.989690476190482,0.6065402240323393
ORD0093832,16.28610846560847,0.038317481442270686
ORD0093833,19.311876984126986,0.0335439820598622
ORD0093834,11.60522619047619,0.22740574271192643
ORD0093835,12.866756613756614,0.24556152835079667
ORD0093836,14.553387566137568,0.09063426966775792
ORD0093837,17.98564285714286,0.6723954622313745
ORD0093838,19.734923280423274,0.08404815970410343
ORD0093839,19.106468253968256,0.9668377830958661
ORD0093840,77.24307142857143,0.026761708168083178
ORD0093841,20.899500000000014,0.0
ORD0093842,17.22497751322751,0.01694719674119867
ORD0093843,22.777017195767186,0.035692656717665174
ORD0093844,24.562235449735454,0.15299588199987638
ORD0093845,63.141308201058216,0.17185115627267605
ORD0093846,48.447437830687825,0.585531390217913
ORD0093847,17.597580687830693,0.4310002328692482
ORD0093848,23.723887566137574,0.9011628668451118
ORD0093849,12.846113756613757,0.6929766080529618
ORD0093850,16.548188311688317,0.8544381656253887
ORD0093851,11.207833333333335,0.31580018428590456
ORD0093852,18.311988095238103,0.9089004800681256
ORD0093853,12.833092592592601,0.18842794498663723
ORD0093854,14.500924603174605,0.005213432692688949
ORD0093855,15.453177008177011,0.0
ORD0093856,17.40115740740741,0.0029716192816986713
ORD0093857,15.703027777777777,0.0022418134109902775
ORD0093858,25.83409523809524,0.002680722754993312
ORD0093859,24.76176190476191,0.04589962359976574
ORD0093860,39.15384656084659,0.04003056728968514
ORD0093861,19.653841269841276,0.21841218751829597
ORD0093862,19.31913576238575,0.0
ORD0093863,11.810074074074073,0.0
ORD0093864,12.717970899470897,0.009968574979805144
ORD0093865,17.15832407407407,0.0
ORD0093866,15.243866402116407,0.0
ORD0093867,22.196015873015874,0.010473172740847487
ORD0093868,20.5981287878788,0.13575550000675482
ORD0093869,18.374273809523817,0.02667949647311483
ORD0093870,27.344654761904767,0.005548606646490848
ORD0093871,17.526435185185193,0.0
ORD0093872,16.194379629629623,0.2506479682821584
ORD0093873,21.18682936507936,0.3513013528058607
ORD0093874,16.223010101010097,0.0
ORD0093875,13.204814814814824,0.014310629598395744
ORD0093876,11.136052910052905,0.005122423545256575
ORD0093877,16.23449603174604,0.0
ORD0093878,14.327310846560847,0.0
ORD0093879,17.507095238095243,0.025634804817752734
ORD0093880,12.724640211640214,0.0
ORD0093881,17.067619047619043,0.012928213149347329
ORD0093882,15.580719576719572,0.010945246871171292
ORD0093883,24.469322751322736,0.07302664318066326
ORD0093884,38.75915079365081,0.33468921550202874
ORD0093885,14.168481481481486,0.16783611425402614
ORD0093886,47.167341269841245,0.024331079140176196
ORD0093887,37.958932539682536,0.014824247331090057
ORD0093888,13.43511507936508,0.23909187279823432
ORD0093889,18.85485714285714,0.43903782216756926
ORD0093890,15.74825661375662,0.005763863572373461
ORD0093891,19.35716005291005,0.002680722754993312
ORD0093892,95.49442063492063,0.0
ORD0093893,22.608165824915826,0.4474336425785608
ORD0093894,23.839288359788355,0.045682007722561105
ORD0093895,15.301080687830684,0.0
ORD0093896,14.515793650793652,0.0
ORD0093897,24.112099206349193,0.6937342893765711
ORD0093898,15.49581084656086,0.01337686081931432
ORD0093899,20.285369047619035,0.9367033075348754
ORD0093900,12.019500000000006,0.14694652640179617
ORD0093901,24.71614814814814,0.9938134681167473
ORD0093902,15.21980375180375,0.17371900052234734
ORD0093903,15.233776455026451,0.05878217813289063
ORD0093904,10.51362566137566,0.01750020581491939
ORD0093905,18.077296536796545,0.47520613988287996
ORD0093906,22.57510317460318,0.9003097551384077
ORD0093907,32.043104497354506,0.009390245175691356
ORD0093908,25.64159126984127,0.0
ORD0093909,19.577129629629635,0.9585798558965777
ORD0093910,27.285173280423283,0.1873658143427195
ORD0093911,21.683724867724866,0.2463016808593245
ORD0093912,16.10714454064455,0.0019264067148252052
ORD0093913,23.876148148148147,0.2979327955041719
ORD0093914,20.346480158730163,0.03644140964086089
ORD0093915,22.189630952380938,0.6884985626007224
ORD0093916,16.570884920634906,0.09780791798538434
ORD0093917,22.058320105820098,0.10901884177458702
ORD0093918,14.511111111111116,0.009097439134558417
ORD0093919,20.557290404040405,0.867558224115752
ORD0093920,11.35065079365079,0.00949195063751944
ORD0093921,14.192351851851853,0.12923632462495674
ORD0093922,23.424104497354502,0.034610989190238715
ORD0093923,20.277490740740735,0.05326353230399678
ORD0093924,17.754497474747474,0.009920163667126764
ORD0093925,16.58993253968254,0.014891697788861586
ORD0093926,21.882824074074065,0.35957230322645894
ORD0093927,11.533428571428571,0.0446447442449467
ORD0093928,15.189980639730644,0.7674771057933264
ORD0093929,32.960349206349214,0.0015458095975788716
ORD0093930,22.259101851851856,0.16176795302121966
ORD0093931,21.43845767195766,0.4509460752342927
ORD0093932,14.088695767195768,0.020803461772287292
ORD0093933,15.584060846560837,0.6956512768837996
ORD0093934,13.313007936507942,0.22319534044258216
ORD0093935,12.215576719576715,0.025339563094339906
ORD0093936,9.550416666666665,0.18018635036630667
ORD0093937,12.273710317460319,0.0
ORD0093938,10.610885642135637,0.002441700790263263
ORD0093939,11.45138095238095,0.020923128678362123
ORD0093940,11.553743386243385,0.4587376340346169
ORD0093941,9.578883838383835,0.0
ORD0093942,9.768104497354498,0.008503546080908031
ORD0093943,12.005335978835978,0.05522398851183041
ORD0093944,11.843927248677256,0.500699973013534
ORD0093945,13.766513227513224,0.9107180171366849
ORD0093946,11.235530423280421,0.6911973337395471
ORD0093947,9.662511904761907,0.002680722754993312
ORD0093948,12.153419312169309,0.05898342871475294
ORD0093949,20.579884920634925,0.27796482113490534
ORD0093950,27.249616402116388,0.2360079220397312
ORD0093951,11.47191895141895,0.4824650373737663
ORD0093952,21.058597883597887,0.100269188047442
ORD0093953,21.104595238095243,0.9597908170840329
ORD0093954,14.559293650793665,0.40969357757196323
ORD0093955,16.95383597883598,0.0
ORD0093956,16.1677738095238,0.016484712894812056
ORD0093957,18.482574675324678,0.0022418134109902775
ORD0093958,32.609640211640226,0.2381235079651061
ORD0093959,23.08359788359788,0.17273917226444147
ORD0093960,22.328075396825405,0.5411719892640109
ORD0093961,22.3118373015873,0.0022418134109902775
ORD0093962,12.865333333333338,0.0
ORD0093963,25.379859788359802,0.10126388682428478
ORD0093964,21.212267195767193,0.9408431662379718
ORD0093965,23.713130952380954,0.0
ORD0093966,17.668690476190474,0.0049225361659835905
ORD0093967,41.45910582010582,0.0
ORD0093968,17.537363756613765,0.22787175333067508
ORD0093969,14.159517316017318,0.3850608234171358
ORD0093970,14.748619047619053,0.03950177580784915
ORD0093971,12.446208994708995,0.14387564394008323
ORD0093972,16.36017857142857,0.4837010807595257
ORD0093973,15.21501455026455,0.7479587660333987
ORD0093974,33.868158730158754,0.6970096647480426
ORD0093975,21.531652116402118,0.10744020734696669
ORD0093976,15.417021164021168,0.36510393113340095
ORD0093977,27.4140701058201,0.027247149776322786
ORD0093978,12.204296296296292,0.24660601162057308
ORD0093979,17.305948412698413,0.920684012857382
ORD0093980,11.831392857142864,0.49089003146832644
ORD0093981,30.40148677248678,0.3722235008382032
ORD0093982,20.713792328042338,0.5077446010089965
ORD0093983,13.552083333333334,0.4173585157460046
ORD0093984,17.219408730158733,0.0
ORD0093985,23.30239814814815,0.008985675370025314
ORD0093986,15.797896825396839,0.0029716192816986713
ORD0093987,47.68194408369409,0.06345065240272699
ORD0093988,23.885958994708993,0.0
ORD0093989,20.30203439153438,0.33110360259325833
ORD0093990,11.139138888888885,0.0
ORD0093991,12.929056878306872,0.004607129469818518
ORD0093992,16.503194444444453,0.0
ORD0093993,14.138650793650791,0.05065366010926161
ORD0093994,19.99424470899471,0.11386284942337593
ORD0093995,31.196793650793644,0.35100704762396495
ORD0093996,19.95126984126983,0.09952008675005643
ORD0093997,31.062251322751326,0.7919588138519889
ORD0093998,27.455322751322754,0.2076364703586147
ORD0093999,27.051743386243395,0.012964704430963524
ORD0094000,10.786158730158732,0.005361445509986624
ORD0094001,14.506737012987013,0.008042168264979936
ORD0094002,18.36205952380952,0.033882468117291085
ORD0094003,21.701219576719588,0.013306121042274452
ORD0094004,18.247313492063487,0.3087139191825545
ORD0094005,16.87172222222222,0.28533958656881736
ORD0094006,34.170841269841276,0.9527804228855157
ORD0094007,21.00613624338624,0.7098963075743812
ORD0094008,31.9609484126984,0.15068285223608452
ORD0094009,23.973241702741706,0.5405394251186875
ORD0094010,25.70855158730158,0.802960394568832
ORD0094011,15.195587301587308,0.06647325443223127
ORD0094012,13.719674603174608,0.06252762214348659
ORD0094013,11.631365079365084,0.3238101537199192
ORD0094014,18.108185185185178,0.0
ORD0094015,21.912753968253977,0.04561954698909951
ORD0094016,19.273043650793642,0.11608558151667545
ORD0094017,16.73088756613756,0.48173606750203
ORD0094018,15.554912698412696,0.22588129571645907
ORD0094019,22.38917857142856,0.1395181906606771
ORD0094020,27.9536812169312,0.8161520063520386
ORD0094021,20.298785714285724,0.6149069803880962
ORD0094022,21.40184523809524,0.9713026513416119
ORD0094023,43.70381746031743,0.02950602467519682
ORD0094024,21.06187962962963,0.9000639790733201
ORD0094025,14.942079365079358,0.9806413507501581
ORD0094026,17.0830753968254,0.0
ORD0094027,21.810563492063498,0.40265467434720303
ORD0094028,23.017326719576708,0.30409973625448644
ORD0094029,18.51627380952381,0.0
ORD0094030,27.894596560846573,0.9326919966162126
ORD0094031,23.170515873015876,0.8701097316879914
ORD0094032,13.315801226551226,0.3607921312353308
ORD0094033,15.303924603174607,0.12389460600432267
ORD0094034,25.396543650793664,0.9960462391199301
ORD0094035,21.409075396825404,0.948553873010344
ORD0094036,20.02147354497355,0.998264524116178
ORD0094037,25.87419179894179,0.9959657557413234
ORD0094038,21.00830820105822,0.29068765938153307
ORD0094039,48.30285042735041,0.01689403618026411
ORD0094040,54.02446825396827,0.0
ORD0094041,16.66821007696007,0.34413084113609843
ORD0094042,28.410644179894177,0.5378429481649133
ORD0094043,16.965844877344875,0.4437762364762026
ORD0094044,20.115337301587296,0.7424377478457967
ORD0094045,31.331634920634926,0.05847881976751674
ORD0094046,18.793952380952376,0.849747410825236
ORD0094047,21.274948412698418,0.9734799022083291
ORD0094048,41.788181216931214,0.09404770726855946
ORD0094049,25.404863756613754,0.37038631328813587
ORD0094050,15.438551226551223,0.2311550951700698
ORD0094051,19.218612433862436,0.13604140308261822
ORD0094052,20.522416361416365,0.0693615746724033
ORD0094053,18.017015873015872,0.21148993556732806
ORD0094054,17.329876984126987,0.03793566790671098
ORD0094055,13.524878306878305,0.02619247653239125
ORD0094056,21.94213888888889,0.371594649807478
ORD0094057,13.242035714285718,0.18924257265472427
ORD0094058,16.575619047619053,0.7251697981233758
ORD0094059,20.679621212121205,0.017354155040214085
ORD0094060,18.578742063492058,0.1524283569554534
ORD0094061,28.94400793650796,0.3722720243332285
ORD0094062,17.56192857142857,0.3359678669953589
ORD0094063,18.671259259259255,0.9172743993888243
ORD0094064,10.694297619047619,0.7682413679584014
ORD0094065,8.878539682539687,0.3714805096556014
ORD0094066,13.573788359788354,0.11242528198369371
ORD0094067,11.144644179894176,0.3876604296841878
ORD0094068,14.443338624338628,0.5962128103844129
ORD0094069,13.897406084656076,0.5307956559624787
ORD0094070,12.041367724867724,0.6982343060929933
ORD0094071,11.985306878306874,0.022188515063293
ORD0094072,10.348747354497352,0.0
ORD0094073,13.534714285714283,0.0
ORD0094074,13.592474867724874,0.15512589263097507
ORD0094075,13.248756613756605,0.015834618250834112
ORD0094076,14.500761904761903,0.02177994747641636
ORD0094077,11.4344126984127,0.0
ORD0094078,14.283218253968256,0.24005920492483412
ORD0094079,12.617333333333336,0.6704944803213609
ORD0094080,14.881599206349208,0.8310449570995573
ORD0094081,10.808320105820108,0.007287852224811831
ORD0094082,8.051214285714286,0.0
ORD0094083,17.354388888888895,0.005122423545256575
ORD0094084,33.78852910052908,0.016694015212775977
ORD0094085,30.6554087301587,0.17298586511394032
ORD0094086,13.432415343915348,0.06022261910678568
ORD0094087,18.78948809523809,0.5964787779840441
ORD0094088,17.79655026455026,0.16833737063669504
ORD0094089,16.148077200577198,0.8702971153738537
ORD0094090,23.500646825396824,0.012925569845506463
ORD0094091,21.121190476190478,0.1725402267937459
ORD0094092,22.922222222222207,0.11420910060046346
ORD0094093,20.592305555555562,0.2950616527787991
ORD0094094,20.81020634920635,0.07001034713265832
ORD0094095,19.417222222222225,0.0
ORD0094096,16.671078042328038,0.0022418134109902775
ORD0094097,31.252178571428583,0.465028811218791
ORD0094098,17.92109391534391,0.07754500302044817
ORD0094099,16.189948412698417,0.002680722754993312
ORD0094100,126.80325793650799,0.0
ORD0094101,19.310055555555568,0.4491600149997968
ORD0094102,12.164781746031741,0.4172870716570147
ORD0094103,13.402436507936505,0.4865042098363054
ORD0094104,18.09428042328042,0.5306296285655857
ORD0094105,30.366119047619055,0.9616073522031295
ORD0094106,24.304007936507926,0.2877324127525892
ORD0094107,30.73825577200578,0.711511747957676
ORD0094108,11.470242063492067,0.4878501839827121
ORD0094109,12.41865873015873,0.17883465897387885
ORD0094110,20.71453042328041,0.8386032685605346
ORD0094111,13.430089947089952,0.7642452264021778
ORD0094112,27.364484126984134,0.5607925897529351
ORD0094113,24.434838624338628,0.9348579942765428
ORD0094114,13.266833333333333,0.26907213149101283
ORD0094115,142.28272619047615,0.419960211204983
ORD0094116,20.6893373015873,0.13304172839270825
ORD0094117,16.556416666666674,0.026330271232768265
ORD0094118,32.58600396825397,0.43879601166655
ORD0094119,48.395272486772484,0.9572076844725876
ORD0094120,37.88470634920635,0.2183959019967547
ORD0094121,20.415456349206362,0.9953385303627194
ORD0094122,27.65270370370369,0.3471121419574528
ORD0094123,10.663499999999999,0.0
ORD0094124,10.249785714285716,0.0
ORD0094125,11.330768518518518,0.09182513427909836
ORD0094126,8.910123015873012,0.0
ORD0094127,14.583948412698419,0.0
ORD0094128,13.210865079365083,0.014767608497950769
ORD0094129,23.053723544973547,0.2538742340583395
ORD0094130,19.275932539682547,0.7341991343612815
ORD0094132,69.30742616642621,0.9491544796254319
ORD0094133,15.076246031746035,0.05970258300779198
ORD0094134,12.70968253968254,0.002680722754993312
ORD0094135,9.376011904761903,0.0
ORD0094137,12.601021164021168,0.0
ORD0094139,21.71421825396826,0.9788299482407822
ORD0094141,22.02946428571428,0.036727673046244136
ORD0094143,16.964757936507944,0.05047289608144256
ORD0094144,19.047120490620497,0.3366841869565983
ORD0094145,64.03653571428568,0.002680722754993312
ORD0094146,56.84347089947089,0.0019264067148252052
ORD0094147,36.31530158730158,0.004607129469818518
ORD0094148,19.406312169312162,0.45114323685473107
ORD0094149,11.882542328042327,0.023360681879442645
ORD0094150,16.755064814814805,0.7724194701901037
ORD0094151,12.680353174603175,0.18933388915523705
ORD0094152,17.554357142857143,0.010936592254310235
ORD0094153,13.496424603174603,0.0
ORD0094154,17.570415343915343,0.7136460178432623
ORD0094155,15.980095238095236,0.4412484628079206
ORD0094156,15.18260425685426,0.9860134947538575
ORD0094157,15.37377777777778,0.7712142778417874
ORD0094158,21.697502645502652,0.9892680509175816
ORD0094159,25.574451058201056,0.9771232752909611
ORD0094160,15.183463564213564,1.0
ORD0094161,17.986420634920638,0.9812465838454263
ORD0094162,25.359503968253975,0.17039866595479825
ORD0094163,27.755496993747002,0.3110727577998555
ORD0094164,14.011551587301582,0.9989084800776569
ORD0094165,16.647966931216935,0.03666675504950678
ORD0094166,16.014284391534403,0.005652342036691983
ORD0094167,23.933804232804235,0.1568441765014688
ORD0094168,26.252063492063485,0.06112979317647653
ORD0094169,17.03240476190476,0.0
ORD0094170,13.64440079365079,0.0033333333333333335
ORD0094171,23.234511904761906,0.5483328260073747
ORD0094172,21.830601851851842,0.16287514390037952
ORD0094173,14.09232671957672,0.03305522545975007
ORD0094174,15.167867724867728,0.007287852224811831
ORD0094175,20.675615079365077,0.8311180495395009
ORD0094176,10.796074074074072,0.2579566031720365
ORD0094177,18.61438095238096,0.9889499420998177
ORD0094178,16.672652116402116,0.7368163832572411
ORD0094179,11.842844276094281,0.10025019920297315
ORD0094180,13.400003968253968,0.0019264067148252052
ORD0094181,42.44892195767193,0.0028186855557979073
ORD0094182,16.99856878306878,0.28151840139529083
ORD0094183,16.135588624338624,0.11771190581376034
ORD0094184,24.35881481481482,0.7835503230584638
ORD0094185,13.65968783068783,0.14346892744358475
ORD0094186,29.670486892736893,0.09674481397025556
ORD0094187,24.532268518518517,0.06836742599318422
ORD0094188,15.465657407407399,0.7712874137954496
ORD0094189,24.805687830687834,0.234564451205645
ORD0094190,19.773230158730172,0.49363067975671565
ORD0094191,17.844607142857132,0.12708306303976932
ORD0094192,18.398854497354503,0.059659646373697736
ORD0094193,19.998842592592588,0.19847941288841617
ORD0094194,17.35296164021164,0.12472674073997088
ORD0094195,17.43220634920635,0.6875253412508102
ORD0094196,17.248321428571433,0.030295466274148353
ORD0094197,10.623619047619046,0.278766454063579
ORD0094198,12.62303968253968,0.16135904627566688
ORD0094199,18.00579701779703,0.9014984864487089
ORD0094200,16.73683201058201,0.553231803518799
ORD0094201,13.020654761904764,0.3780044046242771
ORD0094202,16.477265873015877,0.40208522777803835
ORD0094203,21.409589947089945,0.25230042878823655
ORD0094204,15.494644300144286,0.2105749724328732
ORD0094205,11.794808201058204,0.0714326388717681
ORD0094206,9.147674603174604,0.009529665635802109
ORD0094207,14.527884920634914,0.5112419614142371
ORD0094208,11.35639682539682,0.6513007030768098
ORD0094209,15.219075396825401,0.6413271142412997
ORD0094210,13.781619047619039,0.6165563542990509
ORD0094211,10.887457671957671,0.5634317012035185
ORD0094212,13.647301587301587,0.837188560857596
ORD0094213,12.14437301587302,0.9675675700765913
ORD0094214,10.512440476190472,0.7093138727974887
ORD0094215,8.806794973544974,0.002680722754993312
ORD0094216,13.046972222222223,0.0
ORD0094217,11.145329365079368,0.021021534933634914
ORD0094218,11.779805555555553,0.002441700790263263
ORD0094219,8.720265873015874,0.0
ORD0094220,5.965695767195769,0.0
ORD0094221,9.319093915343913,0.050564320704261485
ORD0094222,11.239392857142862,0.0
ORD0094223,8.686706349206354,0.22493806280666723
ORD0094224,10.51386772486772,0.0
ORD0094225,11.361472222222215,0.5150104861181509
ORD0094226,8.948944444444443,0.0
ORD0094227,8.702142857142858,0.0
ORD0094228,14.848447089947092,0.0
ORD0094229,16.322064213564218,0.010936592254310235
ORD0094230,25.714183261183265,0.007894155447682261
ORD0094231,29.894338624338623,0.002441700790263263
ORD0094232,10.900554232804229,0.0
ORD0094233,19.163579365079368,0.09488969385325588
ORD0094234,15.373543650793653,0.025337866809055476
ORD0094235,14.629071428571427,0.002680722754993312
ORD0094236,17.096476190476192,0.18185548025518428
ORD0094237,22.036660052910058,0.04478156894683504
ORD0094238,21.1969329004329,0.19533809251088133
ORD0094239,18.824109788359788,0.13723967582103636
ORD0094240,32.160281746031735,0.002680722754993312
ORD0094241,15.7880171957672,0.0
ORD0094242,22.346388888888885,0.35897220241486777
ORD0094243,23.739724867724867,0.1731269513208427
ORD0094244,16.017658730158733,0.0022418134109902775
ORD0094245,15.317039682539678,0.23016025670854054
ORD0094246,13.554182539682545,0.17071340665861587
ORD0094247,10.720013227513224,0.05770873422798316
ORD0094248,9.74770634920635,0.0643569844009853
ORD0094249,11.23545105820106,0.3353782168851226
ORD0094250,11.820320105820104,0.519000170234411
ORD0094251,27.25422883597884,0.8573858048868126
ORD0094252,27.554892015392014,0.7395326815146694
ORD0094253,16.510550264550265,0.11049405773457362
ORD0094254,11.326174603174604,0.1372931829819029
ORD0094255,9.619310846560847,0.14528348304180216
ORD0094256,13.14760052910053,0.3990997152065801
ORD0094257,29.647657407407422,0.9075887589285473
ORD0094258,12.906232804232802,0.5574586930054098
ORD0094259,21.014666666666667,0.8702209052327826
ORD0094260,11.712710317460317,0.569721304072465
ORD0094261,16.03455158730159,0.0
ORD0094262,14.115123015873008,0.0
ORD0094263,18.766866161616168,0.1445564615043582
ORD0094264,44.70559920634921,0.22348927578412733
ORD0094265,14.772521164021164,0.5152101106327485
ORD0094266,12.804300264550271,0.2198532077182538
ORD0094267,11.379099206349201,0.07672311503591489
ORD0094268,10.687984126984128,0.9639663310722917
ORD0094269,22.31718253968254,0.9017073817092679
ORD0094270,14.37094973544974,0.4817589674721048
ORD0094271,10.784499999999996,0.09571504614079515
ORD0094272,14.221238095238093,0.007139839407514154
ORD0094273,20.1955,0.009040315050747644
ORD0094275,20.262837301587297,0.2150776418968955
ORD0094276,26.610011904761905,0.07725457677052668
ORD0094278,24.785812650312657,0.0
ORD0094279,14.602265873015867,0.006698351869474908
ORD0094280,24.172256715506705,0.0022418134109902775
ORD0094281,18.96368121693122,0.18464834868397292
ORD0094282,12.669793650793657,0.0
ORD0094283,21.359248677248658,0.5029593299794763
ORD0094284,16.227906445406447,0.21666819501619286
ORD0094285,18.179464285714293,0.002441700790263263
ORD0094286,17.343710437710428,0.005943238563397343
ORD0094287,19.113234968734957,0.910928696198587
ORD0094289,18.31860714285714,0.6314547045274185
ORD0094290,11.418170634920635,0.01041339366414811
ORD0094291,19.307198412698416,0.9877056168461883
ORD0094292,15.502892857142864,0.0
ORD0094293,19.45475793650794,0.01635409834715119
ORD0094294,12.826117724867723,0.21043077172095911
ORD0094295,19.953989417989416,0.16217799377915235
ORD0094296,14.483448412698417,0.06164310787438508
ORD0094297,17.336772486772496,0.5574999390441457
ORD0094298,20.09456878306879,0.7668754570169818
ORD0094299,21.67592063492063,0.0063049526150320044
ORD0094300,26.651380952380954,0.1581993328781995
ORD0094301,16.79946632996632,0.5796642822314584
ORD0094302,13.282488095238095,0.9896860893389193
ORD0094303,16.351404761904764,0.2442238061934072
ORD0094304,132.58576984126987,0.0
ORD0094305,75.14024867724869,0.055718086585893084
ORD0094306,30.273432539682545,0.0
ORD0094307,19.06850661375661,0.08907627118299484
ORD0094308,20.335834656084653,0.12631885106603288
ORD0094309,13.134095238095247,0.005097415259650395
ORD0094310,14.356682539682536,0.01099553154548323
ORD0094311,22.295436507936518,0.47651058822581527
ORD0094312,22.01696031746032,0.19734328308654878
ORD0094313,15.680197089947097,0.004607129469818518
ORD0094314,16.922415343915343,0.426724357847743
ORD0094315,18.525734126984133,0.7798967024671336
ORD0094316,17.217485449735445,0.07128379702187136
ORD0094317,70.69778968253968,0.008425985498246994
ORD0094318,14.385240500240503,0.366923661404351
ORD0094319,16.9255291005291,0.16058776457284532
ORD0094320,22.283486772486786,0.6270689480820074
ORD0094321,11.660384920634916,0.06605754836183203
ORD0094322,30.301710317460316,0.1401574196013102
ORD0094323,21.49698677248677,0.014910492207358452
ORD0094324,16.045359788359786,0.7063132889128046
ORD0094325,16.062744708994707,0.4691856745235097
ORD0094326,38.69582142857144,0.1311416457810573
ORD0094327,23.747988095238092,0.01837338585596917
ORD0094328,15.995669312169305,0.16565086244511568
ORD0094329,14.24639417989418,0.1425143117857594
ORD0094330,24.670581705331696,0.2568050003985214
ORD0094331,11.583910052910058,0.4720503590231345
ORD0094332,24.609847883597872,0.370125131017108
ORD0094333,15.539458994708996,0.5195857777153767
ORD0094334,12.476456349206343,0.33680307193027564
ORD0094335,17.658660052910044,0.26426646480164745
ORD0094336,13.322976190476188,0.07736992854791151
ORD0094337,17.207646825396825,0.06417675041323227
ORD0094338,15.805281746031751,0.41286195289378524
ORD0094339,17.19912037037038,0.4763614438306587
ORD0094340,10.63059920634921,0.1559917204342856
ORD0094341,11.246366457616459,0.23050077885044246
ORD0094342,17.103305555555558,0.5917332676627105
ORD0094343,16.51472486772487,0.7841504756456807
ORD0094344,11.97441534391535,0.7154503290628447
ORD0094345,12.587158730158736,0.9476941826041643
ORD0094346,15.825978835978834,0.9765556179514192
ORD0094347,11.258001322751324,0.0
ORD0094348,12.351715608465614,0.0029716192816986713
ORD0094349,12.768715608465607,0.0
ORD0094350,12.051734126984117,0.004540920755587506
ORD0094351,8.64134126984127,0.0
ORD0094352,14.299702380952374,0.022358714497874046
ORD0094353,12.40281746031746,0.0022418134109902775
ORD0094354,11.90298412698413,0.28694003609207064
ORD0094355,13.651448412698416,0.002680722754993312
ORD0094356,8.328117724867724,0.34739464616512916
ORD0094357,9.808164502164505,0.0016888043372695538
ORD0094358,9.649660052910054,0.0
ORD0094359,8.976816137566136,0.0022418134109902775
ORD0094360,18.160771164021163,0.0
ORD0094361,14.780064814814823,0.018326456769047254
ORD0094362,23.6495456950457,0.0029716192816986713
ORD0094363,21.77755952380953,0.015383314638941475
ORD0094364,12.72025132275132,0.028515043954409725
ORD0094365,19.22338624338624,0.11190488124556708
ORD0094366,14.508951058201061,0.19891331376978377
ORD0094367,90.63275661375664,0.2071172087534404
ORD0094368,59.53014466089464,0.0
ORD0094369,18.13937698412698,0.3686523760430293
ORD0094370,23.112999999999996,0.4370183397219274
ORD0094371,22.96601190476189,0.05182154310068265
ORD0094372,22.180441798941803,0.8909301737049155
ORD0094373,26.97982539682539,0.020575887837615568
ORD0094374,12.550257936507938,0.0
ORD0094375,27.496738095238086,0.9947376811710107
ORD0094376,21.626588624338623,0.04415179118114621
ORD0094377,16.092895502645508,0.22837012583571584
ORD0094378,17.8067857142857,0.004607129469818518
ORD0094379,19.4613783068783,0.4318713442347154
ORD0094380,12.703848244348256,0.174367832926126
ORD0094381,11.824658730158726,0.05936141109581939
ORD0094382,8.503338624338626,0.06835544237804406
ORD0094383,14.615268518518512,0.8351108903205368
ORD0094384,11.891407407407407,0.4686460520995644
ORD0094385,25.014231481481477,0.917822173467505
ORD0094386,20.631226190476198,0.5665342455885105
ORD0094387,14.194981481481483,0.14507074021507824
ORD0094388,10.82546031746032,0.19458751509881972
ORD0094389,13.737982804232804,0.38009229871746686
ORD0094390,17.07973412698413,0.4983851677390525
ORD0094391,12.660907407407402,0.2839132313457929
ORD0094392,37.080625661375684,0.33922891533799665
ORD0094393,18.63686111111111,0.5870520706094243
ORD0094394,14.374912698412697,0.3447694889405747
ORD0094395,10.868464285714284,0.5588452517117729
ORD0094396,22.680777777777777,0.010550368033215862
ORD0094397,12.75050396825397,0.30802835097652337
ORD0094398,28.24563095238095,0.27004159542034767
ORD0094399,29.087648148148165,0.7530649327276577
ORD0094400,48.27322486772486,0.75510437106148
ORD0094401,19.440027777777775,0.9560696608744637
ORD0094402,26.251222222222218,0.9350889375783076
ORD0094403,46.213654761904735,0.0
ORD0094404,11.495123015873014,0.0
ORD0094405,15.503235329485326,0.25210829716778815
ORD0094406,10.58095634920635,0.0163703776434695
ORD0094407,12.156484126984124,0.991752684041501
ORD0094408,17.144753968253976,0.0
ORD0094409,17.279876984126982,0.8947790620946373
ORD0094410,15.588395502645508,0.0
ORD0094411,15.77531878306879,0.06910228812117629
ORD0094412,18.886136243386254,0.4758114536127437
ORD0094413,25.870150793650797,0.33564139649889224
ORD0094414,28.54907142857143,0.5894921922369416
ORD0094415,20.77142063492063,0.5348721285434572
ORD0094416,39.17727645502647,0.9874686260214175
ORD0094417,18.53343650793651,0.0033333333333333335
ORD0094418,14.849914021164025,0.007287852224811831
ORD0094419,12.379509259259263,0.0
ORD0094421,24.67656349206349,0.037787966167100395
ORD0094423,25.291703703703714,0.9989656167395911
ORD0094425,18.48073809523809,0.006848942880808797
ORD0094426,21.960329725829727,0.05413148038740707
ORD0094427,15.8364252044252,0.03740186748697262
ORD0094428,17.5433492063492,0.012410275770068403
ORD0094430,90.1891984126984,0.017284400623373615
ORD0094431,81.32206481481481,0.014922536165983588
ORD0094432,74.21400925925929,0.0
ORD0094433,84.24381878306882,0.08131668093057082
ORD0094434,44.91218229918231,0.0
ORD0094435,61.538980158730155,0.005361445509986624
ORD0094436,20.391650793650786,0.03377230682021119
ORD0094437,16.266182539682536,0.05975871262461214
ORD0094438,18.264789682539686,0.09085842050845205
ORD0094439,18.64236375661375,0.2627877186655431
ORD0094440,17.659444444444443,0.0
ORD0094441,19.57297619047619,0.0
ORD0094442,17.25463227513228,0.33923859563762937
ORD0094443,21.122025132275127,0.6073945027041221
ORD0094444,26.081289682539694,0.84891688348563
ORD0094445,20.240653439153437,0.28432617915501396
ORD0094446,27.8017328042328,0.9847521641398779
ORD0094447,51.98980158730159,0.17676062522093292
ORD0094448,22.445207671957665,0.9975767188231444
ORD0094449,38.00708597883598,0.6496511283662144
ORD0094450,21.065337301587306,0.03314577621676131
ORD0094451,18.420615079365085,0.015306119346573102
ORD0094452,32.9437037037037,0.36027564087019587
ORD0094453,17.99719444444445,0.0
ORD0094454,19.771547498797492,0.0
ORD0094455,37.74424206349205,0.8816824869502877
ORD0094456,37.35781878306881,0.6389682757139838
ORD0094457,22.464389249639247,0.093865364345764
ORD0094458,13.884822954822958,0.27974783642923756
ORD0094459,26.319969576719586,0.9971377590422731
ORD0094460,23.294321428571433,0.9986582875617038
ORD0094461,24.54691486291486,0.9659128880099817
ORD0094462,15.013825396825396,0.4253416010153507
ORD0094463,20.5416746031746,0.5769081878998641
ORD0094464,19.711167147667158,0.23958917099166263
ORD0094465,23.991077922077913,0.27725141321744096
ORD0094466,18.149144179894183,0.23122539508196724
ORD0094467,18.58141666666666,0.2940146292342581
ORD0094468,30.201666666666668,0.03327994771339996
ORD0094469,33.44886243386243,0.12908963602559245
ORD0094470,19.969374338624338,0.4271493397079854
ORD0094471,21.849125661375673,0.7522664266653438
ORD0094472,25.948649470899454,0.06674346926737384
ORD0094473,23.903820105820106,0.07199822863403953
ORD0094474,23.31817724867726,0.13708340364215416
ORD0094475,15.91063624338625,0.14541237545809782
ORD0094476,24.28525132275131,0.1980549552259773
ORD0094477,19.23532936507937,0.02974031385248094
ORD0094478,18.503214285714282,0.36412288700948686
ORD0094479,19.060210317460324,0.23195874370796835
ORD0094480,21.84987962962963,0.08333418867742698
ORD0094481,16.037068783068786,0.021716152883378862
ORD0094482,18.013686507936505,0.6832402064124896
ORD0094483,16.250190476190472,0.29073165723766375
ORD0094484,14.101333333333333,0.14257808738974403
ORD0094485,26.47140295815295,0.9905899982057641
ORD0094486,21.32771031746031,0.1461792531938616
ORD0094487,22.394941798941797,0.7978873387204877
ORD0094488,20.63609391534391,0.5010802266859148
ORD0094489,19.367955026455025,0.6080671272069822
ORD0094490,21.013038359788364,0.44749572249042235
ORD0094491,18.9609537037037,0.48184596577125327
ORD0094492,12.497514550264555,0.026914340431957305
ORD0094493,12.944798941798942,0.2880170660910668
ORD0094494,21.804269841269832,0.08958063367210763
ORD0094495,14.639579365079365,0.21877514769310324
ORD0094496,15.36665211640212,0.5417502786585556
ORD0094497,16.365993386243385,0.006201217224830869
ORD0094498,13.906379629629637,0.0022418134109902775
ORD0094499,15.835464285714275,0.3079888503382307
ORD0094500,13.143039682539682,0.0
ORD0094501,16.141413003663004,0.0
ORD0094502,11.586453703703706,0.0
ORD0094503,13.44107936507936,0.002680722754993312
ORD0094504,10.024206349206349,0.0
ORD0094505,11.029357142857144,0.002680722754993312
ORD0094506,15.260755291005285,0.03924096801355891
ORD0094507,12.52495238095238,0.0
ORD0094508,12.990205026455024,0.07316072724565774
ORD0094509,11.34246584896585,0.011789090211923243
ORD0094510,10.157944444444443,0.07787544612869413
ORD0094511,11.012869047619049,0.0029716192816986713
ORD0094512,19.830080687830694,0.0
ORD0094513,29.36560714285715,0.019109836454789
ORD0094514,23.2346507936508,0.0
ORD0094515,15.730817460317457,0.10144617462270046
ORD0094516,17.885313492063492,0.028477070024455584
ORD0094517,14.449900793650798,0.007446616727008786
ORD0094518,29.159455026455046,0.0
ORD0094519,103.65651058201057,0.008503546080908031
ORD0094520,97.42259126984129,0.06262578693820343
ORD0094521,107.54573280423283,0.017717603931887194
ORD0094522,57.79535714285716,0.0
ORD0094523,89.44437037037035,0.08813715201367002
ORD0094524,24.527070105820094,0.19351080415510713
ORD0094525,23.847289682539678,0.014012645359409855
ORD0094526,25.468738095238088,0.3099046071332649
ORD0094527,30.978313492063492,0.12386324749161622
ORD0094528,18.958753968253962,0.40137402851757914
ORD0094529,17.986420274170282,0.0
ORD0094530,31.013293650793646,0.9434116575176591
ORD0094531,30.940603174603172,0.45966963321442533
ORD0094532,21.534111111111123,0.022766386476985652
ORD0094533,22.420849206349192,0.4757706028814547
ORD0094534,17.59777645502646,0.19384893532551642
ORD0094535,21.266598484848483,0.7898897817106488
ORD0094536,13.669799422799422,0.5596834862774335
ORD0094537,24.537246031746022,0.940119674387625
ORD0094538,25.588043650793658,0.9343548941898089
ORD0094539,26.80068253968254,0.4744492212535166
ORD0094540,21.441604497354497,0.34981366520084883
ORD0094541,18.5655523088023,0.721234694059157
ORD0094542,18.247989417989416,0.862424400543567
ORD0094543,17.24919312169313,0.9433538828561933
ORD0094544,18.60419444444444,0.5140883806699685
ORD0094545,30.77967592592593,0.5067391983733567
ORD0094546,15.798304232804227,0.5066246680654529
ORD0094547,12.7449246031746,0.17290610186734678
ORD0094548,18.464285714285705,0.0
ORD0094549,33.34952248677248,0.06331562786577685
ORD0094550,17.284380952380953,0.0029716192816986713
ORD0094551,32.37415873015875,0.09789556835342635
ORD0094552,41.45817724867724,0.0
ORD0094553,18.0028544973545,0.29305083339943916
ORD0094554,25.222158730158732,0.05053944577081055
ORD0094555,12.53208333333333,0.01252579508696049
ORD0094556,12.380462962962964,0.00455668822876709
ORD0094557,13.19798941798942,0.5868724777335043
ORD0094558,13.698337301587292,0.10793243480436336
ORD0094559,21.279087301587293,0.49454633009733046
ORD0094560,15.736458994708995,0.018064037393934786
ORD0094561,18.34767989417989,0.027721816661023167
ORD0094562,14.88572486772487,0.06114241656949581
ORD0094563,22.53915873015873,0.10531503370993221
ORD0094564,20.973597883597904,0.14972431358450414
ORD0094565,26.234111111111115,0.47803165419991966
ORD0094566,47.82544047619049,0.9820826573124236
ORD0094567,31.378298941798935,0.7663723983338115
ORD0094568,17.96600925925926,0.0
ORD0094569,13.682124338624337,0.21724655132178375
ORD0094570,12.943936507936511,0.0019264067148252052
ORD0094571,17.479305555555555,0.03530579623427676
ORD0094572,23.90199206349206,0.005213432692688949
ORD0094573,32.19919312169314,0.9944659786373662
ORD0094574,23.714961640211637,0.06078933671219811
ORD0094575,61.51430026455026,0.09744463162910065
ORD0094576,27.671572751322735,0.0
ORD0094577,18.666645502645505,0.393007751153888
ORD0094578,19.09505026455026,0.20805184404452737
ORD0094579,20.4872037037037,0.6982695745974541
ORD0094580,14.356398148148143,0.03588776654198627
ORD0094581,18.176071428571433,0.01724154486934224
ORD0094582,21.604249999999997,0.008694778843319957
ORD0094583,12.992365079365081,0.07044044694451386
ORD0094584,25.80291666666667,0.9959155645518952
ORD0094585,19.170219576719568,0.40838875690746673
ORD0094586,20.663873015873016,0.013556313558227636
ORD0094587,30.825063492063485,0.6906952147747363
ORD0094588,34.76628354978353,0.2079224214514399
ORD0094589,38.685096560846574,0.001708537679266026
ORD0094590,32.94357936507937,0.005575146744323611
ORD0094591,21.394134920634926,0.15023753161491726
ORD0094592,21.135896825396824,0.3181495929604007
ORD0094593,26.91398677248676,0.0
ORD0094594,133.03544444444447,0.0071643495769738675
ORD0094595,32.055095238095234,0.3401881338308737
ORD0094596,17.365888888888893,0.0
ORD0094597,37.864445767195754,0.5130405072340298
ORD0094598,15.760739417989413,0.000401443300089086
ORD0094599,22.46774999999999,0.08372801265406586
ORD0094600,25.910161375661367,0.9784724586700803
ORD0094601,18.04857936507936,0.9156826859234906
ORD0094602,23.108968253968246,0.9978925493192685
ORD0094603,18.170533068783058,0.03808934424250945
ORD0094604,17.226972222222226,0.5784369385296008
ORD0094605,22.67500396825397,0.22016673490206234
ORD0094606,25.918845238095233,0.559123527739651
ORD0094607,26.07831216931217,0.042362311479356825
ORD0094608,20.391440476190482,0.7490908475014495
ORD0094609,19.362984126984127,0.06330944367939857
ORD0094610,38.181797619047614,0.05637812672149426
ORD0094611,35.43863888888889,0.05789394080667371
ORD0094612,23.892206349206347,0.4440337847069976
ORD0094613,147.83757275132282,0.37093805066404073
ORD0094614,67.12903306878309,0.014466101277037098
ORD0094615,28.801370370370364,0.13766328152791066
ORD0094616,18.509060846560843,0.17066404803280258
ORD0094617,17.94432010582011,0.03406018075621222
ORD0094618,22.516800264550277,0.1435816268784545
ORD0094619,17.51465343915345,0.3438726202236881
ORD0094620,14.328376984126974,0.06486682152656638
ORD0094621,75.28149206349204,0.013392645306968388
ORD0094622,15.970363756613754,0.30849771858696884
ORD0094623,23.254603174603176,0.3133600415077876
ORD0094624,21.87711640211641,0.13953802215414268
ORD0094625,22.05006385281385,0.19174733971226746
ORD0094626,15.944494708994712,0.08289246456705139
ORD0094627,14.368929894179898,0.09517657679073549
ORD0094628,22.483067460317454,0.5414081461839119
ORD0094629,19.406457671957668,0.7824063240832692
ORD0094630,46.39191137566137,0.003083140817380149
ORD0094631,60.17270818070818,0.0033333333333333335
ORD0094632,10.512092592592591,0.06593317651244862
ORD0094633,15.178452380952379,0.17821453133817686
ORD0094634,18.16134391534391,0.3621426078914137
ORD0094635,14.561539682539685,0.6509679265105212
ORD0094636,13.43805687830688,0.06781292077655601
ORD0094637,12.013572751322753,0.005763863572373461
ORD0094638,13.768578042328048,0.0
ORD0094639,12.346543650793649,0.0
ORD0094640,10.680179690679696,0.025040919099715894
ORD0094641,9.953428571428574,0.0
ORD0094642,11.5279007936508,0.27561437309321435
ORD0094643,12.966764309764311,0.023654117114018523
ORD0094644,9.622288359788357,0.476390637813908
ORD0094645,13.73461111111111,0.8559558039054995
ORD0094646,11.141503968253968,0.021153131865296815
ORD0094647,13.395047619047622,0.7862726017727414
ORD0094648,10.858162698412698,0.0
ORD0094649,21.05305952380953,0.5326641484110465
ORD0094650,16.030058201058203,0.0033333333333333335
ORD0094651,20.913137566137564,0.08720767640918635
ORD0094652,26.12393386243387,0.0022418134109902775
ORD0094653,18.05222210197211,0.7451918255044018
ORD0094654,34.8162976190476,0.09846440895657263
ORD0094655,25.37644841269842,0.97627342548334
ORD0094656,24.89103703703704,0.037608238453564556
ORD0094657,23.140149470899477,0.8427159850365625
ORD0094658,21.921667989417994,0.26979034633745497
ORD0094659,15.459380952380961,0.33654578956129916
ORD0094660,23.075618807118808,0.9616353242609705
ORD0094661,25.412944444444445,0.0
ORD0094662,33.89286111111111,0.8590161369025012
ORD0094663,25.97915428090428,0.014961390118055728
ORD0094664,20.06216931216932,0.2389136913676604
ORD0094665,19.599595238095233,0.44693790373521824
ORD0094666,18.418000000000006,0.5564959827530933
ORD0094667,15.534150793650788,0.04190856556123059
ORD0094668,18.953019841269846,0.7201601126682624
ORD0094669,28.80938888888888,0.8628718294349937
ORD0094670,22.47280952380952,0.9236154027996323
ORD0094671,21.440398869648874,0.2837208334067126
ORD0094672,15.317546296296298,0.08024049094171669
ORD0094673,16.27600925925925,0.4782188389325513
ORD0094674,11.4041335978836,0.42615796307581955
ORD0094675,36.046166666666664,0.8454586800898596
ORD0094676,26.220805555555557,0.5639918539046642
ORD0094677,25.89490343915344,0.9653524153050705
ORD0094678,180.49582407407402,0.26411799301595734
ORD0094679,23.57054232804232,0.0
ORD0094680,15.922865079365087,0.0022418134109902775
ORD0094681,26.565951058201055,0.12022152871675812
ORD0094682,35.29607407407408,0.037879060961279104
ORD0094683,49.88938888888891,0.6475955337830378
ORD0094684,30.049284391534407,0.029402761669104615
ORD0094685,30.405873015873002,0.9206508593424719
ORD0094686,23.39657154882154,0.18080693674721932
ORD0094687,17.043395502645502,0.831361704929941
ORD0094688,13.992043650793649,0.9391255633069108
ORD0094689,13.959357142857144,0.9642897302676213
ORD0094690,22.29319444444446,0.9686572589563389
ORD0094691,15.624699735449735,0.9427392166204334
ORD0094692,15.509678571428573,0.0
ORD0094693,16.284496031746034,0.33038069642095746
ORD0094694,25.540571428571436,0.6120404100842076
ORD0094695,17.0864880952381,0.008296573510069098
ORD0094696,30.784662698412692,0.9477289694013058
ORD0094697,22.73363888888889,0.33954686909909265
ORD0094698,31.356945767195768,0.9780613352723357
ORD0094699,40.47783994708996,0.8654070969613379
ORD0094700,16.547567460317467,0.002680722754993312
ORD0094701,12.730066137566142,0.008414244570240386
ORD0094702,13.602892857142857,0.009406162987964145
ORD0094703,19.54080952380952,0.03292767606605126
ORD0094704,18.068580687830686,0.026211241346000468
ORD0094705,26.011579365079363,0.9908074228503791
ORD0094706,29.149555555555562,1.0
ORD0094707,22.160111111111096,0.9516430155194695
ORD0094708,22.01511904761906,0.13430812084181665
ORD0094709,20.679342352092355,0.00865828756170376
ORD0094710,17.04139285714285,0.014967495877223755
ORD0094711,29.38293253968253,0.9825097533471246
ORD0094712,19.645497354497337,0.03599552318644859
ORD0094713,14.776226190476187,0.1837197571814854
ORD0094714,11.471067460317466,0.0
ORD0094715,23.41992724867724,0.00879444260761339
ORD0094716,15.233376382876388,0.005763863572373461
ORD0094717,21.0105873015873,0.2499601805705817
ORD0094718,15.045903439153433,0.03977005208785707
ORD0094719,19.778882275132283,0.4875669463931062
ORD0094720,18.362753968253962,0.1678309349182029
ORD0094721,23.767025132275123,0.7449310871504877
ORD0094722,19.068046296296284,0.9688576225962263
ORD0094723,29.20005423280423,0.28919972305447667
ORD0094724,40.570892857142866,0.19005557394452827
ORD0094725,42.235265873015855,0.060292209531476966
ORD0094726,17.868783068783067,0.7779707251802457
ORD0094727,16.756203703703708,0.4461814729987369
ORD0094728,18.214755291005297,0.0
ORD0094729,18.60322089947091,0.0
ORD0094730,23.471948412698413,0.17950463904003905
ORD0094731,25.638985449735454,0.4114949729906074
ORD0094732,17.952989417989407,0.002680722754993312
ORD0094733,16.298642857142863,0.0
ORD0094734,33.96669047619048,0.7812598225063219
ORD0094735,21.469881433381428,0.0320108018237704
ORD0094736,22.398082010582005,0.7654011790346277
ORD0094737,14.096099206349196,0.18566083633407732
ORD0094738,20.13103042328043,0.9951379150587126
ORD0094739,17.730678571428573,0.5148876303276015
ORD0094740,14.596271164021173,0.10493979640386251
ORD0094741,13.131560004810005,0.18306654259324429
ORD0094742,16.90490873015874,0.3365981890889479
ORD0094743,22.403047619047634,0.7822937333098677
ORD0094744,31.219772486772467,0.132752792595333
ORD0094745,20.898523809523805,0.1344235760962324
ORD0094746,17.194034391534387,0.7457444995717953
ORD0094747,25.434342592592586,0.23574275196401548
ORD0094748,20.23307010582011,0.09396412942079965
ORD0094749,18.26948556998556,0.031872116984231195
ORD0094750,28.1230873015873,0.005763863572373461
ORD0094751,25.844321428571437,0.27767136661723735
ORD0094752,28.306535714285722,0.25117527573989035
ORD0094753,26.13063624338625,0.3973025949711741
ORD0094754,21.42625661375662,0.13499552775264118
ORD0094755,17.62887037037036,0.1138578229267487
ORD0094756,15.116193121693126,0.025556187934963333
ORD0094757,17.88882936507937,0.33694442341510134
ORD0094758,19.37118253968253,0.5658531445024151
ORD0094759,13.597916666666665,0.19858118759438792
ORD0094760,16.752154761904762,0.28291779150662494
ORD0094761,27.318724867724875,0.27712103877262034
ORD0094762,14.167075396825394,0.02741821773876696
ORD0094763,22.04604894179894,0.9475697893132773
ORD0094764,16.073948412698417,0.136477379597529
ORD0094765,20.098461640211646,0.9524077946293988
ORD0094766,14.370554232804233,0.5823155313480709
ORD0094767,9.391236772486769,0.21457120334423024
ORD0094768,14.243837301587295,0.29135646562092016
ORD0094769,20.550362433862436,0.5460877553409972
ORD0094770,14.497355820105813,0.7118358428665194
ORD0094771,14.442947089947095,0.8606048218245921
ORD0094772,13.293904761904757,0.0
ORD0094773,12.6719761904762,0.24109035434392975
ORD0094774,17.243601851851846,0.9279480657366357
ORD0094775,14.049944444444447,0.009497135115913003
ORD0094776,15.39619324194324,0.0049225361659835905
ORD0094777,14.599194444444445,0.466152837881354
ORD0094778,11.861992063492064,0.002680722754993312
ORD0094779,9.55306613756614,0.0019264067148252058
ORD0094780,12.692305555555555,0.0
ORD0094781,13.223009259259262,0.002680722754993312
ORD0094782,19.720685185185186,0.9919082722001475
ORD0094783,11.873329365079362,0.0
ORD0094784,13.516884920634919,0.7890588445038907
ORD0094785,12.183280663780659,0.138186436100016
ORD0094786,18.78176322751324,0.04631257448926404
ORD0094787,23.935698412698432,0.08357689990808631
ORD0094788,16.29071067821068,0.14842559321724136
ORD0094789,19.690781746031742,0.3041380888410825
ORD0094790,14.372870370370363,0.6244296256218028
ORD0094791,15.517916666666666,0.34418120647554734
ORD0094792,25.153119047619047,0.4607507145482963
ORD0094793,21.39128835978835,0.05917564610889126
ORD0094794,29.503743386243375,0.7478693837362336
ORD0094795,28.385190476190484,0.22255232894485596
ORD0094796,26.44291534391534,0.9654098790917423
ORD0094797,20.667329365079375,0.49728286907330066
ORD0094798,19.565817460317458,0.0
ORD0094799,19.059869047619042,0.0
ORD0094800,26.61491402116401,0.9956523420366921
ORD0094801,27.316341269841264,0.9334464520904697
ORD0094802,23.30169973544975,0.26418227943773
ORD0094803,17.93684656084657,0.020244849353849154
ORD0094804,28.873749999999987,0.5969773052096932
ORD0094805,12.368708994708992,0.505721669980589
ORD0094806,11.508793650793647,0.2773157719321677
ORD0094807,9.047716931216934,0.18259759921803176
ORD0094808,16.069473544973544,0.8767332895205586
ORD0094809,17.601330687830682,0.750711042686191
ORD0094810,27.035195767195763,0.990991835840166
ORD0094811,33.05439021164022,0.2601471046622371
ORD0094812,19.763313492063503,0.5288730474561871
ORD0094813,45.50637698412695,0.132979677130185
ORD0094814,14.594878306878309,0.5617125770068057
ORD0094815,13.59590211640212,0.2086825968312052
ORD0094816,18.512988095238093,0.9919698179011269
ORD0094817,26.732259259259255,0.40483541809614837
ORD0094818,25.989166666666673,0.2330544686159064
ORD0094819,20.34418795093794,0.5059394663561588
ORD0094820,24.066407407407397,0.3030586691318494
ORD0094821,37.908164862914894,0.9190930765777003
ORD0094822,36.19641666666665,0.5103708355852019
ORD0094823,41.760113756613734,0.9800333393967611
ORD0094824,41.513235449735426,0.9849222707357143
ORD0094825,30.6683306878307,0.9983361893393218
ORD0094826,9.183554232804223,0.0
ORD0094827,10.98000793650794,0.0026807227549933118
ORD0094828,14.151744708994707,0.0
ORD0094829,16.099515031265035,0.05521056374961109
ORD0094830,18.05401984126984,0.007006372326444322
ORD0094831,30.344054232804222,0.13469460594465293
ORD0094832,26.022629629629623,0.12983618346264203
ORD0094833,30.024821428571443,0.25215914520821175
ORD0094834,21.904281746031735,0.279649601143082
ORD0094835,12.334570105820106,0.0029716192816986713
ORD0094836,11.817551587301583,0.09253923335396945
ORD0094837,14.297634920634922,0.011876340808533963
ORD0094838,15.683825396825393,0.002680722754993312
ORD0094839,20.260644179894182,0.0022418134109902775
ORD0094840,16.673817460317455,0.4726652419589495
ORD0094841,19.833563492063494,0.5564174203729404
ORD0094842,17.761820105820114,0.2847775318018838
ORD0094843,15.249301587301588,0.7795901489251039
ORD0094844,27.40579629629631,0.11512931024984747
ORD0094845,18.223567460317454,0.465941160790782
ORD0094846,26.840199735449737,0.9905288310298194
ORD0094847,11.794653439153441,0.3997548881719138
ORD0094848,15.791977152477159,0.006902237029958503
ORD0094849,14.575924603174608,0.2327493535535983
ORD0094850,16.925679894179893,0.0
ORD0094851,16.368187830687827,0.0
ORD0094852,18.5653425925926,0.4375792096911245
ORD0094853,16.270451058201047,0.4853949036411354
ORD0094854,15.692390211640204,0.022194955677200725
ORD0094855,18.842018999519006,0.27101183930989875
ORD0094856,21.917281746031744,0.08152850555735945
ORD0094857,28.64630952380951,0.8244537756057437
ORD0094858,16.714646825396816,0.20953430188732974
ORD0094859,23.55654497354498,0.020057082052142933
ORD0094860,14.147242063492058,0.9505359199317962
ORD0094861,15.89561375661376,0.6747320531822032
ORD0094862,22.852333333333338,0.007475013361316053
ORD0094863,26.55035714285714,0.17912370995769422
ORD0094864,22.79015873015873,0.11225503648127506
ORD0094865,16.478103174603174,0.0
ORD0094866,22.592990740740735,0.4320848950700185
ORD0094867,21.74990608465608,0.04902337638575972
ORD0094868,15.920449735449738,0.010977296265062412
ORD0094869,19.537846560846564,0.0029716192816986713
ORD0094870,20.231787037037034,0.8031506788604885
ORD0094871,16.105850168350166,0.14203161350337815
ORD0094872,18.450312169312173,0.9892415108197491
ORD0094873,16.349990740740736,0.6397218232585901
ORD0094874,15.960518398268402,0.24386442098563246
ORD0094875,28.8304145021645,0.006848942880808795
ORD0094876,21.84527777777778,0.0159363237126622
ORD0094877,15.936957671957671,0.10044274198375633
ORD0094878,15.560354497354496,0.14169213227787994
ORD0094879,14.834798941798944,0.19654856376319552
ORD0094880,12.44030555555556,0.08268805027031689
ORD0094881,30.298087301587312,0.02893973107556929
ORD0094882,15.147818783068779,0.3433726011113244
ORD0094883,14.71361507936508,0.09049470347283291
ORD0094884,39.428497354497374,0.08252689306315479
ORD0094885,25.55163888888889,0.0582085695194656
ORD0094886,22.181686507936515,0.05508133084868439
ORD0094887,18.300185185185192,0.1137654027077464
ORD0094888,28.20757671957671,0.8897578723883007
ORD0094889,14.74141005291006,0.19468505870750358
ORD0094890,17.59378703703703,0.008631747463870998
ORD0094891,18.029078282828284,0.7497977719992448
ORD0094892,14.849019841269838,0.4045554182894379
ORD0094893,15.512136243386243,0.9822601369142984
ORD0094894,11.833412337662335,0.025215375882048273
ORD0094895,17.87762301587301,0.08473635897574142
ORD0094896,17.408941798941804,0.6377088097476901
ORD0094897,19.416656084656086,0.1976678069583109
ORD0094898,12.994357142857146,0.021046144696391364
ORD0094899,11.674547619047615,0.1780370599316567
ORD0094900,10.78944444444445,0.11496221369145493
ORD0094901,13.344626984126986,0.08426881187682139
ORD0094902,9.174584859584868,0.1402669037819457
ORD0094903,12.22056481481482,0.11656730379550197
ORD0094904,11.84182936507936,0.20025829612052873
ORD0094905,14.222203703703707,0.3571983072944574
ORD0094906,10.462511904761904,0.447277383133275
ORD0094907,12.87022294372294,0.013164591810236513
ORD0094908,16.816883597883596,0.0022418134109902775
ORD0094909,11.539408730158724,0.021326553202338817
ORD0094910,11.45720634920635,0.016456412835220324
ORD0094911,12.87439814814815,0.0
ORD0094912,10.157007936507936,0.0
ORD0094913,8.384981481481478,0.0
ORD0094914,12.449658730158728,0.1428454442663428
ORD0094915,10.911123015873011,0.3476877558649599
ORD0094916,14.167204184704184,0.7328791374859646
ORD0094917,12.79211111111111,0.012278143745560001
ORD0094918,11.04133333333334,0.0029716192816986713
ORD0094919,18.323753968253968,0.7016125615283777
ORD0094920,17.745538359788362,0.3643325098992312
ORD0094921,25.16156481481482,0.2816695073721738
ORD0094922,19.113292328042327,0.9636228959295313
ORD0094923,21.009734126984117,0.6567979074224594
ORD0094924,20.136988095238102,0.981943434841723
ORD0094925,13.260888888888893,0.8887208751479287
ORD0094926,24.83731746031746,0.09588708208310825
ORD0094927,21.06304100529101,0.6049791639553067
ORD0094928,32.015272486772496,0.28978664363046114
ORD0094929,19.050670634920646,0.6914123119026775
ORD0094930,23.58360317460317,0.9065234866556678
ORD0094931,19.787387973137967,0.0
ORD0094932,13.397116402116406,0.06278950806796801
ORD0094933,25.470396825396826,0.9486688323377879
ORD0094934,21.554988095238098,0.12019805626775318
ORD0094935,15.158322270322275,0.2909436049053806
ORD0094936,93.35949867724862,0.0
ORD0094937,33.567379629629635,0.0
ORD0094938,15.727722222222237,0.30511622316230796
ORD0094939,16.484678571428567,0.009292063258246455
ORD0094940,8.221134920634926,0.08604638659735012
ORD0094941,18.557673280423288,0.7622221386871815
ORD0094942,20.901328042328046,0.9469966934300241
ORD0094943,18.821494708994702,0.11340519005148234
ORD0094944,15.279564814814812,0.175951824973121
ORD0094945,12.609869047619044,0.3321920406687002
ORD0094946,16.085166666666662,0.7217402422207481
ORD0094947,11.843215608465611,0.4620425217148593
ORD0094948,10.095714285714287,0.07553963240246654
ORD0094949,18.929985449735444,0.28906426664426704
ORD0094950,22.111537037037046,0.8034979995665548
ORD0094951,13.457162938912937,0.8410100700554209
ORD0094952,36.86300264550261,0.28255825499627807
ORD0094953,24.364230158730145,0.003037542591976062
ORD0094954,15.310158730158735,0.0
ORD0094955,31.634183862433844,0.05192722360887163
ORD0094956,36.61908597883598,0.06423404395970164
ORD0094957,20.447337301587314,0.07902325540035751
ORD0094958,19.48049735449735,0.2895210752992519
ORD0094959,27.88140476190476,0.18542554131328864
ORD0094960,11.86184788359788,0.12497414236147508
ORD0094961,10.900658730158726,0.18567753688355537
ORD0094962,9.702464285714287,0.7702580773711896
ORD0094963,10.868285714285713,0.4919019704600321
ORD0094964,15.256432539682537,0.4458289935082891
ORD0094965,13.883794973544973,0.007455246103679226
ORD0094966,11.114050264550265,0.0
ORD0094967,19.94146428571429,0.025399447399139633
ORD0094968,16.431391534391537,0.008042168264979936
ORD0094969,27.680125661375666,0.11681142525948414
ORD0094970,12.820489417989418,0.0
ORD0094971,11.227116883116881,0.2557364430139381
ORD0094972,13.845968253968255,0.0029716192816986713
ORD0094973,9.548902116402116,0.005383913981911684
ORD0094974,23.36055952380952,0.0
ORD0094975,14.917849206349214,0.5050733793201267
ORD0094976,17.571119047619046,0.25452072616840005
ORD0094977,12.324259259259257,0.023420353796031423
ORD0094978,17.29626106301107,0.2199991818956253
ORD0094979,16.615797619047612,0.38690638287115303
ORD0094980,18.47729761904762,0.002867883891497536
ORD0094981,12.87993650793651,0.1066925456529105
ORD0094982,49.07566931216932,0.11053055335160586
ORD0094983,53.99322883597882,0.005718265346969374
ORD0094984,81.83748412698411,0.009029950711231092
ORD0094985,10.427359788359787,0.06935893389574734
ORD0094986,10.939894179894177,0.00865828756170376
ORD0094987,14.335472222222219,0.4315356962354563
ORD0094988,10.855387566137567,0.005469057027289305
ORD0094989,17.53631481481481,0.005763863572373461
ORD0094990,19.885841269841276,0.0
ORD0094991,21.349796296296297,0.4137740061823152
ORD0094992,14.757678571428572,0.5159824387489245
ORD0094993,15.008317460317466,0.8101277083532784
ORD0094994,15.85306746031747,0.5403723109665792
ORD0094995,20.33235125060126,0.9931985967228965
ORD0094996,18.873357864357853,0.6462401629977076
ORD0094997,20.89069312169313,0.9982558694993168
ORD0094998,16.893388888888886,0.9668535486333876
ORD0094999,26.144570105820105,0.10363160906122826
ORD0095000,32.77839153439152,0.025787172793300273
ORD0095001,12.204735449735452,0.9985400169001559
ORD0095002,14.188021164021166,0.027898191032120122
ORD0095003,13.823218253968255,0.004184100918604756
ORD0095004,28.521067460317465,0.521447724280684
ORD0095005,21.3016455026455,0.5146803657554054
ORD0095006,18.10416005291006,0.0
ORD0095007,15.569668229918237,0.004898025996523877
ORD0095008,28.66173677248676,0.9017876430494645
ORD0095009,22.209194444444446,0.9508903347015212
ORD0095010,13.634260221260222,0.12063917259738763
ORD0095011,12.372212962962964,0.06706315470115568
ORD0095012,25.720395502645502,0.9960806887040113
ORD0095013,14.30978174603175,0.9886234242350947
ORD0095014,17.39742857142858,0.9920485617184338
ORD0095015,20.573235449735442,0.978958084137142
ORD0095016,15.976486171236168,0.31692958083877704
ORD0095017,10.588007936507935,0.23931188098923825
ORD0095018,45.83373412698413,0.0
ORD0095019,14.147099206349207,0.326934906856096
ORD0095020,17.770880952380946,0.08152995891329665
ORD0095021,17.774103174603173,0.5596068091594124
ORD0095022,13.12381613756613,0.261609575171814
ORD0095023,29.55385052910053,0.048587531102027084
ORD0095024,20.248406084656086,0.036139814956686805
ORD0095025,12.482748677248674,0.4759773794489108
ORD0095026,21.423316137566133,0.04514433908747928
ORD0095027,19.42118121693122,0.24630102695333092
ORD0095028,13.831142857142856,0.14405112391957048
ORD0095029,20.282718253968252,0.25498487146929627
ORD0095030,18.37887301587302,0.03767138974574433
ORD0095031,17.077809523809524,0.5105923057360093
ORD0095032,23.253433862433862,0.15379715719722425
ORD0095033,16.931948412698418,0.13170149183354982
ORD0095034,12.218048941798937,0.027191702900905532
ORD0095035,17.91790873015873,0.8356179503563552
ORD0095036,11.589658730158728,0.14212407802367036
ORD0095037,12.402370370370374,0.7720304107932016
ORD0095038,14.776722222222219,0.1722151964471714
ORD0095039,14.470039682539682,0.26838720940111815
ORD0095040,12.61490476190476,0.22692627652946445
ORD0095041,15.273492063492068,0.13688588570652344
ORD0095042,14.10129365079365,0.041075785040891995
ORD0095043,9.917486772486772,0.02981513393644321
ORD0095044,9.271699735449737,0.03651457737528345
ORD0095045,13.231063131313132,0.800119258241319
ORD0095046,9.51765476190476,0.5839638088490827
ORD0095047,9.157972222222226,0.25524154834239626
ORD0095048,13.419219576719577,0.6385445541342742
ORD0095049,11.44003835978836,0.5407625165872177
ORD0095050,12.812616402116403,0.8375892843043387
ORD0095051,17.082415343915333,0.8569263881510966
ORD0095052,9.395814814814813,0.0
ORD0095053,11.738268518518517,0.0
ORD0095054,9.938007936507939,0.002680722754993312
ORD0095055,9.741306878306878,0.002441700790263263
ORD0095056,7.504107142857147,0.0
ORD0095057,6.21025793650794,0.0
ORD0095058,9.462697691197686,0.007603258920976901
ORD0095059,10.715054232804238,0.0007165860049863586
ORD0095060,7.80425432900433,0.1333437071013061
ORD0095061,9.470765873015882,0.0
ORD0095062,8.587134920634924,0.49021043986127116
ORD0095063,9.571087301587303,0.0
ORD0095064,8.20332275132275,0.0
ORD0095065,13.356746753246748,0.025090190227464372
ORD0095066,21.519210317460306,0.24554211027016776
ORD0095067,17.535726190476186,0.1585251287817687
ORD0095068,27.537386243386244,0.07271107498702761
ORD0095069,12.243544973544976,0.3113314020932782
ORD0095070,14.122752645502658,0.7950982014973988
ORD0095071,20.888642857142866,0.7699857839593581
ORD0095072,21.77078835978835,0.2841829250526476
ORD0095073,20.868675925925928,0.40660954170182156
ORD0095074,20.47297354497355,0.7334058320784126
ORD0095075,19.74260714285715,0.8189229743177987
ORD0095076,21.61315079365079,0.9334008140512308
ORD0095077,18.146015873015894,0.0
ORD0095078,22.714559523809527,0.14234867285472338
ORD0095079,28.19968518518519,0.997940462803152
ORD0095080,29.619952380952377,0.9975707909746991
ORD0095081,10.464784151034145,0.07478455066271657
ORD0095082,16.2278611111111,0.2607495576346745
ORD0095083,11.999444444444443,0.3775892084685995
ORD0095084,7.941964285714283,0.13227846832175744
ORD0095085,8.750112433862435,0.17693117486070414
ORD0095086,12.546837301587297,0.44186368255659375
ORD0095087,11.227597883597884,0.669171512941755
ORD0095088,26.92798677248676,0.8909436699008066
ORD0095089,20.61440079365079,0.9702125112631711
ORD0095090,16.225281746031747,0.11582889758418927
ORD0095091,13.019325396825394,0.1344244922446256
ORD0095092,10.776386243386243,0.3238767372287118
ORD0095093,11.088773809523813,0.4064518199649058
ORD0095094,25.5342738095238,0.7452652156260448
ORD0095095,19.652542328042326,0.25530216297607455
ORD0095096,18.03940343915345,0.9561997780861534
ORD0095097,15.69328042328043,0.5284847773733062
ORD0095098,15.900268518518518,0.0
ORD0095099,11.776648148148153,0.3204564932445062
ORD0095100,16.385103174603174,0.09145843474493495
ORD0095101,20.76559391534391,0.039003422790206604
ORD0095102,14.818115079365082,0.12490429922037197
ORD0095103,8.000027777777778,0.0
ORD0095104,11.390583333333334,0.0
ORD0095105,10.62624338624339,0.0
ORD0095106,15.05512433862434,0.0
ORD0095107,14.247267195767202,0.0
ORD0095108,12.479234126984128,0.1320617939285912
ORD0095109,12.436563492063492,0.5859822247405654
ORD0095110,14.075335978835973,0.07639524620620426
ORD0095111,18.359646825396823,0.002680722754993312
ORD0095112,22.913226190476195,0.5293909134573319
ORD0095113,27.41991005291004,0.6856211207791695
ORD0095114,18.958412698412697,0.007287852224811831
ORD0095115,16.151174603174603,0.0
ORD0095116,12.89480687830688,0.23750834596487305
ORD0095117,18.448203703703694,0.0
ORD0095118,20.920232804232796,0.983793645110199
ORD0095119,15.63001611351611,0.4583157521223319
ORD0095120,19.07209126984127,0.9996382859483653
ORD0095121,18.614465608465608,0.7522445991327658
ORD0095122,19.071896825396824,0.00647543390425474
ORD0095123,22.260246031746036,0.0
ORD0095124,14.941551587301577,0.023607999149941914
ORD0095125,22.784738095238094,0.9540381048776942
ORD0095126,22.95875793650793,0.06986545575590218
ORD0095127,12.111936507936509,0.012612806453182256
ORD0095128,11.249876984126985,0.10101810090133208
ORD0095129,15.194472222222219,0.0
ORD0095130,25.72892243867245,0.39524070493017677
ORD0095131,19.027470899470902,0.008042168264979936
ORD0095132,15.40271428571429,0.08904340426766255
ORD0095133,17.975657768157763,0.49432679369179766
ORD0095134,19.375958994708995,0.9870445935748768
ORD0095135,16.461093915343916,0.007803146300249886
ORD0095136,28.536403439153435,0.008942434962542803
ORD0095137,43.02991402116402,0.0031565736557955994
ORD0095138,14.624451058201053,0.9999983938715862
ORD0095139,18.647552910052905,0.14415301212951023
ORD0095140,15.256207671957675,0.0
ORD0095141,64.87367328042328,0.004483626821980555
ORD0095142,52.81899206349208,0.10040231105819353
ORD0095143,21.652166666666666,0.0
ORD0095144,21.665485449735446,0.07690887824053352
ORD0095145,21.095941798941794,0.2742902039283269
ORD0095146,15.437390211640206,0.002867883891497536
ORD0095147,12.180136243386242,0.09072089365362328
ORD0095148,27.60761507936506,0.3249689095503643
ORD0095149,27.388003968253972,0.774316640385465
ORD0095150,17.283306878306878,0.02545908811873104
ORD0095151,19.821010582010572,0.6552960028664305
ORD0095152,21.380353174603165,0.9680918526189616
ORD0095153,15.877294973544965,0.09888003645576462
ORD0095154,13.966845238095242,0.3410023907729792
ORD0095155,14.680464285714288,0.20213900151013584
ORD0095156,17.107346560846562,0.5872716520202848
ORD0095157,14.210531746031744,0.18296380355815028
ORD0095158,33.30986772486771,0.10034486772160443
ORD0095159,24.02426190476191,0.026509097958128988
ORD0095160,17.89966798941799,0.8673718703067766
ORD0095161,15.842015873015875,0.7440669541492806
ORD0095162,24.457971500721506,0.09165035249227532
ORD0095163,22.038343915343912,0.04512063159717877
ORD0095164,24.871601851851846,0.3126918790596929
ORD0095165,13.876523809523805,0.1319958262552184
ORD0095166,18.262595238095237,0.06250048402379772
ORD0095167,15.980575396825401,0.07330930257617028
ORD0095168,30.092394179894182,0.05736181507783471
ORD0095169,13.077506613756611,0.18233903729940862
ORD0095170,12.549920634920634,0.03854825675844246
ORD0095171,16.74933201058201,0.00776665501863369
ORD0095172,16.09421560846562,0.458657620909129
ORD0095173,13.736452380952388,0.03171243312251455
ORD0095174,19.157473544973545,0.11409820272515542
ORD0095175,13.951832010582015,0.24380348088397716
ORD0095176,16.44377777777778,0.31093024307144895
ORD0095177,9.865521164021166,0.3507970103197219
ORD0095178,10.113873015873022,0.24955222773158467
ORD0095179,9.549525132275125,0.38350426617881833
ORD0095180,25.02801996151997,0.6336113145317441
ORD0095181,14.123194444444447,0.6549245233030733
ORD0095182,11.129777777777775,0.682593700071921
ORD0095183,11.129686507936503,0.0
ORD0095184,11.06730687830688,0.0
ORD0095185,9.667342592592599,0.0
ORD0095186,10.04631120731121,0.002680722754993312
ORD0095187,8.093960317460322,0.0
ORD0095188,10.78046693121693,0.007287446877542559
ORD0095189,10.77049074074074,0.0
ORD0095190,10.63711507936508,0.11646844041760296
ORD0095191,10.76863095238095,0.0
ORD0095192,15.318059523809522,0.36999955313038474
ORD0095193,10.482964405964408,0.0071643495769738675
ORD0095194,8.758900793650794,0.0
ORD0095195,12.440595238095241,0.005213432692688949
ORD0095196,18.673523809523815,0.09334516628960211
ORD0095197,17.324220899470895,0.9143760409435234
ORD0095198,22.869407407407397,0.014056224353306583
ORD0095199,24.322408730158745,0.79968858648466
ORD0095200,12.2066917989418,0.08946553947639244
ORD0095201,15.237990740740745,0.41245349631878964
ORD0095202,20.43012433862433,0.9761021015344356
ORD0095203,49.13434523809524,0.016196332302468777
ORD0095204,164.35669444444446,0.10239159325419012
ORD0095205,20.6286798941799,0.23478292524492636
ORD0095206,19.615043650793652,0.5674769188625504
ORD0095207,21.784349206349205,0.3436980946262783
ORD0095208,22.287809283309286,0.989319950739985
ORD0095209,18.020503968253976,0.01895983109409435
ORD0095210,15.27377513227514,0.03130623765227279
ORD0095211,22.426256613756614,0.9952984141305375
ORD0095212,35.13911904761905,0.9400450542636073
ORD0095213,17.034957671957674,0.20136805785684403
ORD0095214,18.99285317460318,0.35988956548566764
ORD0095215,18.516767195767194,0.6092237614767788
ORD0095216,16.125531986531985,0.3370914862474835
ORD0095217,11.922888888888881,0.1841907788343926
ORD0095218,8.46086904761905,0.10819032617818868
ORD0095219,12.609362433862438,0.6914696593676297
ORD0095220,9.258757936507932,0.3435113764414497
ORD0095221,27.98249470899469,0.9646956019154526
ORD0095222,15.21240873015874,0.6572800773751253
ORD0095223,15.74005291005291,0.19637466326540862
ORD0095224,13.894949735449734,0.6441238007126397
ORD0095225,10.605113756613761,0.15890486746420038
ORD0095226,14.461148629148626,0.830239267835481
ORD0095227,12.190210678210686,0.2016587901931972
ORD0095228,21.045009259259267,0.23045948836499386
ORD0095229,14.707789682539682,0.6503688884553013
ORD0095230,17.42742063492063,0.6191348023481837
ORD0095231,12.825962962962967,0.33312471924625925
ORD0095232,50.590544973544986,0.23786788287553842
ORD0095233,22.834354497354493,0.0
ORD0095234,12.39314814814815,0.4218680912523592
ORD0095235,19.753150793650804,0.11233907482084587
ORD0095236,33.070943121693126,0.9203622365936294
ORD0095237,45.121392857142844,0.2827045478557439
ORD0095238,20.890845238095242,0.4545223350808385
ORD0095239,23.072636243386253,0.9380491225720866
ORD0095240,41.17638888888891,0.0
ORD0095241,12.18418253968254,0.010383319338920784
ORD0095242,15.198769360269356,0.0
ORD0095243,11.00181349206349,0.7992781217433559
ORD0095244,9.761907407407406,0.007856425412500511
ORD0095245,19.173974867724862,0.6194838907907086
ORD0095246,14.444009259259262,0.0
ORD0095247,16.27977561327561,0.32443492923451034
ORD0095248,14.682908730158728,0.032746197117818586
ORD0095249,19.58538888888889,0.14820536974213577
ORD0095250,16.90265740740741,0.011666398125018629
ORD0095251,34.228928571428575,0.7261075334848612
ORD0095252,24.584597883597883,0.45742489387150553
ORD0095253,37.98097619047618,0.9311722203742401
ORD0095254,15.354404761904767,0.0
ORD0095255,13.318814814814818,0.0038528134296504104
ORD0095256,16.279724867724873,0.43093491898622766
ORD0095257,12.395476190476192,0.08279731125095845
ORD0095258,23.506924603174607,0.013021763471332397
ORD0095259,19.13009487734488,0.002680722754993312
ORD0095260,22.207073593073588,0.8268689841252184
ORD0095261,21.49712830687831,0.7792326110609294
ORD0095262,23.088585257335257,0.9900804398873359
ORD0095263,23.810255291005284,0.039893979652378515
ORD0095264,15.932945767195767,0.014733944783811905
ORD0095265,23.157166666666647,0.9989084800776569
ORD0095266,22.737556878306883,0.9811474117981631
ORD0095267,73.30433862433863,0.023921031711380724
ORD0095268,92.18864814814809,0.8943111603270718
ORD0095269,75.76645502645509,0.004184100918604755
ORD0095270,46.733371693121676,0.010540538664338578
ORD0095271,28.306499278499288,0.017602352843318153
ORD0095272,45.31807275132272,0.0
ORD0095273,18.678273809523812,0.04848108070913073
ORD0095274,17.41163888888889,0.07082252619396733
ORD0095275,19.390297739297736,0.16142735402613917
ORD0095276,18.391852693602686,0.7102799377609543
ORD0095277,19.585871693121696,0.002680722754993312
ORD0095278,22.017157407407414,0.034173335947013606
ORD0095279,17.96830988455989,0.23135455977682023
ORD0095280,16.859544973544963,0.4103195553056666
ORD0095281,35.05280555555555,0.807122109738778
ORD0095282,26.715522486772493,0.9205375300772888
ORD0095283,29.298007936507936,0.9920378654040379
ORD0095284,40.83823015873017,0.1793285488226319
ORD0095285,18.6811348003848,0.6622240559824873
ORD0095286,43.13637301587304,0.9839745425102165
ORD0095287,22.703063492063492,0.1464080190136449
ORD0095288,23.172550264550274,0.1977561672882972
ORD0095289,34.132150793650794,0.45287248742858593
ORD0095290,20.727887566137568,0.0
ORD0095291,21.68741738816738,0.0
ORD0095292,36.922256613756616,0.7118556113102726
ORD0095293,22.98739285714285,0.20100542692223472
ORD0095294,17.199972222222218,0.07631250642804978
ORD0095295,17.337450697450706,0.005652342036691983
ORD0095296,23.543830687830688,0.9810626465862264
ORD0095297,23.852071428571424,0.9989155285661043
ORD0095298,15.202780784030784,0.25527087157242645
ORD0095299,17.69298148148148,0.3115741455581518
ORD0095300,17.0225873015873,0.0870262689189672
ORD0095301,18.67464947089946,0.7912407503800525
ORD0095302,19.30750529100528,0.31632473798385335
ORD0095303,24.930712962962964,0.9726676641074168
ORD0095304,17.96100396825398,0.41672562126323653
ORD0095305,28.837750120250124,0.03800329833452979
ORD0095306,23.808492063492068,0.05446885287477931
ORD0095307,25.442869047619055,0.9953614455099866
ORD0095308,24.73716931216931,0.7014842772217618
ORD0095309,36.21618253968255,0.26328271482299714
ORD0095310,22.49883862433864,0.18922171195459705
ORD0095311,18.607587301587305,0.37819073524227187
ORD0095312,16.801734126984126,0.2057463898821099
ORD0095313,23.16137698412699,0.20524830115749332
ORD0095314,27.41152380952381,0.18268915182254977
ORD0095315,19.94786652236653,0.1410926186589209
ORD0095316,23.651111111111113,0.11306629293650278
ORD0095317,25.45923809523811,0.11154746563546347
ORD0095318,16.592256613756614,0.06999019824887229
ORD0095319,17.293948412698406,0.38303010404654103
ORD0095320,20.03995105820106,0.14240840814685848
ORD0095321,14.71821825396824,0.16657374366304553
ORD0095322,25.05314947089948,0.9507141911375133
ORD0095323,17.928513227513225,0.4636358432473479
ORD0095324,25.78220634920634,0.5093712579202638
ORD0095325,15.642367724867722,0.030340503633043015
ORD0095326,20.863436507936505,0.18027538722527947
ORD0095327,19.200136243386233,0.4195205100235235
ORD0095328,16.338448412698412,0.297714867091763
ORD0095329,13.640388888888895,0.05513075311045821
ORD0095330,11.70942063492063,0.16445390716925493
ORD0095331,16.275900793650795,0.23870009773589776
ORD0095332,14.636011904761908,0.18207338063886097
ORD0095333,14.472503968253978,0.5742221181869442
ORD0095334,12.051145502645511,0.2999954281984189
ORD0095335,11.171887566137562,0.002680722754993312
ORD0095336,16.909849206349218,0.008694778843319957
ORD0095337,13.261402116402113,0.0022418134109902775
ORD0095338,12.234887566137566,0.4004103871400919
ORD0095339,12.5860634920635,0.1574854035001054
ORD0095340,10.549583333333327,0.0
ORD0095341,14.298740740740735,0.0
ORD0095342,15.457727513227516,0.8498139540093307
ORD0095343,11.448891534391535,0.05372262514642056
ORD0095344,20.715988095238092,0.9916881125504545
ORD0095345,13.193886243386244,0.19294512858790988
ORD0095346,15.786664021164023,0.9119937698035661
ORD0095347,15.081422077922086,0.7399628847571219
ORD0095348,12.221523809523822,0.06655424598216533
ORD0095349,17.140468253968262,0.0020721767459303533
ORD0095350,18.239100529100526,0.004607129469818518
ORD0095351,19.037559523809527,0.019842431291462317
ORD0095352,12.860820105820105,0.017186218705928718
ORD0095353,17.17361507936507,0.09995296056433446
ORD0095354,13.313460317460313,0.01118835419555853
ORD0095355,24.40586507936507,0.0
ORD0095356,63.415916666666675,0.0004264493521968758
ORD0095357,63.529206349206376,0.004660423618968225
ORD0095358,77.97956216931219,0.014861060478080258
ORD0095359,65.46731481481486,0.0
ORD0095360,110.28330158730161,0.6165276107939041
ORD0095361,53.46830952380951,0.0
ORD0095362,22.98821428571429,0.03885090643588268
ORD0095363,33.14213624338626,0.019971767415508067
ORD0095364,23.225637686387678,0.27167508612006813
ORD0095365,27.29425,0.08881987167004969
ORD0095366,23.311194444444435,0.44068845761683906
ORD0095367,17.384275132275132,0.0
ORD0095368,38.719444444444456,0.9064393948259047
ORD0095369,24.200367724867725,0.2054573879652138
ORD0095370,15.781951058201058,0.013569562133550888
ORD0095371,21.932599206349202,0.7803038158045056
ORD0095372,15.742535714285708,0.08690512611093014
ORD0095373,17.06145634920635,0.7151588168526539
ORD0095374,17.072949735449736,0.7731094630977112
ORD0095375,23.266576479076477,0.9717879272844997
ORD0095376,32.16859259259257,0.9562934714293124
ORD0095377,19.28880555555555,0.2989220136217109
ORD0095378,17.289731481481486,0.33009641960625213
ORD0095379,14.704478835978835,0.7287164583815114
ORD0095380,13.442314814814813,0.307077195623885
ORD0095381,15.87248015873016,0.9671914790122251
ORD0095382,16.156309523809526,0.690513263606215
ORD0095383,29.32728571428573,0.3906431301452413
ORD0095384,17.83916137566138,0.5308536710768837
ORD0095385,12.599232804232805,0.4254034150818477
ORD0095386,24.216484126984138,0.003037542591976062
ORD0095387,31.18591269841272,0.21345466358999607
ORD0095388,31.15722222222222,0.014148802926034066
ORD0095389,44.40825264550263,0.23364317307081953
ORD0095390,39.01688359788361,0.02998505738242167
ORD0095391,22.036849206349203,0.6604539843660301
ORD0095392,22.831549783549796,0.09702380696037086
ORD0095393,14.874125661375652,0.010886287117630037
ORD0095394,15.09060582010582,0.0
ORD0095395,11.222619047619041,0.1505782492472665
ORD0095396,10.757376984126983,0.0
ORD0095397,15.244141534391531,0.037949935551560295
ORD0095398,16.32968915343916,0.0024417007902632626
ORD0095399,17.357366402116405,0.05367472428478989
ORD0095401,27.442832010582016,0.011371429972405565
ORD0095402,28.26014682539683,0.4074171778602891
ORD0095403,28.961650793650787,0.1492571318340321
ORD0095404,38.8464814814815,0.24963998157846953
ORD0095405,38.965583333333356,0.8511631318642787
ORD0095406,22.285039682539697,0.0
ORD0095408,12.244312169312165,0.0071643495769738675
ORD0095409,15.952527777777771,0.04213394848202873
ORD0095410,19.183165343915338,0.005652342036691983
ORD0095411,23.87736375661376,0.32758334796960553
ORD0095412,24.058504088504087,0.7301227713938521
ORD0095413,24.351373015873026,0.0022418134109902775
ORD0095414,23.825468253968243,0.2226543463835379
ORD0095415,29.301801587301597,0.8913320098752717
ORD0095416,103.34888095238094,0.0029716192816986713
ORD0095417,19.784111111111123,0.006446119471152687
ORD0095418,16.33138359788359,0.030805660651354885
ORD0095419,14.593837301587303,0.03275997336660455
ORD0095420,18.397711038961035,0.0
ORD0095421,17.657773809523803,0.04665230410982418
ORD0095422,14.205562169312167,0.18518568710981007
ORD0095423,24.294060846560843,0.20730508891620553
ORD0095424,17.709452380952385,0.2957153570453507
ORD0095425,16.29196825396826,0.06968806941029006
ORD0095426,29.92823015873015,0.920669360772815
ORD0095427,33.235256012506014,0.6371991709087301
ORD0095428,31.312417989417966,0.01428408950056298
ORD0095429,34.41131709956709,0.007287852224811829
ORD0095430,33.65643518518518,0.9256724035323668
ORD0095431,19.31475396825397,0.0
ORD0095432,28.643753968253957,0.002680722754993312
ORD0095433,21.63686375661375,0.16771445574825863
ORD0095434,19.729718253968247,0.002680722754993312
ORD0095435,35.843492063492064,0.4013738219275874
ORD0095436,15.391625661375661,0.02226053258042915
ORD0095437,17.074589947089954,0.0029716192816986713
ORD0095438,20.472932539682542,0.8206825937545591
ORD0095439,12.423753246753247,0.18423415537570026
ORD0095440,22.68305158730158,0.9844516543530845
ORD0095441,18.2671798941799,0.18269540535649018
ORD0095442,16.20822282347282,0.22798804153441926
ORD0095443,18.79178968253968,0.4241295305936754
ORD0095444,26.808625661375636,0.6448829591131593
ORD0095445,30.21006878306878,0.052791132395046333
ORD0095446,18.485210317460314,0.8620563092656762
ORD0095447,23.65274867724868,0.8741256247904093
ORD0095448,29.85051984126984,0.027814381374483155
ORD0095449,31.50742460317458,0.6676504608926362
ORD0095450,23.932694444444444,0.2763246090451054
ORD0095451,60.349942400192376,0.40415460625275074
ORD0095452,75.16312301587298,0.010722891019973249
ORD0095453,32.6426031746032,0.4710158089652447
ORD0095454,23.07941005291005,0.7347639111314461
ORD0095455,18.57129894179894,0.016171082176166963
ORD0095456,23.095432539682534,0.16139073316952307
ORD0095457,15.544364478114472,0.9316149247608837
ORD0095458,17.23692063492064,0.21383236531414213
ORD0095459,54.292158730158704,0.007310320696736888
ORD0095460,19.4635992063492,0.31669804779488175
ORD0095461,20.4757037037037,0.42278234704703316
ORD0095462,15.907480158730163,0.3894436435633471
ORD0095463,17.712485449735453,0.36503040883046367
ORD0095464,20.695116402116398,0.12261635288832631
ORD0095465,19.386044973544973,0.08803003148025239
ORD0095466,15.036386243386245,0.0053249542283704265
ORD0095467,17.92108333333334,0.8069681540363849
ORD0095468,33.311931216931214,0.004483626821980555
ORD0095469,65.34186375661378,0.03478552164300089
ORD0095470,19.851661375661372,0.31119771670554747
ORD0095471,15.48295767195768,0.5262721867536715
ORD0095472,21.248309523809525,0.3125742644530514
ORD0095473,14.539235569985568,0.5324109411814509
ORD0095474,13.460329365079367,0.0
ORD0095475,12.07902777777778,0.0053249542283704265
ORD0095476,14.514208754208758,0.0
ORD0095477,13.078629629629637,0.0
ORD0095478,11.305091871091873,0.0049225361659835905
ORD0095479,9.952051587301593,0.0
ORD0095480,12.934499999999993,0.055381997640235124
ORD0095481,12.767191798941802,0.008255869499316924
ORD0095482,14.537013227513222,0.13631429596897635
ORD0095483,11.356915343915345,0.2127522356525811
ORD0095484,9.814969576719573,0.0
ORD0095485,12.450580687830692,0.0
ORD0095486,12.187444444444447,0.003083140817380149
ORD0095487,17.900113756613756,0.03633192980271407
ORD0095488,22.84864153439153,0.03806844293254349
ORD0095489,29.45246164021165,0.004483626821980555
ORD0095490,25.41570105820106,0.014287972760027369
ORD0095491,11.636853174603168,0.027984645700512716
ORD0095492,13.05344997594998,0.10021590766459029
ORD0095493,26.7539126984127,0.43657798394177566
ORD0095494,23.45570502645504,0.09852220790974255
ORD0095495,16.783662698412687,0.18223473366473517
ORD0095496,23.6439417989418,0.21149800436016233
ORD0095497,20.42626984126985,0.4428533440115032
ORD0095498,26.25302777777777,0.814454866932216
ORD0095499,27.867788359788367,0.0
ORD0095500,34.89755291005292,0.9586463641712292
ORD0095501,22.559544973544977,0.05299543910395617
ORD0095502,23.078019841269843,0.04598047512630502
ORD0095503,22.495265873015867,0.578011377047861
ORD0095504,15.684976190476194,0.003142100570921406
ORD0095505,14.617107623857622,0.16691604447871797
ORD0095506,17.24360714285714,0.8327253847540544
ORD0095507,24.07174603174603,0.975703686041666
ORD0095508,15.46798148148149,0.09713479985331733
ORD0095509,24.916909451659453,0.34458403920220826
ORD0095510,12.549845238095237,0.15375731843352142
ORD0095511,16.601891534391527,0.5503663292712314
ORD0095512,11.449880952380955,0.35675159599728007
ORD0095513,25.87061243386244,0.6378512896023723
ORD0095514,19.744224867724867,0.5964457402702016
ORD0095515,21.72183862433862,0.9373571995311808
ORD0095516,29.642291005291007,0.005652342036691983
ORD0095517,19.16977777777778,0.11389475533955297
ORD0095518,30.904337061087038,0.2652260655305641
ORD0095519,29.69536507936508,0.42116499902740967
ORD0095520,53.86435185185188,0.29695383111147844
ORD0095521,49.009210317460344,0.858004686568906
ORD0095522,22.740103174603178,0.8398766578040145
ORD0095523,25.903118205868207,0.8508256008175701
ORD0095524,12.252473544973547,0.00576288881007571
ORD0095525,16.24577777777778,0.13751273141983364
ORD0095526,9.550526455026453,0.005361445509986624
ORD0095527,20.483490740740745,0.005652342036691983
ORD0095528,11.608572751322749,0.0
ORD0095529,14.578978835978841,0.15844753542141565
ORD0095530,12.405407768157769,0.8650372322537397
ORD0095531,22.24212301587301,0.023834643167564475
ORD0095532,16.752608465608475,0.009927421499722136
ORD0095533,25.00929100529102,0.27591167572031927
ORD0095534,37.99153174603174,0.5531827797412115
ORD0095535,31.424992063492045,0.6578237542845227
ORD0095536,26.994814814814816,0.9900003224422876
ORD0095537,20.844238095238097,0.0033333333333333335
ORD0095538,15.82624735449735,0.025608935904340643
ORD0095540,17.68466798941799,0.033052324236631826
ORD0095541,17.556026455026462,0.0
ORD0095542,22.9638813131313,0.5644197943692312
ORD0095543,29.294271885521873,0.9085160242176469
ORD0095544,22.095986772486768,0.930472033731595
ORD0095545,21.335908730158724,0.05479705118800397
ORD0095546,20.53539417989417,0.02685873727518242
ORD0095547,20.503654761904777,0.9905456359832436
ORD0095548,18.869846560846558,0.988971053217364
ORD0095549,17.238750000000003,0.02713292455677901
ORD0095550,14.628194444444446,0.07320076644954679
ORD0095551,12.064626984126987,0.09386430431873123
ORD0095552,22.411253968253984,0.0
ORD0095553,19.62857539682539,0.0019264067148252052
ORD0095554,23.00243121693122,0.40754329759818
ORD0095555,23.202310846560852,0.024436736417934254
ORD0095556,14.80120634920635,0.3606888006762849
ORD0095557,16.766539682539683,0.02086291116278959
ORD0095558,25.037579365079363,0.9260609087955924
ORD0095559,27.115215608465604,0.783057977574718
ORD0095560,36.49577513227512,0.06663672601939212
ORD0095561,43.4070634920635,0.17382292615392897
ORD0095562,47.14779761904762,0.0004758509008022873
ORD0095563,22.50712301587302,0.9699634271014145
ORD0095564,20.472582010582,0.16329584397471103
ORD0095565,20.495531746031748,0.03101848390642634
ORD0095566,13.715960317460318,0.041704624707477975
ORD0095567,94.7599576719577,0.0
ORD0095568,33.41509259259258,0.24656853155016928
ORD0095569,22.52335714285714,0.3341156573228077
ORD0095570,19.981302910052918,0.004168220125815482
ORD0095571,15.243153439153451,0.002680722754993312
ORD0095572,40.86291269841269,0.4865884856629135
ORD0095573,23.6506038961039,0.06645060392471128
ORD0095574,25.043611231361236,0.8080512118075854
ORD0095575,13.242166666666659,0.4121653859147327
ORD0095576,25.095667989418,0.9671240359836331
ORD0095577,23.12648148148148,0.7389131641061992
ORD0095578,17.884919312169313,0.009266133501612343
ORD0095579,13.041168470418468,0.20052995625975994
ORD0095580,17.968236772486772,0.7074424560039821
ORD0095581,21.0045094997595,0.8598490849649156
ORD0095582,39.21810449735449,0.24591660094860615
ORD0095583,24.63350661375661,0.20231343352045772
ORD0095584,21.590252886002887,0.9666616916867978
ORD0095585,28.457070105820105,0.29728872012129404
ORD0095586,21.00558730158732,0.6612411653408663
ORD0095587,18.83958994708995,0.15012655348397397
ORD0095588,40.44851334776337,0.2820175989477021
ORD0095589,22.057973544973553,0.3042368682478736
ORD0095590,20.19665608465608,0.3194113071720991
ORD0095591,19.880341269841267,0.2609895056914832
ORD0095592,17.077644901394894,0.10870780366028443
ORD0095593,13.403596560846568,0.2810317215927471
ORD0095594,23.284373015873005,0.47109622463407497
ORD0095595,16.548887566137566,0.27624706005765
ORD0095596,23.599101851851874,0.4736371363712291
ORD0095597,21.789740435490437,0.8369021951251457
ORD0095598,15.132461640211643,0.18446563587825315
ORD0095599,21.140972222222228,0.16604900124315802
ORD0095600,26.9968265993266,0.5625223989726177
ORD0095601,20.341285714285696,0.7590813604262414
ORD0095602,19.757087301587305,0.8842223390410212
ORD0095603,17.911392857142854,0.9751163423187319
ORD0095604,31.799294973544953,0.0
ORD0095605,10.999541005291011,0.07943888693750996
ORD0095606,18.641616883116885,0.41492076319190235
ORD0095607,12.844025132275135,0.23103341244876513
ORD0095608,13.825476070226065,0.5935137305721193
ORD0095609,13.887021164021162,0.4210549769031871
ORD0095610,10.82115343915344,0.002680722754993312
ORD0095611,12.388650793650799,0.004130505127532816
ORD0095612,14.613311327561327,0.007894155447682261
ORD0095613,13.339960317460315,0.0
ORD0095614,12.45736223036223,0.029320810870569248
ORD0095615,13.708003968253973,0.00778315683853749
ORD0095616,12.332281746031743,0.0016888043372695538
ORD0095617,13.123842592592593,0.0
ORD0095618,12.570095238095233,0.07816572221958738
ORD0095619,10.464814814814815,0.36293824844956374
ORD0095620,11.544810846560846,0.1014336724034836
ORD0095621,11.906626984126985,0.5084088711813286
ORD0095622,13.10499603174603,0.8746162007418402
ORD0095623,14.089354497354504,0.0
ORD0095624,15.088021164021171,0.4005431306056462
ORD0095625,22.36913492063492,0.154114670898168
ORD0095626,22.020813492063485,0.972539347078735
ORD0095627,18.55673677248676,0.03408256413067479
ORD0095628,17.98356216931217,0.974119745518203
ORD0095629,15.222289987789988,0.0071643495769738675
ORD0095630,17.64510185185186,0.20757291293572316
ORD0095631,17.12680687830687,0.07537472949395131
ORD0095632,30.200760582010577,0.8377133683818074
ORD0095633,22.599621693121694,0.031968776647006196
ORD0095634,23.687477272727268,0.9796277628983724
ORD0095635,21.33571296296296,0.1652304880700352
ORD0095636,18.175439153439154,0.00492253616598359
ORD0095637,16.354746031746032,0.0
ORD0095638,25.517189153439162,0.9988581749409767
ORD0095639,23.54644576719577,0.2149706844935488
ORD0095640,21.480473544973535,0.5070239593697896
ORD0095641,19.249927350427356,0.0
ORD0095642,23.93066798941799,0.005361445509986624
ORD0095643,19.361824074074065,0.6244242047866797
ORD0095644,15.004662698412698,0.732536316204517
ORD0095645,8.410067460317467,0.06252244518059627
ORD0095646,8.736833333333333,0.33967535678455774
ORD0095647,14.064870370370372,0.5124701439547886
ORD0095648,13.400383597883604,0.8577973101901775
ORD0095649,26.629157407407394,0.9147723686928477
ORD0095650,19.60464285714286,0.14400800258268553
ORD0095651,16.43026587301588,0.49999105237236846
ORD0095652,35.96114285714287,0.035980551358562506
ORD0095653,15.075095238095233,0.1785788967464267
ORD0095654,13.759366402116399,0.5077885176302197
ORD0095655,18.74211111111112,0.5131090112608786
ORD0095656,30.855226190476188,0.5446286980293685
ORD0095657,21.786626984126983,0.5690331221981503
ORD0095658,24.148193121693136,0.8862180324822291
ORD0095659,19.69596031746031,0.0
ORD0095660,22.50643518518519,0.04990534116266945
ORD0095661,26.423498677248656,0.011304684073383966
ORD0095662,50.12592724867726,0.1277395688270013
ORD0095663,25.86675529100529,0.058570452932221774
ORD0095664,22.954333333333317,0.33637482760564574
ORD0095665,8.94769312169312,0.0
ORD0095666,9.49929365079365,0.01599598442011785
ORD0095667,15.298051587301586,0.002680722754993312
ORD0095668,17.68752513227513,0.04001607339891582
ORD0095669,25.5320992063492,0.22719180411065545
ORD0095670,31.21249206349207,0.4471572365283083
ORD0095671,24.170794011544018,0.34661195291151503
ORD0095672,29.212134920634895,0.943903127984857
ORD0095673,24.4185165945166,0.5271718580386069
ORD0095674,17.991103174603165,0.0
ORD0095675,10.852247354497354,0.012525795086960492
ORD0095676,13.524514550264554,0.037269304233884845
ORD0095677,22.524365079365076,0.026645129663270175
ORD0095678,17.992693121693115,0.002680722754993312
ORD0095679,26.314839947089947,0.9917651773591462
ORD0095680,14.06162830687831,0.35189506145455196
ORD0095681,20.77162830687831,0.3975283362112574
ORD0095682,18.66241931216931,0.5870991564524114
ORD0095683,13.36817857142857,0.042614421113165386
ORD0095684,18.80009523809524,0.43234096802081495
ORD0095685,27.546485449735453,0.9849508432093952
ORD0095686,13.639501322751318,0.12859355547581175
ORD0095687,13.453941438191443,0.08965309028866295
ORD0095688,13.070751322751331,0.6707957752183651
ORD0095689,17.755917989418,0.03867464572797788
ORD0095690,19.792451058201063,0.0
ORD0095691,20.736358465608475,0.12215473843567357
ORD0095692,17.891484126984114,0.33059167523831423
ORD0095693,21.479895502645498,0.0453925648462596
ORD0095694,23.438373015873015,0.8290478761082192
ORD0095695,21.864130832130833,0.14310746085114145
ORD0095696,21.725601851851856,0.6823215481583983
ORD0095697,19.26307142857144,0.4869403289736358
ORD0095698,31.949120370370377,0.020710199962975306
ORD0095699,19.028853174603167,0.7858403055567069
ORD0095700,21.5121335978836,0.897690193343215
ORD0095701,28.47912698412697,0.0
ORD0095702,24.02187433862434,0.24456392405144622
ORD0095703,24.756071428571435,0.12929225299249453
ORD0095704,20.727107984607972,0.0
ORD0095705,27.428071428571425,0.4918509243660814
ORD0095706,27.320769841269843,0.31738982655322645
ORD0095707,16.247346560846562,0.025695884424093752
ORD0095708,15.720220899470899,0.024552875201019127
ORD0095709,22.268642857142858,0.5483242230017252
ORD0095710,21.498013227513237,0.8915469939183814
ORD0095711,20.291665343915337,0.9704177692989033
ORD0095712,20.95349338624339,0.9468994559974817
ORD0095713,15.869182539682546,0.09649082951635692
ORD0095714,28.6954007936508,0.009845072331967181
ORD0095715,27.817332130832142,0.0029716192816986713
ORD0095716,17.371261904761912,0.706241145816146
ORD0095717,15.322168710918707,0.19564942607903346
ORD0095718,20.52671428571427,0.8791829978923925
ORD0095719,15.232585978835983,0.16836277584524945
ORD0095720,29.993062409812403,0.12687771408394125
ORD0095721,26.411534391534406,0.9039651951125156
ORD0095722,19.480172799422803,0.5469595248381137
ORD0095723,24.724564333814328,0.2373119130265197
ORD0095724,27.62000793650795,0.14446817697371722
ORD0095725,18.525190476190485,0.45091402716768203
ORD0095726,20.882845238095232,0.37867177025042875
ORD0095727,19.508898148148145,0.05568926701673328
ORD0095728,17.809492063492073,0.3430496835284419
ORD0095729,13.7354041051541,0.17383638947059937
ORD0095730,10.36390476190476,0.04492487018752529
ORD0095731,14.19950132275132,0.39823660988805204
ORD0095732,14.87396957671958,0.13633276735888278
ORD0095733,13.721014550264554,0.2778251344153341
ORD0095734,16.939021469271466,0.09829103821594022
ORD0095735,13.931884920634923,0.09739300760550489
ORD0095736,22.101068542568555,0.5990085952635453
ORD0095737,13.900227633477629,0.3168238801213832
ORD0095738,15.143718253968258,0.9181535933130501
ORD0095739,11.145519841269845,0.6738621993291389
ORD0095740,9.529859788359786,0.31841228805580435
ORD0095741,11.32721825396825,0.16537540006216714
ORD0095742,14.489283068783074,0.5405300325085689
ORD0095743,13.026170634920634,0.6002268830489768
ORD0095744,12.562711640211639,0.5312519782123317
ORD0095745,15.869005291005294,0.7861320122131042
ORD0095746,12.846044973544975,0.03528731037533354
ORD0095747,11.991550264550266,0.0022418134109902775
ORD0095748,10.018829365079368,0.0022418134109902775
ORD0095749,14.03268121693122,0.1888481944633819
ORD0095750,12.350715608465602,0.027865336493488605
ORD0095751,10.775511904761913,0.0
ORD0095752,11.356759740259738,0.0022418134109902775
ORD0095753,10.78474603174603,0.1587962546554142
ORD0095754,10.352220899470899,0.6046003395227434
ORD0095755,11.349904761904764,0.6626748475449543
ORD0095756,10.320354256854259,0.01966563449447465
ORD0095757,11.06046164021165,0.0
ORD0095758,13.962199735449737,0.011824773195942091
ORD0095759,17.148238095238096,0.007749783217327324
ORD0095760,18.324071428571433,0.008296573510069098
ORD0095761,11.795338624338624,0.012547592272970368
ORD0095762,14.297666666666668,0.032469698950259446
ORD0095763,18.840138888888884,0.06139149170930542
ORD0095764,12.21632275132275,0.006054760099078821
ORD0095765,14.406033068783069,0.005213432692688949
ORD0095766,18.906001322751322,0.04748738402380593
ORD0095767,16.786363756613756,0.096296959098604
ORD0095768,17.678587301587296,0.14988266724052227
ORD0095769,28.31504365079365,0.048228153661727925
ORD0095770,20.799682539682525,0.0
ORD0095771,15.222629629629633,0.00852022592818952
ORD0095772,35.610170634920614,0.5336266118538499
ORD0095773,14.840190476190479,0.002680722754993312
ORD0095774,30.921691798941797,0.0071643495769738675
ORD0095775,57.38545634920636,0.002680722754993312
ORD0095776,31.1096111111111,0.0
ORD0095777,14.866056878306875,0.5685473748636086
ORD0095778,9.921570105820106,0.06477935247708931
ORD0095779,7.979579365079363,0.11808038197596467
ORD0095780,12.596788600288601,0.5952457060323313
ORD0095781,23.644809163059158,0.9470745313832541
ORD0095782,27.56401455026456,0.31510897916850455
ORD0095783,12.93976322751323,0.13728938781693517
ORD0095784,12.448011904761907,0.14133733638490648
ORD0095785,12.029726190476195,0.535022985149595
ORD0095786,14.137542328042322,0.3299064005489615
ORD0095787,12.573551587301584,0.7111638290645073
ORD0095788,21.693003968253972,0.5015467653341993
ORD0095789,18.886058201058198,0.789377920962518
ORD0095790,10.936973063973065,0.5628883272195021
ORD0095791,35.04175,0.28968570256839754
ORD0095792,24.298832852332865,0.013115374285851552
ORD0095793,17.434417989417984,0.0
ORD0095794,24.713273809523795,0.10319817281468902
ORD0095795,42.63827910052908,0.1759432182801832
ORD0095796,17.248968253968243,0.03676991499621211
ORD0095797,21.965404761904757,0.7982298745934269
ORD0095798,21.534342592592598,0.08673305854040432
ORD0095799,9.005091269841273,0.0
ORD0095800,12.62806746031746,0.0
ORD0095801,8.327225829725831,0.175018496726097
ORD0095802,11.022384920634925,0.0
ORD0095803,13.088865079365078,0.0
ORD0095804,11.723921957671958,0.3459197680860764
ORD0095805,14.637232804232807,0.027055457211905793
ORD0095806,23.252223544973553,0.32423748284592946
ORD0095807,22.799539682539685,0.0383621101325685
ORD0095808,25.718996031746027,0.5664587147020483
ORD0095809,13.22448015873016,0.0
ORD0095810,11.52918253968254,0.030335319154649452
ORD0095811,10.02516534391534,0.08681071430196724
ORD0095812,14.672719576719583,0.0029716192816986713
ORD0095813,17.661117724867722,0.0
ORD0095814,14.908674603174605,0.008905964143294866
ORD0095815,16.668756613756614,0.9556675785871183
ORD0095816,15.297297619047622,0.26351289930788596
ORD0095817,18.923980158730153,0.9980040708549499
ORD0095818,16.38230687830688,0.6704567840813708
ORD0095819,22.605554232804234,0.011124334320062334
ORD0095820,16.50664153439153,0.9299707008077093
ORD0095821,105.55359788359789,0.019835233874945596
ORD0095822,44.55774206349206,0.0
ORD0095823,15.074100529100534,0.7203306439748652
ORD0095824,11.033595238095243,0.0
ORD0095825,19.22062794612795,0.9988803338514104
ORD0095826,11.092023809523813,0.020858859878645792
ORD0095827,17.392305555555552,0.0
ORD0095828,10.934666666666674,0.0
ORD0095829,14.59498148148148,0.05026575058557873
ORD0095830,13.566343915343916,0.06452261959413405
ORD0095831,13.88556349206349,0.29198061866556413
ORD0095832,17.601558201058207,0.29120796231621227
ORD0095833,16.94684259259259,0.5034588213030012
ORD0095834,15.617261904761905,0.32522601687806796
ORD0095835,17.45923412698412,0.9684112852246204
ORD0095836,18.759794973544988,0.9099091230427774
ORD0095837,19.978399470899472,0.028432055157406745
ORD0095838,23.325416666666673,0.0
ORD0095839,15.103920634920636,0.9874911635988807
ORD0095840,16.20512698412698,0.01559701587327846
ORD0095841,18.904932539682537,0.0
ORD0095842,26.558031385281392,0.23163298470399785
ORD0095843,20.279027777777777,0.17151162639269682
ORD0095844,10.240042328042328,0.0022418134109902775
ORD0095845,11.934399470899471,0.0
ORD0095846,37.82337169312171,0.7707796268851099
ORD0095847,26.00996296296297,0.801746125017446
ORD0095848,15.43291269841269,0.09807493180225325
ORD0095849,12.32930555555555,0.03795752526650423
ORD0095850,19.9088716931217,0.9959571860561736
ORD0095851,13.884846560846556,0.9710350818162224
ORD0095852,20.25669841269841,0.9923543672886708
ORD0095853,20.401031746031737,0.9933333333333333
ORD0095854,13.107633477633483,0.27286235553021904
ORD0095855,11.095423280423276,0.2543917996902856
ORD0095856,14.792137566137574,0.20542327702670496
ORD0095857,19.696359547859547,0.2842986748821922
ORD0095858,15.043855820105822,0.2800803976951863
ORD0095859,15.147961640211646,0.5486142584730678
ORD0095860,23.353697089947094,0.04479700126391379
ORD0095861,25.19766534391535,0.046383434464555756
ORD0095862,19.980237614237605,0.7591722728956505
ORD0095863,18.170670634920643,0.03945574643440172
ORD0095864,17.015371693121693,0.12791801781237738
ORD0095865,13.838882395382395,0.23422395880709018
ORD0095866,20.87569576719578,0.1479259496925685
ORD0095867,20.207353174603167,0.029654777233032465
ORD0095868,13.611355820105816,0.22584376465297215
ORD0095869,14.896444444444453,0.05378101140735743
ORD0095870,14.23172354497354,0.09034273707070212
ORD0095871,13.868600529100531,0.05253554662916173
ORD0095872,15.413880952380948,0.2981198760592595
ORD0095873,9.859289682539684,0.10373084534402575
ORD0095874,23.275612554112552,0.015516102087065041
ORD0095875,13.105051587301592,0.5536656828972997
ORD0095876,18.81200793650794,0.3016526441542881
ORD0095877,14.973146825396828,0.1296552748822663
ORD0095878,15.567492063492066,0.3846454945402841
ORD0095879,9.67058333333333,0.015582348342830772
ORD0095880,16.75844047619048,0.06650978692316377
ORD0095881,15.9053253968254,0.7515159658786508
ORD0095882,22.237436507936515,0.7914259178187951
ORD0095883,15.026411375661377,0.8911983604328998
ORD0095884,12.79187169312169,0.8601355199699154
ORD0095885,10.02608333333333,0.17834663640876053
ORD0095886,9.338578042328038,0.15977272785978902
ORD0095887,9.12088888888889,0.3548492145790265
ORD0095888,14.583827561327558,0.2974066020592634
ORD0095889,11.632626984126984,0.371781304491046
ORD0095890,8.950769841269844,0.0
ORD0095891,10.86696031746032,0.0
ORD0095892,9.717296296296292,0.004683514201253541
ORD0095893,8.679375661375659,0.002680722754993312
ORD0095894,9.329322751322753,0.0
ORD0095895,9.467559523809522,0.0
ORD0095896,9.543777056277053,0.01281669161366585
ORD0095897,10.761071428571425,0.13467795234189428
ORD0095898,8.279025132275125,0.20475044650411298
ORD0095899,10.63597619047619,0.21166951080220694
ORD0095900,11.983834656084655,0.5758341033075337
ORD0095901,9.459801587301584,0.0
ORD0095902,8.84322751322751,0.002680722754993312
ORD0095903,23.455265873015865,0.021580246284380458
ORD0095904,15.365764550264545,0.042468387229344776
ORD0095905,20.635115079365075,0.0
ORD0095906,25.590480158730152,0.025463891876060706
ORD0095907,10.072789682539677,0.020945871244867555
ORD0095908,14.080650793650793,0.08510122445476956
ORD0095909,10.070646825396826,0.005122423545256575
ORD0095910,16.19561111111111,0.0314344005578172
ORD0095911,19.737059523809524,0.25265882568553755
ORD0095912,19.825952380952383,0.025367440330957395
ORD0095913,17.793289682539683,0.5996400746844088
ORD0095914,15.935798701298706,0.13045053685643146
ORD0095915,15.275056878306874,0.0
ORD0095916,14.739396825396831,0.0
ORD0095917,19.709048941798937,0.9273217037537486
ORD0095918,23.168129629629647,0.19776542086759816
ORD0095919,19.807353174603172,0.04142165710321272
ORD0095920,14.187408730158738,0.502878668769337
ORD0095921,13.97836904761905,0.5811873007809559
ORD0095922,9.144057840307841,0.0912578396831288
ORD0095923,9.405474867724866,0.13361471088453844
ORD0095924,12.867597643097646,0.8459484205308392
ORD0095925,11.285779220779217,0.5534815860879021
ORD0095926,22.395351851851846,0.8881343175955546
ORD0095927,21.592535714285706,0.9475086393609012
ORD0095928,17.8061798941799,0.23125670965864642
ORD0095929,10.790984126984132,0.16270827653696127
ORD0095930,15.883870370370369,0.45588773269853666
ORD0095931,10.750310846560845,0.3385431679736402
ORD0095932,22.248114838864826,0.48473323443464184
ORD0095933,18.298718253968254,0.7539623478819415
ORD0095934,16.241988095238085,0.5740558819526711
ORD0095935,11.261357142857143,0.8382374226683426
ORD0095936,15.946158730158716,0.0022418134109902775
ORD0095937,13.100968253968256,0.031942437898815956
ORD0095938,33.558075396825394,0.0071643495769738675
ORD0095939,32.761653439153434,0.11002709132174239
ORD0095940,14.79049627224626,0.07522490510122298
ORD0095941,10.003263227513221,0.013216531482016479
ORD0095942,12.67471031746032,0.0
ORD0095943,10.520530423280428,0.46322922949911144
ORD0095944,17.36862794612795,0.38824178298951906
ORD0095945,15.244460317460316,0.0
ORD0095946,14.120976190476188,0.004992815138250585
ORD0095947,11.11198148148148,0.12268872095181493
ORD0095948,19.47828439153439,0.16844984267167457
ORD0095949,15.797936507936514,0.002680722754993312
ORD0095950,32.545030423280444,0.37680952302663884
ORD0095951,34.29399206349206,0.8567214614045686
ORD0095952,19.890585978835976,0.0692438109197998
ORD0095953,14.822043650793654,0.0
ORD0095954,10.251976190476189,0.007439029879218572
ORD0095955,17.930281746031746,0.027459654413836628
ORD0095956,24.070722222222223,0.9919990341514807
ORD0095957,15.852615079365071,0.2844128056500692
ORD0095958,19.412442881192874,0.0413678036901714
ORD0095959,18.275698412698407,0.6932256566354376
ORD0095960,26.18030026455026,0.026200574902090667
ORD0095961,21.48925264550265,0.0
ORD0095962,14.74617063492063,0.10802048170812618
ORD0095963,22.53486904761905,0.9143909237066256
ORD0095964,12.573920634920643,0.016470504805194762
ORD0095965,12.515742063492066,0.0
ORD0095966,13.268716931216932,0.18984951161037183
ORD0095967,16.444435185185196,0.0
ORD0095968,15.63916402116402,0.09847699097826601
ORD0095969,10.998888888888887,0.014821366102268077
ORD0095970,17.79271428571429,0.48356312848635097
ORD0095971,23.402460317460324,0.809185248151177
ORD0095972,23.317597883597877,0.9579351735914142
ORD0095973,16.050740740740746,0.015145516390877892
ORD0095974,30.139756613756607,0.07618705554796022
ORD0095975,29.028365079365077,0.0
ORD0095976,15.210522486772492,0.11720311154342873
ORD0095977,19.390125661375667,0.052076183589908835
ORD0095978,13.753957671957675,0.044147369200073804
ORD0095979,70.07723544973547,0.0
ORD0095980,84.92717857142856,0.11085178102718032
ORD0095981,19.104722222222218,0.002680722754993312
ORD0095982,23.070674603174606,0.229243591792461
ORD0095983,20.633843915343927,0.02719549543315003
ORD0095984,13.031653439153438,0.028427496695504116
ORD0095985,13.905232804232801,0.0
ORD0095986,20.53953439153438,0.596928567686605
ORD0095987,25.53850661375661,0.32139301654446795
ORD0095988,14.77717857142857,0.056557161921937944
ORD0095989,15.082404401154403,0.8778587968910305
ORD0095990,20.35041666666667,0.9932486889564303
ORD0095991,11.914881313131312,0.30191691325752495
ORD0095992,49.47830519480518,0.0
ORD0095993,13.959547619047614,0.28693531221011065
ORD0095994,12.443283068783067,0.20747942991372928
ORD0095995,18.682308802308814,0.8547076560470932
ORD0095996,17.247701058201063,0.7021246643424616
ORD0095997,35.185329365079376,0.060945556715835125
ORD0095998,24.228275132275133,0.09505104307765722
ORD0095999,16.856330687830688,0.8290082018836941
ORD0096000,23.8235119047619,0.6803669642773896
ORD0096001,22.51399025974027,0.4210567537533957
ORD0096002,25.37214478114478,0.11939247168188855
ORD0096003,21.401025132275137,0.4849902574299651
ORD0096004,14.497570105820103,0.19594431364293505
ORD0096005,23.43047222222222,0.1505971977080513
ORD0096006,19.18407142857143,0.2272067476364153
ORD0096007,16.551410718910727,0.13101887106408894
ORD0096008,13.171537037037032,0.25252171940894985
ORD0096009,15.802100529100535,0.1903938717293227
ORD0096010,16.34868253968254,0.23966403003535006
ORD0096011,15.597210317460316,0.7520637108345363
ORD0096012,12.165055555555556,0.02211948465207582
ORD0096013,15.5169656084656,0.21313267789058452
ORD0096014,13.53868121693122,0.13976945312247435
ORD0096015,12.133649470899469,0.4897578477243158
ORD0096016,11.037488095238093,0.3624732668637113
ORD0096017,11.667138888888891,0.121328464464877
ORD0096018,14.995796296296291,0.18986704551979786
ORD0096019,12.220935185185185,0.23117477401618858
ORD0096020,12.04846428571428,0.44880362512497984
ORD0096021,10.771317460317457,0.443178042715737
ORD0096022,11.370246031746033,0.0
ORD0096023,11.285937830687832,0.0
ORD0096024,12.451992063492064,0.0
ORD0096025,10.077354497354499,0.006609920916078746
ORD0096026,9.505236772486773,0.0
ORD0096027,10.462511904761902,0.15583749279186315
ORD0096028,12.371775132275133,0.0
ORD0096029,10.605365079365075,0.6426408478823428
ORD0096030,10.403503968253968,0.0
ORD0096031,15.620630230880227,0.9152336907717826
ORD0096032,10.318494708994708,0.005361445509986624
ORD0096033,9.740665343915342,0.0
ORD0096034,9.391880952380953,0.0
ORD0096035,14.397548941798947,0.0
ORD0096036,16.47596224146225,0.31182787509361454
ORD0096037,20.677985449735452,0.0027508623199087113
ORD0096038,33.32827777777777,0.340098221975954
ORD0096039,12.924439153439154,0.020168202327143944
ORD0096040,11.916539682539693,0.014406060171184938
ORD0096041,19.526533068783063,0.9804968297947395
ORD0096042,22.909924603174613,0.06121667348288463
ORD0096043,20.367423280423278,0.25294131512552215
ORD0096044,17.065760582010576,0.1655259780867347
ORD0096045,22.53544047619048,0.5266287422965981
ORD0096046,14.559419312169318,0.0
ORD0096047,11.806007936507944,0.02783882928426874
ORD0096048,29.220556878306876,0.8150453618968997
ORD0096049,26.66976984126984,0.5264714065541269
ORD0096050,19.91890873015873,0.017180069181438905
ORD0096051,20.064936026936014,0.1455582895932145
ORD0096052,22.319193121693125,0.6415435518880261
ORD0096053,17.520249999999997,0.40845906426960404
ORD0096054,9.980002645502648,0.1954948632777496
ORD0096055,9.703076719576716,0.15077161296469954
ORD0096056,12.340576358826349,0.6827106295700858
ORD0096057,12.949407407407408,0.6954243322458685
ORD0096058,26.68676563251563,0.9798698682405957
ORD0096059,21.195866402116394,0.5421387458364079
ORD0096060,13.982284391534385,0.4164512682267552
ORD0096061,10.151063492063487,0.19429788419073518
ORD0096062,13.736198412698414,0.322271510290313
ORD0096063,10.939476190476189,0.42892018119742026
ORD0096064,11.558473544973548,0.4547796439358166
ORD0096065,26.764941798941802,0.25894865725557586
ORD0096066,26.37057407407409,0.6838979152651499
ORD0096067,17.451488095238094,0.271885493818357
ORD0096068,14.058253968253975,0.571651837738512
ORD0096069,19.343301587301593,0.0
ORD0096070,12.026161375661378,0.0
ORD0096071,21.227777777777774,0.058460548258036885
ORD0096072,19.43946693121694,0.15517694591537515
ORD0096073,22.652785714285713,0.03365395530303736
ORD0096074,17.931011904761906,0.23572315491211063
ORD0096075,21.982038359788366,0.29084876454096664
ORD0096076,59.4942077922078,0.002680722754993312
ORD0096077,12.157706349206348,0.0
ORD0096078,16.73427380952381,0.25012460571349965
ORD0096079,11.342615079365077,0.0
ORD0096080,12.808723544973542,0.9756529471026052
ORD0096081,15.647970899470893,0.0
ORD0096082,18.804448412698413,0.9049046000809204
ORD0096083,16.341023809523808,0.005763863572373461
ORD0096084,13.85685714285714,0.04293535181532866
ORD0096085,20.072900793650795,0.06409100842448502
ORD0096086,17.368202380952383,0.008255869499316922
ORD0096087,27.046285714285705,0.08148306619181594
ORD0096088,40.807998677248676,0.5034223944193544
ORD0096089,36.15094312169311,0.30202120882632805
ORD0096090,15.948869047619048,0.0049225361659835905
ORD0096091,13.715198412698413,0.007981166813904024
ORD0096092,13.878783068783074,0.0033333333333333335
ORD0096093,15.97165873015873,0.03950105715633834
ORD0096094,21.896769841269837,0.0019264067148252052
ORD0096095,24.377380952380953,0.0
ORD0096096,18.86822354497353,0.006014056088326645
ORD0096097,16.866585497835498,0.5513122784792891
ORD0096098,21.33661640211641,0.003142100570921406
ORD0096099,20.773779220779222,0.007364236956246852
ORD0096100,19.595212962962968,0.003037542591976062
ORD0096101,15.182834656084655,0.004168220125815483
ORD0096102,23.40888095238095,0.9044709158079735
ORD0096103,92.93521164021165,0.011666398125018629
ORD0096104,69.16989682539682,0.032200724418398746
ORD0096105,82.73561243386243,0.07454270551768966
ORD0096106,65.7807002164502,0.02549066916912055
ORD0096107,51.72458068783069,0.0
ORD0096108,94.08425396825396,0.0
ORD0096109,20.65602116402116,0.060115308645694344
ORD0096110,16.833033068783074,0.04973379754311511
ORD0096111,13.33538443963444,0.03964266300248298
ORD0096112,13.803846440596445,0.32864744966935455
ORD0096113,18.310857142857138,0.0
ORD0096114,20.035710317460328,0.0
ORD0096115,20.03676984126983,0.1253951767357818
ORD0096116,18.66391666666668,0.4824915206597434
ORD0096117,25.03007142857141,0.5292170729183894
ORD0096118,22.937628306878302,0.4809516169760719
ORD0096119,31.815607142857154,0.9907058547570214
ORD0096120,32.02516269841267,0.017489221450933345
ORD0096121,20.928965608465614,0.9967744892990925
ORD0096122,26.271662698412694,0.974713782919938
ORD0096123,18.9686507936508,0.0
ORD0096124,22.43302116402117,0.019798953216166003
ORD0096125,30.420896825396824,0.4495884074606974
ORD0096126,15.576365079365084,0.0
ORD0096127,20.575428571428564,0.0
ORD0096128,33.969984126984116,0.9273211672911608
ORD0096129,31.412484126984122,0.6607197616914228
ORD0096130,22.984682539682545,0.11235215625659628
ORD0096131,13.067826719576718,0.13124404929520864
ORD0096132,27.569821428571437,0.9922117712748512
ORD0096133,23.45058862433862,0.9993473894216599
ORD0096134,23.682615079365082,0.9667828611035574
ORD0096135,20.269153439153435,0.3980555555829883
ORD0096136,14.283055555555563,0.39130545805232775
ORD0096137,21.526460317460337,0.269190918086778
ORD0096138,19.037297619047617,0.4402107251929557
ORD0096139,21.755960317460328,0.6186516771234039
ORD0096140,18.99884259259259,0.44191111263060445
ORD0096141,31.349940476190465,0.07509246641230125
ORD0096142,27.264593434343443,0.06763808242792267
ORD0096143,20.72378174603174,0.850869696463647
ORD0096144,24.221149470899466,0.9346342001292699
ORD0096145,26.4466917989418,0.12989179706301737
ORD0096146,24.905216931216923,0.14231876388586154
ORD0096147,19.139415343915353,0.31651652404617137
ORD0096148,21.62405555555555,0.3936968378108635
ORD0096149,23.51007671957672,0.04249145777506346
ORD0096150,30.62280952380952,0.27750228764043716
ORD0096151,16.202698412698414,0.2268205269375156
ORD0096152,23.197634920634933,0.15214866941134084
ORD0096153,24.814330687830694,0.055694768977890836
ORD0096154,14.878645502645501,0.07547250337095379
ORD0096155,17.164357142857146,0.3926390254755973
ORD0096156,13.707334656084658,0.3421142017392338
ORD0096157,16.72301322751323,0.06772552328987119
ORD0096158,26.046071548821548,0.16558336119234296
ORD0096159,19.438585978835956,0.03943960125192219
ORD0096160,22.14480844155844,0.0932201777201481
ORD0096161,15.521861111111114,0.08210764359379798
ORD0096162,13.231575396825393,0.06377859957258535
ORD0096163,18.49201984126985,0.1984637676439134
ORD0096164,14.92394841269841,0.2838033787121857
ORD0096165,12.554558201058198,0.1759581520356082
ORD0096166,17.759224867724864,0.5007182950787549
ORD0096167,22.051920634920627,0.6081550933188242
ORD0096168,18.491677248677252,0.8816582204927984
ORD0096169,13.827633597883596,0.7781658644422581
ORD0096170,13.503158008658014,0.054773786100294604
ORD0096171,13.243558201058194,0.0
ORD0096172,16.30985185185185,0.010218817332302585
ORD0096173,14.246661375661379,0.0
ORD0096174,12.575165343915344,0.10020238069798006
ORD0096175,13.513123015873019,0.0029716192816986713
ORD0096176,11.11735317460318,0.0
ORD0096177,10.526099206349198,0.0
ORD0096178,12.17222354497354,0.22108051679074875
ORD0096179,10.443859788359788,0.011156671256086291
ORD0096180,12.021867724867729,0.2596770118492136
ORD0096181,11.864861111111106,0.08528867245883873
ORD0096182,14.084396825396832,0.5816375796300132
ORD0096183,10.077422438672434,0.017628892941150914
ORD0096184,11.185003968253966,0.0
ORD0096185,27.490309523809515,0.014301610790451811
ORD0096186,20.077895502645497,0.11124509873849514
ORD0096187,24.06851984126985,0.002680722754993312
ORD0096188,11.904158730158729,0.01272506035587322
ORD0096189,21.31620634920634,0.07887482983133201
ORD0096190,12.477178571428569,0.08901632184677566
ORD0096191,30.020100529100535,0.0022418134109902775
ORD0096192,59.59023015873016,0.07996432083621269
ORD0096193,58.701187830687836,0.5963423939041108
ORD0096194,83.06214682539685,0.04025271194998655
ORD0096195,54.09223544973545,0.0
ORD0096196,105.11043783068783,0.0019264067148252052
ORD0096197,20.437096560846555,0.056142714116196236
ORD0096198,20.577119047619053,0.04623561757225627
ORD0096199,21.737697089947094,0.20793344066382666
ORD0096200,25.21700745550746,0.2593108491571756
ORD0096201,26.477065416065425,0.4618777810349013
ORD0096202,19.948937830687836,0.0
ORD0096203,29.945615079365083,0.9161658971555668
ORD0096204,33.725613395863405,0.9048640263917087
ORD0096205,20.70994047619048,0.06490409162932712
ORD0096206,21.651313492063487,0.5294719501956286
ORD0096207,17.24602116402117,0.08089080533371851
ORD0096208,15.417126262626267,0.753932078791921
ORD0096209,12.66908513708513,0.42485201294568936
ORD0096210,31.202480158730154,0.8065505523678093
ORD0096211,21.028509259259252,0.5352309124260447
ORD0096212,19.02801984126985,0.047356254839528725
ORD0096213,16.481284391534395,0.21705179373271358
ORD0096214,13.044019841269838,0.30611429955772623
ORD0096215,19.50353571428572,0.21259774837222806
ORD0096216,16.022461640211645,0.7060792166878181
ORD0096217,12.1980462962963,0.36199012397729985
ORD0096218,39.676325396825405,0.3901292178867387
ORD0096219,14.921774531024539,0.5477836213439408
ORD0096220,12.57354942279942,0.24143655591341448
ORD0096221,20.394367724867728,0.0
ORD0096222,19.53034463684463,0.09280158240034878
ORD0096223,18.12138492063492,0.0
ORD0096224,36.81132142857144,0.34473732077570074
ORD0096225,41.93608781033781,0.005857024463085036
ORD0096226,24.90628968253969,0.3313853960251509
ORD0096227,24.91116931216931,0.028994345754816356
ORD0096228,14.344468253968255,0.018638033092732036
ORD0096229,13.002613756613755,0.0
ORD0096230,13.655378306878307,0.5280514571328765
ORD0096231,11.32075396825397,0.012501284917500778
ORD0096232,19.15590355940356,0.31846853692786625
ORD0096233,14.720974867724863,0.0
ORD0096234,16.38168253968253,0.02441327464333811
ORD0096235,13.107332010582008,0.02018931241850692
ORD0096236,20.35440416065416,0.13159567791957882
ORD0096237,26.27889417989417,0.017470128438953958
ORD0096238,29.355060846560857,0.4188208574818528
ORD0096239,41.74380555555554,0.5435817155684013
ORD0096240,35.86043518518518,0.540554851684283
ORD0096241,18.71362566137566,0.013469302192005872
ORD0096242,12.965579365079371,0.008392004082858291
ORD0096243,15.033670634920627,0.014031913257853513
ORD0096244,11.921869047619047,0.03122626730091909
ORD0096245,15.87232671957672,0.0022418134109902775
ORD0096246,18.341353174603174,0.33131557487790286
ORD0096247,28.800432844932832,0.9239680289200309
ORD0096248,21.692484126984112,0.01707484802403814
ORD0096249,18.90213624338625,0.006410033536805761
ORD0096250,19.5010634920635,0.26982798286319515
ORD0096251,110.21979629629634,0.08170923355351208
ORD0096252,73.90039417989416,0.0
ORD0096253,63.28808862433862,0.003930617748259832
ORD0096254,20.433891534391535,0.2585229557069864
ORD0096255,20.4604126984127,0.3254452497965653
ORD0096256,12.42671560846561,0.05456974579939502
ORD0096257,20.71943253968253,0.0
ORD0096258,22.17686507936509,0.3773695588531007
ORD0096259,15.59559523809523,0.18092724748902989
ORD0096260,19.06225962000962,0.7431066378510672
ORD0096261,17.047142857142852,0.39616305099653604
ORD0096262,23.051625661375667,0.8548606433288357
ORD0096263,35.96814814814816,0.7250966460681709
ORD0096264,32.25802825877825,0.9948855078010712
ORD0096265,39.91468253968254,0.15992199423326203
ORD0096266,43.12405158730161,0.013710800526198984
ORD0096267,19.25262169312169,0.9959081774864158
ORD0096268,17.880007936507933,0.013974134846286295
ORD0096269,21.574033068783066,0.0
ORD0096270,31.10740873015873,0.39388522116244384
ORD0096271,23.301556878306872,0.0
ORD0096272,40.332531746031755,0.7537524529603192
ORD0096273,21.058744708994716,0.34163885362720414
ORD0096274,21.214200336700337,0.0
ORD0096275,21.096604497354498,0.9945608221143489
ORD0096276,14.492888888888883,0.22509030097351077
ORD0096277,24.560556878306876,0.9998684198338844
ORD0096278,24.25162301587301,0.3658062865105822
ORD0096279,19.858719576719576,0.11487520865569664
ORD0096280,15.820244708994709,0.16220467621639806
ORD0096281,17.20706481481481,0.21110096790694746
ORD0096282,35.646373015873024,0.025649566028558043
ORD0096283,22.52985185185185,0.5727389639339558
ORD0096284,20.45606445406445,0.07180829107993571
ORD0096285,26.62130026455027,0.0625772837949485
ORD0096286,52.13119047619047,0.2555857922829984
ORD0096287,21.901019841269843,0.018578451228830523
ORD0096288,57.54557599807597,0.3381943247292048
ORD0096289,66.87052645502648,0.01502052993793222
ORD0096290,27.036914021164023,0.12794686936342708
ORD0096291,19.307075396825404,0.1828713858885797
ORD0096292,19.987433862433853,0.013925736007453206
ORD0096293,20.948052910052898,0.1730513201931658
ORD0096294,18.25451587301588,0.4712530848029109
ORD0096295,16.919948412698425,0.060682842684882915
ORD0096296,52.3891111111111,0.004607129469818518
ORD0096297,31.790218253968245,0.0
ORD0096298,18.19613756613757,0.36865810597134385
ORD0096299,23.923384920634945,0.8497045680006339
ORD0096300,16.86966666666666,0.037527646499606736
ORD0096301,25.170706349206352,0.29622624325912267
ORD0096302,19.81680555555554,0.142427668468586
ORD0096303,18.604037037037045,0.07972986409147066
ORD0096304,19.23111868686869,0.6572884153988263
ORD0096305,18.98495238095238,0.8650508499960989
ORD0096306,28.157085978835973,0.0
ORD0096307,44.81614021164021,0.008689884628668047
ORD0096308,47.71123677248676,0.02413763237481093
ORD0096309,14.900169312169313,0.3081689588507496
ORD0096310,16.061535714285725,0.46516654973400107
ORD0096311,20.688126984126992,0.4681786853704344
ORD0096312,15.34332936507935,0.6817933654905096
ORD0096313,12.310613756613753,0.002680722754993312
ORD0096314,13.930992063492058,0.21890786898630124
ORD0096315,12.61770238095238,0.0
ORD0096316,15.1225648148148,0.015078272282292955
ORD0096317,10.405031746031739,0.0
ORD0096318,9.733220899470899,0.0
ORD0096319,10.511129629629636,0.02699560805387705
ORD0096320,14.429953703703708,0.5388029436928644
ORD0096321,10.630234126984124,0.11229621960099337
ORD0096322,13.363555555555555,0.45686360161377737
ORD0096323,14.78968650793651,0.8082782299165036
ORD0096324,10.600936507936508,0.039199398923026256
ORD0096325,12.131852092352096,0.03453479918511116
ORD0096326,23.09924735449735,0.21177747624452517
ORD0096327,22.43040873015874,0.020409217200763528
ORD0096328,19.888960317460313,0.03505118022168659
ORD0096329,28.078587301587305,0.012353272100203103
ORD0096330,16.935308201058202,0.27120730422653344
ORD0096331,14.919877946127945,0.041984234830052536
ORD0096332,28.311785714285712,0.6446653949859098
ORD0096333,23.466841269841275,0.028110220821841423
ORD0096334,18.684095238095235,0.02379398787872826
ORD0096335,32.99226587301587,0.16752832484151753
ORD0096336,25.93948412698413,0.4144174621651482
ORD0096337,29.206190476190496,0.2336946142398348
ORD0096338,21.28934391534392,0.0
ORD0096339,19.949410052910054,0.8409132658743347
ORD0096340,16.565382275132276,0.0049225361659835905
ORD0096341,24.777658730158734,0.002680722754993312
ORD0096342,24.229886243386254,0.8199716412320596
ORD0096343,18.15864285714285,0.0039530973878930875
ORD0096344,14.289761904761896,0.11442775061829145
ORD0096345,18.498835978835974,0.9798749899630945
ORD0096346,22.95453306878306,0.9928246289718797
ORD0096347,24.205190476190467,0.10241062594704448
ORD0096348,26.51887566137567,0.4013911733465662
ORD0096349,14.155989417989412,0.4820654096568877
ORD0096350,18.528477513227514,0.6543759813131563
ORD0096351,13.363206349206353,0.17247024456553792
ORD0096352,26.496478835978834,0.3435717095446898
ORD0096353,17.348456349206344,0.35443465915880035
ORD0096354,18.43049999999999,0.6606712689708079
ORD0096355,86.75147101972105,0.2669934573989135
ORD0096356,22.819284391534406,0.05516831413823079
ORD0096357,21.985556878306863,0.20354339348459238
ORD0096358,26.241194444444446,0.5488416476956272
ORD0096359,30.838337301587295,0.47114622913688586
ORD0096360,55.13272222222224,0.992171496776185
ORD0096361,67.80624470899474,0.9125392140928189
ORD0096362,25.843479918229914,0.9985608792436672
ORD0096363,27.01015476190476,0.9171619289570111
ORD0096364,12.449345238095235,0.24642555699020102
ORD0096365,13.62239153439153,0.9586743615518886
ORD0096366,10.106722222222222,0.02445464125938327
ORD0096367,19.817806878306875,0.88975159419929
ORD0096368,11.383236772486773,0.0
ORD0096369,16.01791402116403,0.08266177852632517
ORD0096371,24.67746825396825,0.04098959620775337
ORD0096373,23.95795105820104,0.1631731700766079
ORD0096374,21.26533994708995,0.1555666098499276
ORD0096375,50.321757936507936,0.6472485299626429
ORD0096376,25.294121693121692,0.2756550540284363
ORD0096377,17.794199735449723,0.002680722754993312
ORD0096378,19.869265873015866,0.019192461753627158
ORD0096380,21.249785714285714,0.0019264067148252052
ORD0096382,18.835079004329007,0.2572714705102274
ORD0096383,22.992982804232796,0.5948814948529173
ORD0096385,22.202321428571427,0.027390126639920756
ORD0096386,27.63694576719577,0.005405510079263686
ORD0096387,18.4282261904762,0.6515009279220892
ORD0096389,15.064460317460325,0.007913411700417204
ORD0096390,13.8281216931217,0.01281669161366585
ORD0096391,11.287313492063491,0.033370048659351226
ORD0096392,16.855915343915356,0.0
ORD0096393,16.889906084656076,0.0
ORD0096394,22.213670634920618,0.029595874451527636
ORD0096395,26.394858465608454,0.5873391935004382
ORD0096396,21.48837698412698,0.2307772016826487
ORD0096397,18.17169047619047,0.1990046748263876
ORD0096398,15.599842592592589,0.08064743522045524
ORD0096399,21.090555555555547,0.2072187372581786
ORD0096400,28.59621031746032,0.9281238939905656
ORD0096401,38.304964285714284,0.005361445509986624
ORD0096402,51.17659656084654,0.10793770471673483
ORD0096403,22.14652380952381,0.5996463311195682
ORD0096404,21.416402958152954,0.5579639826022995
ORD0096405,18.844730158730158,0.0
ORD0096406,24.788694444444445,0.0209245259125169
ORD0096407,43.67513997113995,0.0
ORD0096408,26.00690476190476,0.1645593471991005
ORD0096409,25.070392857142846,0.6294192621546238
ORD0096410,14.881555555555549,0.004607129469818518
ORD0096411,19.669916666666655,0.03291314325092176
ORD0096412,38.6360634920635,0.6529063322235862
ORD0096413,21.576167147667135,0.0
ORD0096414,22.678781746031753,0.7389238621669677
ORD0096415,17.34461375661376,0.6823119563223156
ORD0096416,19.69910978835977,0.9528077388555457
ORD0096417,22.594640211640215,0.9827476138548623
ORD0096418,18.064813492063493,0.08876196920673764
ORD0096419,15.096894179894173,0.34717919554852916
ORD0096420,16.62015740740742,0.7633495014318545
ORD0096421,26.35636111111111,0.967397871777087
ORD0096422,32.82773280423281,0.05439493449672367
ORD0096423,27.71575,0.1751556022290517
ORD0096424,24.096489417989428,0.9912374698542836
ORD0096425,28.941837301587313,0.302975648883146
ORD0096426,20.797832010582013,0.6255444790192566
ORD0096427,21.505937830687834,0.5968441166755015
ORD0096428,24.35512037037036,0.19688630037427862
ORD0096429,36.37634163059163,0.9704852195337791
ORD0096430,27.595683862433866,0.38049586191266227
ORD0096431,23.545162698412707,0.9720214196647797
ORD0096432,20.484521164021157,0.1231121922927467
ORD0096433,17.415111111111106,0.7463953417981971
ORD0096434,20.765924603174607,0.5772560957558345
ORD0096435,15.074085978835974,0.4295006564498677
ORD0096436,12.571070105820105,0.21463154687230787
ORD0096437,24.38820827320828,0.5056231649671988
ORD0096438,22.257958994708993,0.09345040060431166
ORD0096439,20.68736375661376,0.2382463316619496
ORD0096440,14.100865079365079,0.008255869499316924
ORD0096441,18.785859788359797,0.3930352324098748
ORD0096442,12.828337301587304,0.7496365841589023
ORD0096443,15.230370370370364,0.5102304894577346
ORD0096444,40.00348809523807,0.026494828155712958
ORD0096445,9.524706349206351,0.2302141525903223
ORD0096446,13.929203703703706,0.24240464453881164
ORD0096447,26.356412698412715,0.5341804207603674
ORD0096448,15.142009259259261,0.8507766683778833
ORD0096449,16.385441798941798,0.9796867498857955
ORD0096450,18.34180555555555,0.002680722754993312
ORD0096451,12.730501683501679,0.09796667638097907
ORD0096452,14.634039682539681,0.0019264067148252052
ORD0096453,13.079554232804234,0.0
ORD0096454,17.477253968253972,0.0029716192816986718
ORD0096455,14.27111327561328,0.14887242366479914
ORD0096456,11.411448412698414,0.0
ORD0096457,9.043337301587304,0.0
ORD0096458,11.694175925925926,0.0
ORD0096459,11.99714814814815,0.0
ORD0096460,13.736884920634923,0.39309090085107556
ORD0096461,11.324231277981276,0.0565587332668782
ORD0096462,10.967309523809526,0.0
ORD0096463,13.975078042328038,0.0022418134109902775
ORD0096464,19.461314814814813,0.021295665265440033
ORD0096465,21.451313492063502,0.01822601390441718
ORD0096466,14.578277777777773,0.03094970807903169
ORD0096467,22.94669576719578,0.8479758170440768
ORD0096468,23.3400185185185,0.28173912283692204
ORD0096469,18.604054232804227,0.9584774864135718
ORD0096470,25.998386243386268,0.15361891039118306
ORD0096471,21.163253968253976,0.30805983101427403
ORD0096472,19.58294841269842,0.2595600076326546
ORD0096473,24.694929894179893,0.4220258465879682
ORD0096474,21.06694708994709,0.5391028286475702
ORD0096475,25.718734126984113,0.9343320525739187
ORD0096476,30.61043121693123,0.0
ORD0096477,19.82894047619047,0.0
ORD0096478,39.99627513227514,0.9885137627349424
ORD0096479,28.46824603174602,0.990277495020714
ORD0096480,19.65589417989417,0.02923333781114876
ORD0096481,16.99782539682539,0.00984507233196718
ORD0096482,40.596250120250104,0.0
ORD0096483,20.41269312169313,0.6020840766159726
ORD0096484,18.893747835497827,0.8142771833788124
ORD0096485,10.691515873015868,0.212445393691242
ORD0096486,9.221067460317464,0.3370566670849402
ORD0096487,18.566812169312175,0.8896233484685149
ORD0096488,17.928658730158737,0.8847869619666145
ORD0096489,36.53193253968252,0.9879309691715858
ORD0096490,20.72345634920635,0.38633684417943315
ORD0096491,17.316464285714293,0.6014092703747685
ORD0096492,31.58021031746031,0.06619109642320004
ORD0096493,13.98613492063492,0.21830592898138435
ORD0096494,20.705478835978834,0.9417544520803203
ORD0096495,14.745587301587296,0.5561329380615255
ORD0096496,41.91378354978354,0.27409271448944944
ORD0096497,25.9576626984127,0.7353942573658854
ORD0096498,19.985697089947088,0.7109911451599131
ORD0096499,15.579103174603178,0.0
ORD0096500,36.238785714285704,0.09228454360843827
ORD0096501,26.150833333333335,0.011304684073383966
ORD0096502,69.01764285714287,0.5919759698482008
ORD0096503,28.92000529100527,0.025100539033578572
ORD0096504,22.100083333333334,0.8622108935229814
ORD0096505,9.549238095238096,0.004683514201253541
ORD0096506,12.0293924963925,0.08589183206503186
ORD0096507,16.55381349206349,0.01252579508696049
ORD0096508,17.60528571428571,0.07597951630162243
ORD0096509,22.41079100529101,0.08930239731780469
ORD0096510,24.560019841269856,0.22363658971721198
ORD0096511,21.04158994708995,0.06303222533873626
ORD0096512,43.58006746031749,0.5312268124385803
ORD0096513,28.81072751322752,0.7313337197147316
ORD0096514,16.286078042328043,0.002441700790263263
ORD0096515,12.373962962962965,0.01478022348488001
ORD0096516,12.27182142857143,0.019732666607223878
ORD0096517,18.087630952380945,0.0
ORD0096518,16.7414282106782,0.029558435166372857
ORD0096519,19.468857142857132,0.2460206232726754
ORD0096520,18.46869179894179,0.975950503819598
ORD0096521,25.743067460317466,0.16286524331957808
ORD0096522,18.70833862433863,0.9993473894216599
ORD0096523,23.85561147186148,0.01270456898525405
ORD0096524,13.946198412698413,0.30895462349064656
ORD0096525,29.161839947089945,0.7860690612928547
ORD0096526,15.769496031746039,0.0361391148196672
ORD0096527,21.144703703703694,0.013617315009303547
ORD0096528,15.833547619047621,0.1593731209376885
ORD0096529,16.471796296296297,0.0
ORD0096530,17.819657407407412,0.0
ORD0096531,18.04651058201059,0.04557019059197573
ORD0096532,18.2828455988456,0.14768973825113946
ORD0096533,17.4586626984127,0.08939863601705637
ORD0096534,17.050588624338626,0.2296837031358352
ORD0096535,21.34818374218374,0.17203453110362463
ORD0096536,20.98258333333333,0.6425154337134056
ORD0096537,19.57991137566138,0.44846377774929974
ORD0096538,40.15064213564213,0.08088986168742679
ORD0096539,15.056185185185184,0.7462332806177767
ORD0096540,18.061174603174596,0.6024721217268998
ORD0096541,17.72778174603175,0.0
ORD0096542,28.38000264550264,0.16266573002000784
ORD0096543,18.859048340548338,0.19959496553537534
ORD0096544,13.558519841269845,0.002680722754993312
ORD0096545,41.7343492063492,0.6517071052965022
ORD0096546,28.739654761904756,0.5838258006964733
ORD0096547,17.646125661375667,0.03427139035323519
ORD0096548,14.74126984126984,0.07818106548438561
ORD0096549,25.66308333333333,0.7707311346910637
ORD0096550,16.227087301587293,0.7611315346193896
ORD0096551,19.55402777777778,0.9775471381152985
ORD0096552,20.69737301587302,0.9971140444402935
ORD0096553,13.72321164021164,0.13229659340648817
ORD0096554,23.935484126984118,0.0029716192816986713
ORD0096555,31.38785582010581,0.0
ORD0096556,18.086984126984138,0.3070904031000499
ORD0096557,11.745474867724871,0.08283538816460632
ORD0096558,17.31069444444445,0.28454850295707823
ORD0096559,15.928338624338622,0.2571686605643314
ORD0096560,28.974993386243394,0.002680722754993312
ORD0096561,17.10840476190476,0.49041096894508834
ORD0096562,17.3904880952381,0.4570521720791206
ORD0096563,27.72060714285714,0.09212713291025233
ORD0096564,25.813154761904766,0.08221165809961503
ORD0096565,19.243276815776824,0.1572971792452242
ORD0096566,16.999277777777777,0.4748020578598952
ORD0096567,21.265797619047635,0.08995361309762934
ORD0096568,23.54845899470899,0.8109547084619917
ORD0096569,16.97752777777778,0.18016740195461753
ORD0096570,14.416160052910055,0.10539209152324347
ORD0096571,18.99871825396825,0.9711125200416328
ORD0096572,12.313279100529098,0.20725076995995087
ORD0096573,16.142178571428573,0.34349867801322537
ORD0096574,15.740785714285712,0.14893487772284061
ORD0096575,15.622304232804236,0.5674660309630241
ORD0096576,25.09920767195768,0.8408077735322336
ORD0096577,9.08954894179894,0.01837419017337509
ORD0096578,17.25011904761905,0.9678198150780334
ORD0096579,11.282119047619046,0.03181790014251283
ORD0096580,9.300339947089945,0.19246781482324862
ORD0096581,16.97914550264551,0.4952785121555962
ORD0096582,16.480285714285706,0.601083888714042
ORD0096583,12.591678571428572,0.8218256553038629
ORD0096584,14.280904761904752,0.5975965565286755
ORD0096585,12.384343915343917,0.8781066101667561
ORD0096586,13.255059523809523,0.11063879515693216
ORD0096587,10.796543650793653,0.0022418134109902775
ORD0096588,11.400785714285723,0.0
ORD0096589,9.856521164021169,0.1970130329426688
ORD0096590,11.485351851851846,0.0
ORD0096591,11.14620238095238,0.0
ORD0096592,9.269925925925927,0.0016888043372695542
ORD0096593,11.552519841269838,0.46293076954283613
ORD0096594,11.493531746031744,0.6899882314315914
ORD0096595,14.236656325156321,0.8711635731199667
ORD0096596,10.037876984126985,0.0
ORD0096597,11.314488095238103,0.002680722754993312
ORD0096598,16.731242063492065,0.0
ORD0096599,21.622152116402116,0.0
ORD0096600,23.88450793650794,0.1168512800318815
ORD0096601,15.196625661375652,0.0
ORD0096602,16.28947222222222,0.44294459505712724
ORD0096603,14.628414021164032,0.022433755258658192
ORD0096604,17.800060846560843,0.650738127926813
ORD0096605,18.97673148148148,0.036400539905239886
ORD0096606,17.059767195767186,0.04794987530341023
ORD0096607,19.23842989417989,0.22260111274969566
ORD0096608,21.62646825396825,0.35759552291956315
ORD0096609,20.771506613756614,0.2014110712037263
ORD0096610,33.508906084656104,0.0
ORD0096611,18.72237566137567,0.0
ORD0096612,26.858265873015878,0.42472648872773416
ORD0096613,23.521637085137087,0.01570067720787782
ORD0096614,20.19046957671958,0.04137929905905933
ORD0096615,73.04832275132277,0.002680722754993312
ORD0096616,35.171499999999995,0.0
ORD0096617,17.485371693121692,0.38484431468390135
ORD0096618,8.90656349206349,0.10171142930125074
ORD0096619,7.622843915343915,0.06071301845757945
ORD0096620,11.981599206349207,0.26808446509019973
ORD0096621,21.203333333333347,0.6441285780451744
ORD0096622,17.14142857142858,0.10892331424763625
ORD0096623,16.379469576719575,0.17442156512427331
ORD0096624,11.741941798941799,0.12752246863187633
ORD0096625,13.849703703703701,0.7799719445288413
ORD0096626,12.764466209716206,0.3476275862798987
ORD0096627,13.467367724867726,0.31813855825254606
ORD0096628,21.905850529100533,0.30827275725102293
ORD0096629,17.44244444444444,0.6378665258915818
ORD0096630,16.077230158730153,0.8732098013996917
ORD0096631,39.458484126984146,0.26586430431960806
ORD0096632,22.861078042328035,0.0
ORD0096633,16.898849206349194,0.002680722754993312
ORD0096634,36.06569444444445,0.03849654792133598
ORD0096635,32.376834656084654,0.11482605812014372
ORD0096636,23.885304232804245,0.14165072455321379
ORD0096637,18.253810846560842,0.1690836964858353
ORD0096638,20.999857142857138,0.17761444141542385
ORD0096639,10.62071296296296,0.0
ORD0096640,9.827198412698417,0.0022418134109902775
ORD0096641,9.838085978835979,0.02595196100173319
ORD0096642,10.791591269841268,0.0
ORD0096643,12.850825396825398,0.0
ORD0096644,13.937420514670515,0.01775675225109374
ORD0096645,21.133037037037035,0.20429908805867414
ORD0096646,18.929507215007224,0.3176156369821882
ORD0096647,19.241853174603172,0.11402415253075542
ORD0096648,35.36277380952381,0.6595141862201152
ORD0096649,17.365173280423285,0.0
ORD0096650,15.084652116402122,0.027791912902558103
ORD0096651,10.982082010582005,0.0019264067148252052
ORD0096652,13.408252645502644,0.20121576181731635
ORD0096653,18.6588253968254,0.0
ORD0096654,16.07036507936508,0.0
ORD0096655,23.01825,0.9932076650906172
ORD0096656,17.690637566137564,0.9756874138818129
ORD0096657,21.859507936507928,1.0
ORD0096658,21.354444444444447,0.9980828722757322
ORD0096659,34.69126455026455,0.05984072380537679
ORD0096660,17.833888888888904,0.08109930103570828
ORD0096661,63.60447354497353,0.06028077918856146
ORD0096662,71.0680555555556,0.006014056088326646
ORD0096663,41.366623015872996,0.0048367114969447775
ORD0096664,11.555702380952383,0.13299992848181605
ORD0096665,11.553789682539689,0.0049225361659835905
ORD0096666,16.01312037037037,0.7956156403386455
ORD0096667,11.289587301587305,0.06385002742774594
ORD0096668,14.963748677248674,0.0
ORD0096669,12.10112037037037,0.0
ORD0096670,17.68669576719577,0.015442687548215848
ORD0096671,12.76593903318904,0.12143186586357506
ORD0096672,16.473169312169322,0.01839183835798946
ORD0096673,16.97254232804233,0.22999090985807613
ORD0096674,16.06072751322752,0.34699371459466327
ORD0096675,20.848820105820106,0.6002581273890842
ORD0096676,18.465609788359775,0.5962120909743066
ORD0096677,24.332880952380947,0.9700204197495547
ORD0096678,19.72269708994708,0.0022418134109902775
ORD0096679,34.37052910052912,0.1022698689339358
ORD0096680,14.38687301587302,0.8674227125116509
ORD0096681,21.758981481481477,0.0049225361659835905
ORD0096682,13.184158008658015,0.007409402203377235
ORD0096683,24.359589947089937,0.3785694320023065
ORD0096684,19.045027777777776,0.49219425084456503
ORD0096685,23.473451668701667,0.0
ORD0096686,11.16099603174603,0.005361445509986624
ORD0096687,21.05040740740741,0.7353883762564202
ORD0096688,23.01335714285714,0.9492808157916276
ORD0096689,13.083353174603172,0.012210388390795421
ORD0096690,9.608417989417987,0.10635255279647238
ORD0096691,24.60479665704667,0.9811991637389652
ORD0096692,17.590980158730158,0.9873644653498754
ORD0096693,19.639309523809526,0.9938310162436407
ORD0096694,20.0769246031746,0.9835485253000904
ORD0096695,13.802876984126987,0.1373470253715852
ORD0096696,18.02423412698414,0.3184740502001526
ORD0096697,53.752533068783094,0.0
ORD0096698,11.804656084656083,0.2185393208979281
ORD0096699,11.642761904761905,0.1177910071719582
ORD0096700,21.736988095238086,0.6311772900712992
ORD0096701,12.655170634920639,0.25591364497944274
ORD0096702,26.36043518518521,0.0751425220211408
ORD0096703,17.270472222222217,0.008629670071820843
ORD0096704,15.222568783068777,0.7202881932532632
ORD0096705,24.989317460317455,0.25681681580130816
ORD0096706,16.935712962962963,0.38814380997457465
ORD0096707,15.119921957671968,0.03861947489207071
ORD0096708,17.774575396825398,0.26422274428691
ORD0096709,18.006079365079376,0.09762424089927857
ORD0096710,15.250740259740253,0.36826263175905427
ORD0096711,22.24909523809524,0.20467241823476384
ORD0096712,20.760157712657712,0.12298265688843349
ORD0096713,16.03712830687831,0.25145656772074765
ORD0096714,14.486820105820101,0.3693176164186522
ORD0096715,14.49707671957672,0.32922300947997846
ORD0096716,33.720018518518515,0.002680722754993312
ORD0096717,12.660999999999998,0.3861924418867852
ORD0096718,15.249444444444455,0.4054699310758888
ORD0096719,14.879910052910054,0.20809781880446
ORD0096720,17.68066798941798,0.10722127894273571
ORD0096721,11.650162698412705,0.1082848332232308
ORD0096722,11.720903439153439,0.018836456455422687
ORD0096723,8.915503968253967,0.020348086534486953
ORD0096724,12.88109523809524,0.39948472431976123
ORD0096725,13.078712962962964,0.4559768070633958
ORD0096726,10.924272486772486,0.10016861529559869
ORD0096727,14.534436507936519,0.04033215901339061
ORD0096728,12.397547619047616,0.5026462430430684
ORD0096729,11.97576984126984,0.24145127431347768
ORD0096730,14.38028439153439,0.397925400433623
ORD0096731,14.860051587301593,0.7680402921173943
ORD0096732,12.091291486291487,0.002680722754993312
ORD0096733,12.811878066378071,0.0
ORD0096734,9.085693482443478,0.014504076363761005
ORD0096735,12.149149470899472,0.024952873724562407
ORD0096736,8.74866402116402,0.0
ORD0096737,11.259194444444441,0.010306450147895274
ORD0096738,13.408632996632992,0.07336581618426397
ORD0096739,9.557075396825388,0.012714986151837764
ORD0096740,9.03919444444444,0.16470910485429752
ORD0096741,12.933714285714283,0.4450245890187967
ORD0096742,8.802628306878308,0.2751050484887306
ORD0096743,9.060551587301589,0.0
ORD0096744,11.625296296296295,0.0
ORD0096745,15.271838624338628,0.0022418134109902775
ORD0096746,14.180605006105006,0.27487233887289986
ORD0096747,21.244964285714286,0.0022418134109902775
ORD0096748,22.10055375180374,0.0387710896597024
ORD0096749,12.423800264550263,0.019690144663934362
ORD0096750,12.555056878306878,0.28530193818528754
ORD0096751,11.367182539682542,0.026189344491796558
ORD0096752,20.85379365079365,0.013494949731234466
ORD0096753,20.156417989418006,0.15053013589927786
ORD0096754,19.07110882635882,0.009443840966763293
ORD0096755,19.810134920634916,0.07723256023808882
ORD0096756,17.720111111111102,0.0716853342873627
ORD0096757,17.872867724867717,0.0
ORD0096758,14.01813492063493,0.0
ORD0096759,19.397772486772485,0.4587083982917818
ORD0096760,22.470774891774877,0.07764180784725434
ORD0096761,18.358837301587293,0.005361445509986624
ORD0096762,14.201335978835981,0.39225088269357145
ORD0096763,14.00613359788359,0.3838915202773731
ORD0096764,9.181611111111106,0.1810618601921904
ORD0096765,7.57948941798942,0.14617001656122247
ORD0096766,14.720882275132281,0.7834479961493909
ORD0096767,10.798400793650796,0.5066430920575231
ORD0096768,19.341752645502652,0.9552463595359572
ORD0096769,20.963722222222234,0.9630560958852019
ORD0096770,14.15103703703704,0.17844158719705056
ORD0096771,11.905159692159689,0.2662134405105875
ORD0096772,12.342239417989417,0.7648489633591911
ORD0096773,15.078268518518522,0.989185316647693
ORD0096774,20.862046055796046,0.4801244863584994
ORD0096775,16.879629629629633,0.48120840007767074
ORD0096776,21.94100793650795,0.6518088216624667
ORD0096777,11.476154761904763,0.5561067769450192
ORD0096778,15.043578042328042,0.0
ORD0096779,16.84202513227513,0.6554709543035943
ORD0096780,17.74637566137567,0.03970990983568042
ORD0096781,36.807862433862425,0.20703682477313048
ORD0096782,18.35481349206349,0.5221744513382944
ORD0096783,9.658931216931215,0.0
ORD0096784,11.503984126984122,0.04884550644313464
ORD0096785,14.3893253968254,0.02488765954435052
ORD0096786,19.581140211640218,0.01786068872995275
ORD0096787,17.118681337181343,0.5073274297345669
ORD0096788,22.381400793650787,0.07197760377693456
ORD0096789,13.403879629629634,0.38055419778305966
ORD0096790,17.903420995671,0.03394625639651393
ORD0096791,21.940638888888895,0.026773393305907275
ORD0096792,26.086710317460344,0.2666340143904225
ORD0096793,28.29226322751323,0.5761520126634426
ORD0096794,25.507003968253958,0.15276946004171935
ORD0096795,13.056935545935549,0.0
ORD0096796,12.51191798941798,0.001503378163611444
ORD0096797,20.621591269841268,0.0
ORD0096798,16.70122883597884,0.08095524556821301
ORD0096799,18.523886243386233,0.7803918880597065
ORD0096800,27.461638648388647,0.592810338393431
ORD0096801,20.16103703703704,0.40280504841619913
ORD0096802,30.751978835978836,0.011036256018603667
ORD0096803,15.354615079365082,0.0024417007902632626
ORD0096804,17.40719444444445,0.05252916880139166
ORD0096805,21.88049206349207,0.7065578844871886
ORD0096806,18.657169312169305,0.0277373842463318
ORD0096807,19.93358994708994,0.12070630479630777
ORD0096808,12.1370701058201,0.09292138308011168
ORD0096809,18.35361640211641,0.0
ORD0096810,19.947424001924,0.1820725498429288
ORD0096811,21.6447976190476,0.1757506446997209
ORD0096812,19.53595767195768,0.5825596553066726
ORD0096813,18.197316137566133,0.6386999516762165
ORD0096814,26.209059523809522,0.5671813121195197
ORD0096815,34.40120238095239,0.323043327017389
ORD0096816,50.61553042328041,0.13062603197196954
ORD0096817,38.173174603174616,0.04060728489496814
ORD0096818,18.786380952380952,0.9470940340778444
ORD0096819,17.522226190476193,0.8870269394343725
ORD0096820,22.649264790764793,0.0
ORD0096821,72.61055555555558,0.0
ORD0096822,54.09000661375657,0.7633110534861416
ORD0096823,24.86777380952382,0.0
ORD0096824,24.73810317460316,0.4159235450884251
ORD0096825,18.698591269841277,0.14163034690746873
ORD0096826,16.85380555555555,0.005775034123596597
ORD0096827,14.575281746031749,0.008081316584186485
ORD0096828,34.82417063492062,0.6706202048027065
ORD0096829,20.945289682539677,0.10287884538256607
ORD0096830,14.707742063492063,0.10534883554444606
ORD0096831,21.05056746031746,0.9719195186956938
ORD0096832,19.623472222222215,0.9960930207122267
ORD0096833,11.568288720538723,0.2151363488189694
ORD0096834,22.078671957671965,0.21160749959258024
ORD0096835,14.43456349206349,0.40598396204970016
ORD0096836,17.91496693121694,0.2872546046348809
ORD0096837,18.65581216931216,0.5576469971791053
ORD0096838,29.6090714285714,0.054546715765870155
ORD0096839,25.85537169312169,0.09542521458816036
ORD0096840,17.096670634920628,0.6681762872537229
ORD0096841,25.024211640211625,0.6690429025988884
ORD0096842,21.18605555555555,0.10144659231291044
ORD0096843,21.525250000000007,0.2172899419188569
ORD0096844,18.219246031746017,0.17984191268332392
ORD0096845,19.185644179894183,0.416117246567391
ORD0096846,20.583686507936513,0.18435721081653886
ORD0096847,28.483386243386235,0.3256109564091246
ORD0096848,22.487265873015872,0.23251679398560313
ORD0096849,13.556816378066374,0.38846105436272343
ORD0096850,15.983591269841272,0.15504820751853554
ORD0096851,18.401923280423276,0.05647178380186093
ORD0096852,16.30598941798942,0.004660423618968225
ORD0096853,20.38457142857143,0.44857499736905737
ORD0096854,15.292398148148147,0.8597525558099539
ORD0096855,25.012474867724862,0.9524539216006583
ORD0096856,13.640825396825402,0.2628394953896592
ORD0096857,11.229702380952382,0.993358782803395
ORD0096858,9.57862698412698,0.060648935152794
ORD0096859,18.697404761904757,0.3023892451667033
ORD0096860,8.9039246031746,0.22359151345190492
ORD0096861,14.212845238095236,0.49297813382217515
ORD0096862,13.402743386243385,0.49792885851076607
ORD0096863,12.085809523809518,0.0
ORD0096864,11.633747354497343,0.023158181722557427
ORD0096865,15.416194444444448,0.0
ORD0096866,10.832777777777768,0.0
ORD0096867,10.03917724867725,0.0
ORD0096868,10.562142857142861,0.004035364859291727
ORD0096869,14.172420274170278,0.21115924974644115
ORD0096870,12.242341269841267,0.04038020918628065
ORD0096871,18.72842568542568,0.8572400673553011
ORD0096872,10.45317989417989,0.16503382583288562
ORD0096873,11.596489417989412,0.5486447415801803
ORD0096874,10.678103174603176,0.0
ORD0096875,11.733124338624334,0.02155553502626287
ORD0096876,15.334916666666668,0.0
ORD0096877,26.78009391534391,0.5045806962074381
ORD0096878,18.14054365079365,0.0
ORD0096879,23.25489417989418,0.12309110728433367
ORD0096880,13.45020634920635,0.04991073229523503
ORD0096881,13.73250264550265,0.02920669613614412
ORD0096882,16.444785113035113,0.7259172008292298
ORD0096883,35.35291666666667,0.0
ORD0096884,173.77276046176047,0.15400910039473048
ORD0096885,18.263345238095233,0.2793703523566198
ORD0096886,22.31018253968253,0.7855647344217316
ORD0096887,24.492876984126987,0.8219225148519075
ORD0096888,19.9979708994709,0.9586028729303403
ORD0096889,24.340272486772484,0.01897793052855024
ORD0096890,16.768039682539676,0.042426541554305836
ORD0096891,25.04086111111111,0.9982293294014842
ORD0096892,22.974511904761904,0.9795345386813451
ORD0096893,22.184404761904762,0.16460567825066746
ORD0096894,20.32878968253967,0.5271225780142821
ORD0096895,19.042119047619064,0.2892907490720864
ORD0096896,15.779439153439155,0.424084663836814
ORD0096897,11.643742063492066,0.13014026457439834
ORD0096898,7.4541706349206365,0.5281185607372455
ORD0096899,13.102151034151033,0.49739569727918725
ORD0096900,10.136519841269841,0.7294760723543716
ORD0096901,34.489297619047626,0.9021071615850972
ORD0096902,13.216492063492062,0.6304488820112835
ORD0096903,23.469530423280432,0.21335480349464386
ORD0096904,10.042751322751322,0.26881632558235874
ORD0096905,15.639038359788358,0.38115667044377854
ORD0096906,13.55804365079365,0.5502248740302852
ORD0096907,13.655337301587302,0.4693544586538783
ORD0096908,18.398027777777774,0.6544874089215973
ORD0096909,17.84056481481481,0.4050879627550297
ORD0096910,24.627690476190477,0.7687466867706796
ORD0096911,12.305112433862432,0.25952719245725764
ORD0096912,82.35225396825393,0.2598266600854532
ORD0096913,17.226620370370384,0.0
ORD0096914,14.88988492063492,0.0
ORD0096915,23.47797763347762,0.03994796259532633
ORD0096916,31.157038359788373,0.04511076574728162
ORD0096917,43.388793650793644,0.5873797480346449
ORD0096918,24.15813095238095,0.5597902583175518
ORD0096919,21.84849603174603,0.1234824589858333
ORD0096920,39.22454100529101,0.0
ORD0096921,12.331722222222226,0.0
ORD0096922,17.16978571428571,0.8087946320296939
ORD0096923,11.062956349206353,0.0
ORD0096924,16.902445767195754,0.9530106521975765
ORD0096925,18.676116402116403,0.0
ORD0096926,18.695956349206348,0.9474808578589816
ORD0096927,21.307476190476198,0.06998184831550937
ORD0096928,17.48295238095238,0.009029950711231092
ORD0096929,32.26961772486772,0.04805809463045426
ORD0096930,23.75328968253968,0.08411396980482992
ORD0096931,25.516153439153445,0.1668976566837341
ORD0096932,32.472701058201075,0.9112487289999394
ORD0096933,59.05957671957671,0.7102169416591981
ORD0096934,18.550455026455037,0.0
ORD0096935,14.559779461279469,0.0022418134109902775
ORD0096936,15.998190476190482,0.0392212107588135
ORD0096937,14.761931216931222,0.46378003368589116
ORD0096938,19.13521957671959,0.002680722754993312
ORD0096939,20.538288359788368,0.01202285825992852
ORD0096940,18.923931216931212,0.26814427344547104
ORD0096941,18.314785714285705,0.9892035521865201
ORD0096942,28.789080993080987,0.7006838668093702
ORD0096943,19.645103174603186,0.06872900973781822
ORD0096944,26.180876984126982,0.0602557880868061
ORD0096945,27.801362433862433,0.9229493979554841
ORD0096946,34.40546031746031,0.9961915735819142
ORD0096947,59.05133261183261,0.008081316584186485
ORD0096948,76.78908730158733,0.9506550859178475
ORD0096949,55.39008393458394,0.0
ORD0096950,72.29577910052907,0.24798109068295954
ORD0096951,30.537715608465625,0.03571224718300951
ORD0096952,110.63444841269843,0.0029716192816986713
ORD0096953,22.306238095238086,0.03354248863457971
ORD0096954,16.81035978835979,0.047607543193890184
ORD0096955,19.492988095238104,0.2625051497603232
ORD0096956,15.75705591630592,0.3891970546581938
ORD0096957,19.758269841269843,0.0
ORD0096958,25.02981878306879,0.0
ORD0096959,24.59311243386245,0.003372689963693234
ORD0096960,22.2678611111111,0.6504923864411047
ORD0096961,22.915072751322754,0.01743026169739209
ORD0096962,26.293837301587295,0.6329013831250704
ORD0096963,35.41471693121692,0.3051181652902846
ORD0096964,64.69140079365079,0.0031565736557955994
ORD0096965,16.18698412698413,0.6394472912163216
ORD0096966,22.354027777777777,0.951729072149347
ORD0096967,27.35207275132274,0.036738816436476716
ORD0096968,20.809642857142855,0.029620124404914516
ORD0096969,29.944256613756618,0.19924667923507963
ORD0096970,20.397396825396832,0.0019264067148252052
ORD0096971,18.08244696969697,0.0
ORD0096972,61.596884920634935,0.4861308276362188
ORD0096973,34.672396825396824,0.5044534634921369
ORD0096974,19.069839947089953,0.7010254265332214
ORD0096975,19.11698737373738,0.07497579258136065
ORD0096976,30.27423809523809,0.7895917812003129
ORD0096977,22.81886904761904,0.9955683950639741
ORD0096978,24.7929761904762,0.7734030661787737
ORD0096979,16.771809523809527,0.05550984598389802
ORD0096980,19.604989417989405,0.40813685816004935
ORD0096981,17.721134920634924,0.47324801377156167
ORD0096982,18.891668470418477,0.11488753748095587
ORD0096983,25.88818518518518,0.8661580781275228
ORD0096984,17.05959126984127,0.24881851956665443
ORD0096985,49.80176455026455,0.07043146432280922
ORD0096986,27.673611712361716,0.011771479046792384
ORD0096987,21.68911111111111,0.9626397971028221
ORD0096988,20.635787037037037,0.3681055293773246
ORD0096989,31.03337698412699,0.15053230777559118
ORD0096990,48.38035317460317,0.037790123557970255
ORD0096991,25.1652738095238,0.34983550482401876
ORD0096992,21.54693121693122,0.062492844445010104
ORD0096993,24.315235449735447,0.2279281800512458
ORD0096994,25.78522883597883,0.25613516905820216
ORD0096995,27.065115079365064,0.3205932076198154
ORD0096996,27.73051851851852,0.2310480940110548
ORD0096997,29.367846560846555,0.2086612369258791
ORD0096998,15.43801058201058,0.032464256552588514
ORD0096999,19.576017195767186,0.3928264416974603
ORD0097000,16.066583333333337,0.2545528911377909
ORD0097001,15.653451058201053,0.4295342447582185
ORD0097002,21.132567460317464,0.3273237352541749
ORD0097003,23.327458994709,0.09891755411047651
ORD0097004,21.304837301587305,0.12243968055738805
ORD0097005,17.642317460317464,0.34212947141411026
ORD0097006,18.943097883597876,0.0338063365310277
ORD0097007,26.835857142857154,0.3885545517318889
ORD0097008,15.439048941798946,0.9183284542190322
ORD0097009,16.3067791005291,0.11086317651596303
ORD0097010,14.199021164021158,0.33169330301535555
ORD0097011,16.86533333333334,0.3673767217625566
ORD0097012,19.459948412698413,0.6376505647345935
ORD0097013,16.182071428571422,0.5074404897469436
ORD0097014,17.365369047619044,0.002680722754993312
ORD0097015,11.279759259259258,0.014649846394866156
ORD0097016,10.895865079365082,0.0
ORD0097017,16.537710317460327,0.02439687563837218
ORD0097018,18.11329894179894,0.0
ORD0097019,13.101738095238092,0.22120472123070342
ORD0097020,12.708948412698414,0.0
ORD0097021,10.199144179894176,0.002680722754993312
ORD0097022,12.28378174603175,0.0
ORD0097023,14.274589947089941,0.2873733594067586
ORD0097024,11.946937830687835,0.0
ORD0097025,16.04045574795575,0.9620899364359341
ORD0097026,13.173781746031752,0.008064636736904995
ORD0097027,12.027154761904766,0.01819518649791951
ORD0097028,10.387138888888886,0.0
ORD0097029,18.083637566137572,0.0019264067148252052
ORD0097030,26.678503968253963,0.7976685911369473
ORD0097031,27.436412698412703,0.010616291343493251
ORD0097032,20.422019841269854,0.059036665136153806
ORD0097033,16.108532708032705,0.04711695554065823
ORD0097034,16.796261904761906,0.9769910872290838
ORD0097035,33.40196164021162,0.0
ORD0097036,70.78908333333334,0.0
ORD0097037,34.20433862433861,0.09626948785438805
ORD0097038,60.368448412698456,0.008985675370025316
ORD0097039,66.78810714285716,0.0
ORD0097040,24.469517195767203,0.15469456765722653
ORD0097041,20.01765608465608,0.3846546675036693
ORD0097042,23.052940476190482,0.19077360245581174
ORD0097043,30.452194444444473,0.868399687552134
ORD0097044,26.292507936507935,0.49461585866033053
ORD0097045,31.002178571428566,0.002680722754993312
ORD0097046,29.37613756613756,0.9890033912831278
ORD0097047,23.890892857142852,0.9800242364722759
ORD0097048,18.798917989417987,0.035893763910412296
ORD0097049,21.34241137566139,0.4616490763239497
ORD0097050,15.712863756613757,0.17763754065159382
ORD0097051,16.35619047619048,0.7534800907121508
ORD0097052,12.7317886002886,0.057265545594978075
ORD0097053,24.8588492063492,0.9367345409866437
ORD0097054,22.017555555555546,0.2773802698622495
ORD0097055,20.171529220779213,0.33711640591800296
ORD0097056,17.651797619047628,0.022908050818953637
ORD0097057,17.49443253968254,0.24818702098111894
ORD0097058,14.510092592592594,0.16801343087692933
ORD0097059,18.67181084656085,0.8182184676078439
ORD0097060,13.987246031746032,0.5400306509199136
ORD0097061,29.088742063492077,0.7422270796053868
ORD0097062,17.985611832611827,0.5729020443286913
ORD0097063,12.016863756613754,0.2314923029397749
ORD0097064,33.032585978835996,0.0
ORD0097065,37.03299338624339,0.24443283814587496
ORD0097066,23.981396825396818,0.0
ORD0097067,68.24860846560846,0.6809861437785258
ORD0097068,35.736037545787546,0.0019264067148252052
ORD0097069,29.74031746031744,0.4240012124243289
ORD0097070,22.510148148148144,0.02033093793418679
ORD0097071,13.618781746031749,0.03414614377578692
ORD0097072,15.838035714285713,0.068814516565653
ORD0097073,12.451636243386245,0.19574803804593885
ORD0097074,14.486099206349202,0.24827657166735656
ORD0097075,20.13732539682539,0.07410218388696824
ORD0097076,15.252107142857136,0.007624423231164515
ORD0097077,16.626353174603175,0.005361445509986624
ORD0097078,18.55959788359787,0.8850191936293548
ORD0097079,24.266686507936495,0.0016888043372695538
ORD0097080,32.14340873015875,0.5755908323520664
ORD0097081,41.23025529100529,0.29578912116934053
ORD0097082,35.85822222222222,0.1332545866079497
ORD0097083,34.727931216931246,0.9793948651157725
ORD0097084,28.365674603174583,0.040855972837264234
ORD0097085,20.147796296296292,0.008812427520323051
ORD0097086,19.201523809523795,0.02899188048798547
ORD0097087,15.548650793650786,0.7415026237562579
ORD0097088,23.583585978835973,0.04343320411704233
ORD0097089,29.623781746031753,0.2377947390847406
ORD0097090,31.7039828042328,0.7346114433811417
ORD0097091,88.77308730158732,0.009583971505782574
ORD0097092,27.742205026455025,0.13584611090929066
ORD0097093,25.59471031746031,0.906330048112995
ORD0097094,65.28485052910052,0.0
ORD0097095,120.04607936507938,0.015051519326640712
ORD0097096,21.263611111111114,0.31289243269466105
ORD0097097,17.38380952380952,0.2259921972545359
ORD0097098,17.359531746031745,0.019308938681268283
ORD0097099,21.6216746031746,0.0
ORD0097100,24.142446275946266,0.0
ORD0097101,31.83178439153439,0.36384057993006236
ORD0097102,26.64822619047619,0.7854755443563306
ORD0097103,17.624115079365083,0.42897079646557545
ORD0097104,28.243833333333345,0.9687219081361202
ORD0097105,26.566832010581994,0.894900193761129
ORD0097106,29.532125661375662,0.031204404248055186
ORD0097107,39.27665343915344,0.0027176643117925647
ORD0097108,47.28663756613756,0.19268147009341735
ORD0097109,28.25807804232806,0.06908287103525917
ORD0097110,23.04612301587302,0.04296130224020999
ORD0097111,17.795923280423278,0.0
ORD0097112,125.14359126984125,0.004168220125815482
ORD0097113,34.11832804232805,0.22096550830839937
ORD0097114,19.984985449735444,0.0
ORD0097115,36.018041005291025,0.8486473967384502
ORD0097116,16.596392857142853,0.027970658519436378
ORD0097117,17.74930952380953,0.005951024708877685
ORD0097118,31.02730026455028,0.9721484980681153
ORD0097119,14.129732804232798,0.09195371869323116
ORD0097120,23.330743386243398,0.9966161121422785
ORD0097121,16.509361111111108,0.11272990910363945
ORD0097122,19.2792377899878,0.010061330523247447
ORD0097123,18.717764550264555,0.7400622350650804
ORD0097124,27.854884920634923,0.9796689062934247
ORD0097125,32.42250000000001,0.08351315341923198
ORD0097126,25.271085978835973,0.9882972829169709
ORD0097127,24.132097883597886,0.8668923540579503
ORD0097128,62.724587301587334,0.2648509202668034
ORD0097129,35.99564682539682,0.47978066390576524
ORD0097130,27.803404761904755,0.6459428068031542
ORD0097131,70.10542063492062,0.329533689624843
ORD0097132,63.935642857142845,0.023673264026879744
ORD0097133,46.761306878306875,0.7823875407437809
ORD0097134,20.822534151034148,0.957484809149812
ORD0097135,23.640440476190467,0.6288107083791142
ORD0097136,26.896286315536308,0.3697097810309598
ORD0097137,35.379879629629635,0.9848199106743912
ORD0097138,22.0417380952381,0.9604630283951199
ORD0097139,50.95551587301587,0.0028678838914975363
ORD0097140,14.832057359307363,0.3669203976052061
ORD0097141,18.052784752284758,0.34787600393944
ORD0097142,22.935501322751318,0.22529124161154798
ORD0097143,19.16607936507937,0.08995702143309116
ORD0097144,38.295108465608465,0.35913052918779514
ORD0097145,29.301728835978835,0.03632891181937724
ORD0097146,26.785342592592578,0.9181841420329757
ORD0097147,16.90878571428571,0.7252665416170535
ORD0097148,25.191719576719574,0.0
ORD0097149,51.822698412698415,0.0
ORD0097150,17.10902380952381,0.06142473527046292
ORD0097151,14.81940572390572,0.19722942382861577
ORD0097152,19.880736772486767,0.3641408982418485
ORD0097153,15.880472222222211,0.44276903653413496
ORD0097154,11.923187109187113,0.0652255177417782
ORD0097155,13.254316137566143,0.0
ORD0097156,14.507992063492063,0.0
ORD0097157,13.816793650793654,0.0
ORD0097158,15.22046825396826,0.3873063664643705
ORD0097159,10.822043650793654,0.023949037361667234
ORD0097160,14.72315873015873,0.8222281901593437
ORD0097161,11.636071428571432,0.008333064791685295
ORD0097162,15.41436507936508,0.9542555727058829
ORD0097163,18.091583333333336,0.969703042784202
ORD0097164,12.079584656084657,0.0
ORD0097165,11.092419312169309,0.0
ORD0097166,10.72178703703704,0.0
ORD0097167,20.527521164021163,0.15335952793710844
ORD0097168,23.227088624338613,0.042923479334000765
ORD0097169,28.254936507936517,0.09969422950955467
ORD0097170,23.197805555555554,0.024702867395846314
ORD0097171,30.980112433862438,0.6537933381953968
ORD0097172,17.651116883116885,0.13547565630315012
ORD0097173,34.783771164021154,0.7627148239651832
ORD0097174,20.35268253968254,0.032653692452623964
ORD0097175,20.8143425925926,0.038144484218685874
ORD0097176,38.82335846560849,0.22350339096656915
ORD0097177,27.028972943722945,0.10420425833007131
ORD0097178,19.57687037037038,0.24057622602693332
ORD0097179,20.132212962962953,0.0
ORD0097180,33.359052910052924,0.678061374016548
ORD0097181,21.961058201058197,0.01564542718595684
ORD0097182,26.753595238095226,0.0016888043372695538
ORD0097183,22.449420634920628,0.7287110463921477
ORD0097184,23.738554232804226,0.007890021562100422
ORD0097185,15.551829365079351,0.19011740027204543
ORD0097186,23.136516594516593,0.8126586477882798
ORD0097187,22.74752116402117,0.9562631270996917
ORD0097188,16.3177791005291,0.11895005611911977
ORD0097189,24.49899867724868,0.30990644079332225
ORD0097190,13.302634920634922,0.20308022983053162
ORD0097191,17.425725108225105,0.5641702115040023
ORD0097192,15.395559523809528,0.513421841690794
ORD0097193,38.35807142857144,0.6202431999069715
ORD0097194,28.532227513227504,0.3988733657038857
ORD0097195,29.12425396825396,0.8638540307128265
ORD0097196,22.27388142413143,0.0
ORD0097197,21.41681084656085,0.0
ORD0097198,32.81234523809523,0.05559883434219843
ORD0097199,27.027662698412694,0.07508177591250242
ORD0097200,50.85773280423281,0.24913596407645233
ORD0097201,35.59376851851852,0.17254401885415752
ORD0097202,25.832916305916306,0.6186443307075972
ORD0097203,23.834246753246752,0.23617929457268108
ORD0097204,11.576046296296298,0.10173253789700641
ORD0097205,13.950488095238097,0.8401281713289741
ORD0097206,15.087962962962965,0.8557549305107222
ORD0097207,22.454996031746038,0.8439883921822461
ORD0097208,12.066544973544973,0.4717783842423847
ORD0097209,14.480765873015871,0.012940194261503812
ORD0097210,13.498887566137563,0.5596587472445413
ORD0097211,21.195201058201054,0.14018439923611706
ORD0097212,16.030916666666666,0.01518200767249409
ORD0097213,47.2519074074074,0.31726202866019804
ORD0097214,28.797809523809526,0.235092743642163
ORD0097215,36.19308465608466,0.6717846571412998
ORD0097216,37.770284391534396,0.4086949799801538
ORD0097217,15.256186507936503,0.0
ORD0097218,12.063257936507934,0.010574878202675574
ORD0097219,12.178257936507936,0.018312404975444303
ORD0097220,16.408342592592586,0.0
ORD0097221,18.25449735449735,0.2916728623736571
ORD0097222,15.19125,0.06918765137482451
ORD0097223,21.220646825396816,0.4974948880248516
ORD0097224,19.497830687830703,0.7074272230698191
ORD0097225,22.885337301587303,0.07814990667068206
ORD0097226,20.94178174603174,0.0
ORD0097227,19.031387566137575,0.5152224533028605
ORD0097228,36.40113492063493,0.8891386118626895
ORD0097229,20.73781878306879,0.007139839407514154
ORD0097230,15.48493386243385,0.02981663632424183
ORD0097231,12.189496031746039,0.060272131485108196
ORD0097232,15.818609788359781,0.0
ORD0097233,20.049373015873012,0.0
ORD0097234,19.692397546897553,0.10640243661274318
ORD0097235,15.404121693121693,0.18015381162999475
ORD0097236,22.130980158730154,0.12396646404447187
ORD0097237,18.515444444444444,0.3727145700897581
ORD0097238,23.329142857142866,0.2040296908395467
ORD0097239,22.294769841269854,0.31490459952975086
ORD0097240,50.47669047619048,0.010621185558145164
ORD0097241,26.562805555555553,0.002680722754993312
ORD0097242,52.28251190476191,0.0034474701825009586
ORD0097243,19.924537037037037,0.3992503266408908
ORD0097244,24.619761904761898,0.04690460116978067
ORD0097245,20.994735449735455,0.003083140817380149
ORD0097246,23.966416666666653,0.06678515390196614
ORD0097247,76.0527804232804,0.0
ORD0097248,83.92737962962961,0.0
ORD0097249,26.45386904761905,0.46495095437298045
ORD0097250,21.46,0.19635957154062725
ORD0097251,25.62511375661376,0.0
ORD0097252,18.798978835978836,0.0022418134109902775
ORD0097253,27.68851587301587,0.8273354381271878
ORD0097254,19.309019841269848,0.046515617281185445
ORD0097255,25.69024867724866,0.975295052154781
ORD0097256,14.680281746031751,0.2958601025396686
ORD0097257,24.643522486772486,0.9979211811385372
ORD0097258,22.537627104377112,0.5692256207263285
ORD0097259,15.516928571428565,0.47655087556186165
ORD0097260,17.065523809523807,0.0029716192816986713
ORD0097261,19.97593915343915,0.6664971708560088
ORD0097262,31.732619769119776,0.9025879834130137
ORD0097263,35.22711375661376,0.11227899657330775
ORD0097264,27.692297619047622,0.5781923296912695
ORD0097265,22.598249999999997,0.9546292288708982
ORD0097266,51.06042460317458,0.33423128325413176
ORD0097267,24.964481481481467,0.538893941187554
ORD0097268,21.740900793650795,0.9256456760904641
ORD0097269,25.05271428571428,0.16181086415326962
ORD0097270,24.445578042328048,0.41073805062035446
ORD0097271,21.58815476190476,0.23487573764783756
ORD0097272,23.706097883597884,0.38253063324773257
ORD0097273,18.478095238095236,0.14504139654498774
ORD0097274,14.306551587301591,0.22632414126145017
ORD0097275,16.750968253968253,0.6534842097167232
ORD0097276,19.241593915343913,0.41698890823014834
ORD0097277,18.301927248677252,0.2693340333608809
ORD0097278,18.721161375661364,0.20771398942228902
ORD0097279,22.33315476190477,0.07523939274544687
ORD0097280,17.30273809523809,0.20332258672728018
ORD0097281,16.6330873015873,0.01693595424703056
ORD0097282,17.242823713323716,0.24034195217236723
ORD0097283,19.70495502645503,0.8256418284692415
ORD0097284,16.577056878306887,0.5414391246367788
ORD0097285,70.72463888888889,0.4233206799439504
ORD0097286,23.351985449735444,0.11126514383402904
ORD0097287,17.659865079365076,0.07910932336939001
ORD0097288,16.4238134920635,0.3101922285280322
ORD0097289,16.260059523809527,0.5348975724571736
ORD0097290,18.375146825396822,0.7086337722095633
ORD0097291,14.76793386243385,0.008333064791685295
ORD0097292,12.25799206349207,0.5579537877693009
ORD0097293,12.282507936507939,0.0
ORD0097294,13.810547619047624,0.005416583194960203
ORD0097295,12.574071428571429,0.0043695270922628655
ORD0097296,13.619079365079363,0.7996866825287212
ORD0097297,10.02940885040885,0.0
ORD0097298,10.271369047619048,0.034323637299508616
ORD0097299,11.509775132275129,0.22516273567589104
ORD0097300,12.02106084656084,0.5724576708805679
ORD0097301,15.131611111111102,0.9413685277089829
ORD0097302,13.250710317460312,0.721140032094427
ORD0097303,12.085302910052906,0.0
ORD0097304,11.25043518518519,0.1800674819985678
ORD0097305,18.603623015873016,0.006014056088326646
ORD0097306,18.203218253968263,0.0
ORD0097307,15.762801587301583,0.01321981880611819
ORD0097308,13.286638287638288,0.035159598671938144
ORD0097309,14.351838624338622,0.024197612059106362
ORD0097310,18.761105820105822,0.02163813794193284
ORD0097311,21.701304232804237,0.033362253568073756
ORD0097312,22.356249999999992,0.12088473702249222
ORD0097313,24.01195634920635,0.19253777695889662
ORD0097314,26.44530291005292,0.3852911404927099
ORD0097315,19.8503888888889,0.3604268805724706
ORD0097316,23.881432539682546,0.43494034808850984
ORD0097317,16.850037037037037,0.0
ORD0097318,15.313580687830687,0.002680722754993312
ORD0097319,25.43681216931217,0.9704913813620044
ORD0097320,28.510142857142842,0.9775309915069696
ORD0097321,18.206011904761905,0.05491390751632449
ORD0097322,20.352025132275138,0.08873609797643882
ORD0097323,37.311715728715726,0.0
ORD0097324,19.629820105820116,0.533463343530995
ORD0097325,16.688551587301585,0.6508552833786122
ORD0097326,17.15995502645503,0.3745724552415533
ORD0097327,9.074034391534394,0.08681601554768618
ORD0097328,19.976329365079366,0.9235599546654385
ORD0097329,15.436174603174605,0.518930063451171
ORD0097330,24.059124218374222,0.9965444533379546
ORD0097331,24.550960678210693,0.5169958265845594
ORD0097332,16.75989658489659,0.18105102255400712
ORD0097333,28.434851851851853,0.02649148863143214
ORD0097334,14.773854497354495,0.2880584383277789
ORD0097335,17.921932539682544,0.4633159261783179
ORD0097336,14.95581746031746,0.35322140899466664
ORD0097337,29.778847883597884,0.47260849595374393
ORD0097338,19.16053174603175,0.4545803314639638
ORD0097339,24.080075396825393,0.6732431793931264
ORD0097340,23.59353306878307,0.029062320284073722
ORD0097341,41.307724867724865,0.4836029897661717
ORD0097342,43.96721296296295,0.0004758509008022873
ORD0097343,58.74161243386241,0.9068308876759034
ORD0097344,36.255374338624335,0.008333064791685295
ORD0097345,26.46178691678691,0.9955306657912759
