delivery_id,pred_service_min,pred_late_prob
ORD0092308,8.210415858655574,0.001
ORD0092309,8.07485180054555,0.001
ORD0092310,12.217126268766858,0.001
ORD0092311,12.013593052284788,0.005246491287170595
ORD0092312,13.267924400090871,0.0069214164591664355
ORD0092313,15.75596275503515,0.043300815520128974
ORD0092314,15.698427506558675,0.001
ORD0092315,26.46618884516664,0.8034033739971342
ORD0092316,20.320315465399013,0.001
ORD0092317,12.393323778280593,0.001
ORD0092318,9.420385122798487,0.001
ORD0092319,9.185296444999144,0.001
ORD0092320,18.03907105288419,0.001
ORD0092321,13.147755114388985,0.001
ORD0092322,20.40104349265697,0.9885439695095639
ORD0092323,13.6427248587813,0.0023780295988920985
ORD0092324,13.621653481682523,0.4649175595588176
ORD0092325,8.762062340456133,0.022701688299191555
ORD0092326,14.737869009053076,0.001
ORD0092327,15.737491507398524,0.9424878954168168
ORD0092328,17.737007261657833,0.5024853207853125
ORD0092329,12.217198336683815,0.03836406343032299
ORD0092330,10.803257511836913,0.001
ORD0092331,10.803625422821971,0.465221017657578
ORD0092332,21.684640952238823,0.001
ORD0092333,13.438616836743812,0.001
ORD0092334,9.912427159765603,0.001
ORD0092335,12.610266905876866,0.0014825538223633677
ORD0092336,11.946891629908983,0.001
ORD0092337,16.027849735461512,0.011207970277017452
ORD0092338,14.314222282569439,0.001
ORD0092339,12.411648007452849,0.15763291125748974
ORD0092340,12.764869000884525,0.006027168342673512
ORD0092341,22.86929875740773,0.001
ORD0092342,9.547939239017209,0.5694829021955661
ORD0092343,9.244926674643182,0.03163059638771512
ORD0092344,12.144743820123372,0.012673577478302089
ORD0092345,22.952395182767855,0.0030497106146896735
ORD0092346,16.859639445586044,0.001
ORD0092347,13.646830630155813,0.001
ORD0092348,17.42976213729439,0.028134058998373467
ORD0092349,12.911968778807353,0.001
ORD0092350,16.032874536673944,0.001
ORD0092351,15.249126034928212,0.001
ORD0092352,11.249992358361428,0.4888466917447212
ORD0092353,9.347854376024834,0.005334161108629073
ORD0092354,18.329477627186066,0.9463158199428342
ORD0092355,11.851409623913783,0.02083184690349211
ORD0092356,7.566236952397783,0.0031210565773270886
ORD0092357,33.53649912714362,0.001
ORD0092358,19.760524685468546,0.001420926763900605
ORD0092359,11.031266325464664,0.004577264586258835
ORD0092360,11.839049966779047,0.001
ORD0092361,12.290833089699401,0.007845649034957807
ORD0092362,10.979812343192066,0.002450228546322295
ORD0092363,21.65685044977517,0.001
ORD0092364,14.150093056760506,0.054625587466043214
ORD0092365,11.951182667113201,0.003956957242771276
ORD0092366,16.84800230698026,0.001
ORD0092367,16.87484281490437,0.001
ORD0092368,13.237897858025056,0.001
ORD0092369,17.52288155743411,0.001
ORD0092370,17.59909682169429,0.23764220667466046
ORD0092371,20.22115895322833,0.3903505557834211
ORD0092372,13.993442155691929,0.6215621081648648
ORD0092373,14.809356152899557,0.10393728330481755
ORD0092374,11.793584787012863,0.16347892123491295
ORD0092375,12.727193954102408,0.9525109190301144
ORD0092376,11.188389537891615,0.8582868418477622
ORD0092377,9.642555473540611,0.004604946254638193
ORD0092378,15.382352267030264,0.00112640524096329
ORD0092379,11.416571507159,0.001
ORD0092380,8.420490658612007,0.001
ORD0092381,10.14557606411696,0.001
ORD0092382,9.441765240580905,0.023526370035011013
ORD0092383,7.607447640406186,0.001
ORD0092384,6.525064044074576,0.24025035710905765
ORD0092385,5.451136664909882,0.004883652688911654
ORD0092386,10.145228468094569,0.7971965193371482
ORD0092387,9.860261032408632,0.0358808756594966
ORD0092388,10.362535262311617,0.9770491288461125
ORD0092389,9.148164304746004,0.2538264358470168
ORD0092390,10.35089067088942,0.001
ORD0092391,10.386926119687017,0.001
ORD0092392,10.04103295075985,0.001
ORD0092393,10.035213070113318,0.001
ORD0092394,9.886954701252158,0.001
ORD0092395,9.590081596735804,0.001
ORD0092396,8.832934443175203,0.001
ORD0092397,10.263351431431275,0.012644273346302363
ORD0092398,9.708824274885965,0.1423301356181854
ORD0092399,11.038200354300793,0.730692911452453
ORD0092400,9.295773223857786,0.001
ORD0092401,9.205032726304541,0.9632298733365079
ORD0092402,12.586485238868994,0.001
ORD0092403,19.93282931962506,0.001
ORD0092404,27.398030591698028,0.00699737674503832
ORD0092405,9.9225076859902,0.001
ORD0092406,12.179407173277903,0.06156461882382791
ORD0092407,13.38225417436496,0.004101928711647498
ORD0092408,10.685565525502929,0.5443273536585869
ORD0092409,19.180876234880937,0.001
ORD0092410,17.64253598565693,0.001
ORD0092411,14.669684275100659,0.001
ORD0092412,17.919980402433374,0.005745752114684191
ORD0092413,16.502495933152105,0.006847448310601414
ORD0092414,10.973607505770904,0.001
ORD0092415,10.137620622366905,0.001
ORD0092416,15.896444057180872,0.05553784860751173
ORD0092417,13.471604176466625,0.001
ORD0092418,12.534118452095841,0.001
ORD0092419,76.50810468820225,0.001
ORD0092420,27.636526178962,0.001
ORD0092421,17.750984189781647,0.5929824444421594
ORD0092422,10.240565516753955,0.2731208392126101
ORD0092423,8.217269154152524,0.1468127838690797
ORD0092424,13.161912132841003,0.9617252007172119
ORD0092425,19.52159840301716,0.9875527953526122
ORD0092426,12.741323902257655,0.33708826215090215
ORD0092427,13.116031626011623,0.47366822578665635
ORD0092428,11.013346555803302,0.2010267343598951
ORD0092429,11.32351453022066,0.5416371208571907
ORD0092430,10.925957182978125,0.4039320214506036
ORD0092431,10.643010419272883,0.6166603444880103
ORD0092432,18.014944185492446,0.057358872127745056
ORD0092433,12.125926559971852,0.12579379566341828
ORD0092434,14.439044476654704,0.8566451021789454
ORD0092435,37.218412000245976,0.0804236939866068
ORD0092436,15.451466810419392,0.001
ORD0092437,13.219201564385882,0.056059972261273606
ORD0092438,15.658504434642175,0.007839525144033013
ORD0092439,28.501688780720247,0.12563023293995207
ORD0092440,23.584381247415653,0.5045589830842028
ORD0092441,20.803097573289918,0.8308026320537916
ORD0092442,20.701596068420972,0.9494409979125807
ORD0092443,7.612930756580228,0.001
ORD0092444,8.348717201128325,0.00845418979485201
ORD0092445,7.066310890340343,0.001
ORD0092446,8.171780392722164,0.05169077585883057
ORD0092447,12.29436485762822,0.001
ORD0092448,12.544198467210917,0.001
ORD0092449,11.564515901718174,0.0022044172001636437
ORD0092450,17.209540760290455,0.008467859755668473
ORD0092451,15.471662199086653,0.0013113372768306683
ORD0092452,22.915833811562862,0.16465582880585913
ORD0092453,10.60081980138604,0.001
ORD0092454,8.573592964851473,0.001
ORD0092455,7.316263977720208,0.001
ORD0092456,8.523576031950231,0.001
ORD0092457,14.753771085092886,0.001
ORD0092458,12.442101754232947,0.001
ORD0092459,18.3019255857607,0.7986145460543271
ORD0092460,15.733413175460965,0.18948728367259693
ORD0092461,12.593103586865226,0.9704262723334753
ORD0092462,14.45210280886309,0.5211762488395069
ORD0092463,10.079038981782364,0.001
ORD0092464,12.22446408461273,0.0044838532244544215
ORD0092465,51.22335127010896,0.001
ORD0092466,54.37213580476542,0.001
ORD0092467,11.849246129966115,0.001
ORD0092468,9.736041452878439,0.033128274548155555
ORD0092469,10.682366646940208,0.001
ORD0092470,11.171554099595625,0.5415141506724199
ORD0092471,16.329663274684705,0.001
ORD0092472,15.62008616374066,0.001
ORD0092473,7.762933902784281,0.001
ORD0092474,6.730652177671206,0.001
ORD0092475,10.849928646371897,0.0073685066799601155
ORD0092476,11.303856467128636,0.0013613474536316196
ORD0092477,18.142189314572764,0.06991994917151753
ORD0092478,16.565261000392862,0.01177462382634194
ORD0092479,12.78592852531727,0.5337480923929929
ORD0092480,12.135710043730507,0.17396210214885952
ORD0092481,21.568072606296177,0.001
ORD0092482,20.64419397526466,0.001
ORD0092483,11.063899876359425,0.9523616861306874
ORD0092484,10.670557315060819,0.001
ORD0092485,11.187477798286572,0.001
ORD0092486,20.144701236786442,0.001
ORD0092487,16.507055534313785,0.001
ORD0092488,11.005268173911997,0.001
ORD0092489,11.175979269510137,0.001
ORD0092490,16.510665497992136,0.003307824853146582
ORD0092491,16.71421922333016,0.0033268110652321914
ORD0092492,16.833188200467504,0.001
ORD0092493,14.270372940987768,0.001
ORD0092494,8.984136280906617,0.042333947740704696
ORD0092495,7.5413551485444765,0.03382203602409742
ORD0092496,15.459035082778945,0.46809432499276793
ORD0092497,16.926421336265953,0.3745762467681362
ORD0092498,6.653383835191256,0.001
ORD0092499,6.719801276886645,0.001
ORD0092500,11.05621943817343,0.0052204750238873205
ORD0092501,10.66301219597017,0.020240655196938274
ORD0092502,11.416617342772092,0.018475371521462673
ORD0092503,12.271691003731911,0.0910329228782155
ORD0092504,21.894844299041882,0.001
ORD0092505,18.20051855866359,0.003294590449219393
ORD0092506,12.359159696998816,0.06155996958197929
ORD0092507,14.338121589845448,0.001
ORD0092508,13.523601492234658,0.0030208744581746135
ORD0092509,13.08647914315793,0.02285140873297925
ORD0092510,16.43520476084501,0.001
ORD0092511,16.410129315395576,0.001
ORD0092512,11.239970520040629,0.001
ORD0092513,11.947323149238489,0.001
ORD0092514,13.583969434996476,0.001
ORD0092515,9.282480224361354,0.001
ORD0092516,9.890982374877572,0.0023670942556536343
ORD0092517,8.434938908820412,0.001
ORD0092518,8.445102341804992,0.001
ORD0092519,10.138406666158724,0.01836795887799351
ORD0092520,12.52059129090979,0.001
ORD0092521,10.433055005792868,0.001831300469607768
ORD0092522,9.92978005697878,0.001
ORD0092523,12.340567352713473,0.001
ORD0092524,8.230913488758377,0.009448419462737681
ORD0092525,10.393423306877361,0.06877977651524728
ORD0092526,7.011741322781339,0.001
ORD0092527,7.580597888012786,0.020957919703527103
ORD0092528,4.474372492794646,0.011312612158774007
ORD0092529,6.446560818181851,0.0025287800956700157
ORD0092530,8.481904780620113,0.06124373193241166
ORD0092531,8.256726709671709,0.3064046423011675
ORD0092532,7.225715963480267,0.03296227313648985
ORD0092533,7.750466950666207,0.001
ORD0092534,7.583295864442878,0.001
ORD0092535,8.673256779194428,0.001
ORD0092536,7.366441392203298,0.001
ORD0092537,6.1210098474150945,0.001
ORD0092538,6.551152077069644,0.001
ORD0092539,6.609958956456353,0.0027212895356851846
ORD0092540,7.251678424512367,0.001
ORD0092541,7.873134840000108,0.025335108125227858
ORD0092542,6.739695247269383,0.001
ORD0092543,9.338758056944519,0.24610347598018087
ORD0092544,6.725446142158866,0.001
ORD0092545,6.570061478844329,0.001
ORD0092546,11.240634790585046,0.001
ORD0092547,11.66280920756384,0.001
ORD0092548,14.81239765422679,0.001
ORD0092549,20.403615872975358,0.001
ORD0092550,6.461832583208483,0.001
ORD0092551,7.973070388156259,0.001
ORD0092552,8.778654648288388,0.001
ORD0092553,15.492486784455386,0.001
ORD0092554,12.617305185702598,0.001
ORD0092555,15.43103361876861,0.001
ORD0092556,13.872668229618574,0.001774142755968677
ORD0092557,11.553790367212839,0.001
ORD0092558,9.234681619552648,0.001
ORD0092559,8.156863663629387,0.001
ORD0092560,9.417907359089396,0.015944224180400948
ORD0092561,14.091569510292777,0.001
ORD0092562,10.185162047811197,0.001
ORD0092563,13.85200287307225,0.12271752988034863
ORD0092564,9.962084107469153,0.09417747842456799
ORD0092565,7.65994675071643,0.034144363104478145
ORD0092566,5.764676351932344,0.041006926869276
ORD0092567,8.798107750498291,0.3068864909618224
ORD0092568,6.540332506992746,0.32855896066567974
ORD0092569,21.18325115672239,0.7219662036404717
ORD0092570,15.985683642625414,0.6168954100330455
ORD0092571,9.831938189685387,0.05979446052607192
ORD0092572,8.925481825326239,0.05989616009408105
ORD0092573,7.80555722279125,0.08082660028842738
ORD0092574,8.280386385623645,0.24421586659123856
ORD0092575,15.911925247132126,0.12197149509647634
ORD0092576,14.16197519546516,0.12888868357193944
ORD0092577,9.335985330419353,0.28614777026708565
ORD0092578,8.249378601845425,0.2413291417379107
ORD0092579,12.715924905591011,0.001
ORD0092580,9.538057125222913,0.001
ORD0092581,10.964214304350767,0.001
ORD0092582,31.424201012330226,0.008508086574217463
ORD0092583,14.314936884449187,0.124669126755101
ORD0092584,8.558040040839332,0.001
ORD0092585,8.549906423311741,0.001
ORD0092586,8.619019373045054,0.001
ORD0092587,13.733697235327549,0.001
ORD0092588,11.038317538403673,0.001
ORD0092589,11.546919259621134,0.001
ORD0092590,9.62563908608971,0.001
ORD0092591,11.225621419602279,0.001
ORD0092592,12.295866632439772,0.001
ORD0092593,18.933170878928184,0.001592581045952369
ORD0092594,24.242774968685993,0.04192580185552915
ORD0092595,22.041207094259462,0.007322267251928048
ORD0092596,12.096564523691722,0.001
ORD0092597,9.183079857692077,0.001
ORD0092598,16.284430557632653,0.001
ORD0092599,18.04214942415639,0.5573398791441514
ORD0092600,10.140413700840943,0.009380273690418916
ORD0092601,13.261837448630013,0.9437568371397923
ORD0092602,11.956712989085583,0.8516494210846275
ORD0092603,12.071616260432082,0.001
ORD0092604,13.482438276951381,0.001
ORD0092605,10.961468432777997,0.001
ORD0092606,18.797756135890708,0.9885885989412075
ORD0092607,11.719811025193527,0.001
ORD0092608,10.801464389116077,0.001
ORD0092609,11.7062116780099,0.001
ORD0092610,19.106415375641692,0.001
ORD0092611,8.525358572695888,0.001
ORD0092612,7.407966744338517,0.001
ORD0092613,13.378327165175312,0.001
ORD0092614,18.160118419321908,0.0014032496528086085
ORD0092615,11.239068841073204,0.01837960712012703
ORD0092616,12.038411900003583,0.001
ORD0092617,24.848165987736902,0.001
ORD0092618,19.98954568195362,0.001
ORD0092619,9.52705065538981,0.13629067224319977
ORD0092620,9.948499511553427,0.001
ORD0092621,12.359780619561768,0.001
ORD0092622,59.138300958567136,0.002093555288251221
ORD0092623,34.51414815623402,0.17557671394662305
ORD0092624,28.571836606538845,0.001
ORD0092625,17.23524229291518,0.001
ORD0092626,16.22954322402226,0.001
ORD0092627,13.804395799201636,0.001
ORD0092628,11.771793840063559,0.001
ORD0092629,17.130691710543516,0.002950912151599749
ORD0092630,15.530083073151806,0.001470481101080058
ORD0092631,13.946747015437502,0.001
ORD0092632,10.046808069616606,0.04294333032509227
ORD0092633,14.007692795323969,0.2954894246383567
ORD0092634,8.059497913943877,0.001
ORD0092635,56.566695117958595,0.001
ORD0092636,10.758444199192862,0.017344287952290295
ORD0092637,12.317945583098505,0.008290486505029768
ORD0092638,12.074567149171,0.04480816415609264
ORD0092639,10.46198885133938,0.01887951863299924
ORD0092640,29.614037154203434,0.001
ORD0092641,18.545668316348145,0.001
ORD0092642,13.081165725261929,0.12530608467309345
ORD0092643,13.324865391593839,0.07016729926685243
ORD0092644,18.254935852777052,0.001
ORD0092645,18.882237657350203,0.001
ORD0092646,18.18250766713252,0.01669697714486833
ORD0092647,10.90234832362662,0.0018485303123763244
ORD0092648,18.244508787440054,0.001
ORD0092649,10.618371831819553,0.001
ORD0092650,13.594563539263573,0.001
ORD0092651,10.82393408268561,0.00156072024381264
ORD0092652,9.519946461837607,0.001
ORD0092653,14.552126417441551,0.08732458499934176
ORD0092654,12.12239063134968,0.001
ORD0092655,11.956896741668375,0.001
ORD0092656,8.952573567817065,0.0022238684552612895
ORD0092657,7.808540637191924,0.001
ORD0092658,7.914874137948263,0.010942167886820061
ORD0092659,6.917660007333505,0.001503615490725045
ORD0092660,6.3635848466596885,0.025474596948053263
ORD0092661,7.437379855916697,0.008687520098451706
ORD0092662,10.35170851943172,0.2133449746285651
ORD0092663,8.76395626076937,0.7344944394817133
ORD0092664,7.963834473074188,0.040217125465531245
ORD0092665,10.077914770135544,0.001
ORD0092666,8.943645750992232,0.001
ORD0092667,10.034227322931837,0.001
ORD0092668,8.728100288266692,0.001
ORD0092669,8.35980230109516,0.001
ORD0092670,8.219866679774274,0.001
ORD0092671,8.41737069728788,0.001
ORD0092672,8.666998134169202,0.001
ORD0092673,9.560962398034894,0.001
ORD0092674,10.793521549106346,0.003968076053262087
ORD0092675,8.124806368269146,0.001
ORD0092676,8.869903906247401,0.001
ORD0092677,8.150712482195761,0.001
ORD0092678,12.096282471087937,0.001
ORD0092679,10.24951634654979,0.001
ORD0092680,18.967897258273517,0.001
ORD0092681,21.53360145108771,0.001
ORD0092682,9.212436460222227,0.001
ORD0092683,14.513836255989347,0.001
ORD0092684,8.745728537138694,0.001
ORD0092685,30.14251149832328,0.001
ORD0092686,41.8107377067456,0.001
ORD0092687,17.336775901428677,0.001
ORD0092688,17.830201841105954,0.005333100613997183
ORD0092689,13.253240771036188,0.0022618859665157445
ORD0092690,17.628193849799786,0.09584981553807079
ORD0092691,11.55623623316531,0.001
ORD0092692,10.182575251181714,0.001
ORD0092693,15.353578879427795,0.7794224940074911
ORD0092694,15.134344308316427,0.057256870608624846
ORD0092695,12.924320083650677,0.001
ORD0092696,11.524393154637009,0.0011694967342536333
ORD0092697,15.2438921641737,0.2168629259466505
ORD0092698,11.332157810074621,0.03133124116694175
ORD0092699,8.474531848187132,0.03065097568890681
ORD0092700,7.516378444522228,0.018805773610694285
ORD0092701,13.151112455669056,0.5525522301364318
ORD0092702,9.199812822187104,0.0932992409689263
ORD0092703,20.071454991371407,0.9161343074578758
ORD0092704,16.71967788845964,0.17468865545803589
ORD0092705,13.980432158315464,0.14746378412375732
ORD0092706,11.216666637831723,0.1433456528881855
ORD0092707,10.426868103870522,0.10577169399702088
ORD0092708,11.087050541455042,0.29849097511210704
ORD0092709,9.89984243408777,0.2351487058974157
ORD0092710,18.777349342797912,0.12295934382847831
ORD0092711,13.094188060646948,0.11255681870878158
ORD0092712,13.630173493204891,0.24761482099645066
ORD0092713,10.606989426952849,0.20082850061855972
ORD0092714,13.789884012895095,0.001
ORD0092715,12.433466668642644,0.011882168338535986
ORD0092716,12.739778043008945,0.006662166205830855
ORD0092717,15.379735551393994,0.1550824513749816
ORD0092718,36.6940683385088,0.26051770471476865
ORD0092719,18.15254376214637,0.7336529220271185
ORD0092720,20.402294051176156,0.7152481632374001
ORD0092721,22.3482952828025,0.001
ORD0092722,10.200457617316294,0.001
ORD0092723,9.896732093963514,0.001
ORD0092724,11.424762380135473,0.29118638694810484
ORD0092725,9.170657388438647,0.001
ORD0092726,15.071507359677284,0.06529439847249087
ORD0092727,12.680200181496932,0.001
ORD0092728,15.596812691595805,0.001
ORD0092729,12.9146401066253,0.0122518757069713
ORD0092730,16.0372762537337,0.001
ORD0092731,15.188251774036118,0.001
ORD0092732,17.622839071247938,0.004266092921181068
ORD0092733,23.505184758307717,0.35242941953901435
ORD0092734,22.167270613824847,0.056755562454957206
ORD0092735,11.228200958135586,0.001
ORD0092736,10.318611839041795,0.001
ORD0092737,12.255513353501895,0.001
ORD0092738,11.50650084589092,0.004022141138825243
ORD0092739,13.183726000182517,0.001
ORD0092740,18.6230757061256,0.001
ORD0092741,18.890464840524405,0.8331137745714159
ORD0092742,17.8999465860078,0.9498030028635329
ORD0092743,18.044252502426406,0.9858854547451055
ORD0092744,18.450485221023442,0.001
ORD0092745,12.416109400604837,0.001
ORD0092746,16.708507571340714,0.001
ORD0092747,25.635019686958827,0.9978315823089453
ORD0092748,50.24880075923556,0.010539163268002335
ORD0092749,50.346940599986844,0.6728974028512351
ORD0092750,62.85917308767619,0.006488044472926867
ORD0092751,66.58664562807259,0.009878813598660335
ORD0092752,32.28968771034451,0.001
ORD0092753,43.70070125312942,0.001
ORD0092754,13.369152737840185,0.001
ORD0092755,13.745041335547208,0.001
ORD0092756,12.86835983782039,0.001
ORD0092757,12.21630030529658,0.0026913347983441565
ORD0092758,24.366945788928266,0.001
ORD0092759,17.960521489850503,0.001
ORD0092760,11.425179628819286,0.001
ORD0092761,14.312979381626128,0.002432525101712434
ORD0092762,21.583593545736242,0.027308948801991716
ORD0092763,18.79738880102967,0.048834297635200204
ORD0092764,18.194981808181975,0.4861215891242855
ORD0092765,22.88129369474354,0.001
ORD0092766,14.303272678826266,0.001
ORD0092767,13.764165573039367,0.7891319326321268
ORD0092768,13.908493377463616,0.001
ORD0092769,14.931280923827117,0.001
ORD0092770,26.54600837738725,0.0016761579650155568
ORD0092771,15.962013965235956,0.001
ORD0092772,13.57691547607299,0.001
ORD0092773,24.64662089819556,0.017220829519175376
ORD0092774,21.636618563147042,0.05775655436748445
ORD0092775,19.349169727331343,0.001
ORD0092776,16.04187393592241,0.001045710573702186
ORD0092777,15.460386499879249,0.4918620129400776
ORD0092778,21.94464136269781,0.95128552135323
ORD0092779,20.559218702775635,0.5065929781513331
ORD0092780,9.144568808525241,0.001
ORD0092781,8.589058162794458,0.017346893606100068
ORD0092782,13.51829384607391,0.017728950513025542
ORD0092783,14.552461833460388,0.001
ORD0092784,15.10014126861902,0.05746843323548743
ORD0092785,14.109848269819828,0.008514139457100499
ORD0092786,27.55559064695499,0.001
ORD0092787,23.97175027526106,0.001
ORD0092788,16.96897192264359,0.19441878434299728
ORD0092789,15.135629931413314,0.0340737674260457
ORD0092790,20.431676025995728,0.001
ORD0092791,17.642718838302986,0.001
ORD0092792,18.189557194620683,0.0026923435234990404
ORD0092793,14.554820876255855,0.001
ORD0092794,24.63195148787724,0.022860722209543227
ORD0092795,18.325667792536052,0.002483801173849239
ORD0092796,12.629854986337488,0.05459497851723875
ORD0092797,14.785851286283979,0.010740952920334928
ORD0092798,17.81142560372522,0.008024882270980475
ORD0092799,14.018923537221847,0.001
ORD0092800,13.828832251884966,0.3311165139021062
ORD0092801,12.389262527389834,0.030495108287218527
ORD0092802,11.290758579521558,0.021842647104293123
ORD0092803,12.422269147691663,0.006799738025810543
ORD0092804,16.402800243132106,0.002643563078493277
ORD0092805,16.853638088577647,0.001276059127199788
ORD0092806,13.146581478134888,0.001542333272206578
ORD0092807,17.896896417779516,0.001
ORD0092808,9.824073725221503,0.001
ORD0092809,14.440157734217285,0.19572213629291818
ORD0092810,7.909467333908517,0.0036681481795177717
ORD0092811,8.590569286875095,0.1971311694536656
ORD0092812,12.436664525192162,0.016988875637119087
ORD0092813,12.651895491125133,0.6175235711143104
ORD0092814,11.523817944642385,0.05674244893096416
ORD0092815,10.436709240028218,0.001
ORD0092816,10.042562291995324,0.001
ORD0092817,10.805901964432355,0.001
ORD0092818,10.758635992832735,0.001
ORD0092819,9.713264368089279,0.001
ORD0092820,10.37481324083536,0.001
ORD0092821,8.961055133747484,0.001
ORD0092822,9.597117610375577,0.001
ORD0092823,9.876499865750107,0.001
ORD0092824,10.037268553568593,0.001
ORD0092825,9.382042452665099,0.0017541482433222385
ORD0092826,9.275779064612099,0.001
ORD0092827,11.95489470487471,0.011278069390067813
ORD0092828,9.80347226369656,0.001256272548778841
ORD0092829,9.855762802829279,0.001
ORD0092830,13.57754505042251,0.001
ORD0092831,15.956115833161975,0.001
ORD0092832,22.919931660033193,0.001
ORD0092833,10.57890575883093,0.001
ORD0092834,12.355957917891521,0.001
ORD0092835,12.108243211648524,0.001
ORD0092836,25.263838017732212,0.001
ORD0092837,58.67113801004261,0.001070540878097582
ORD0092838,49.957227726548766,0.004812092656955409
ORD0092839,28.74942947815937,0.004219083081896149
ORD0092840,53.11489902060091,0.001
ORD0092841,34.898862782021695,0.001
ORD0092842,20.27392531939537,0.001
ORD0092843,17.127388626565306,0.001
ORD0092844,16.88868095032055,0.001
ORD0092845,17.329326548180696,0.001
ORD0092846,18.85059563269821,0.012730237486144871
ORD0092847,13.318082977986464,0.001
ORD0092848,15.964196517525972,0.2796212304205846
ORD0092849,18.912548850240828,0.0015359108383648519
ORD0092850,14.997200345945036,0.001
ORD0092851,20.20452636072693,0.12648965430976392
ORD0092852,9.666204270162087,0.02657750336561529
ORD0092853,14.960477367879719,0.44650888076082007
ORD0092854,11.3433353719787,0.0158459889010952
ORD0092855,24.699423904095294,0.7852684057767495
ORD0092856,14.60125250146482,0.040675346675967
ORD0092857,15.096732043893118,0.04192265382111992
ORD0092858,11.298386990274984,0.005645178876152686
ORD0092859,12.02812987348274,0.3140987766578342
ORD0092860,12.902847607854026,0.15321682708666157
ORD0092861,13.74160485105234,0.5744571387850403
ORD0092862,12.741835413957133,0.6997307669091251
ORD0092863,19.879852022083696,0.07015055893790204
ORD0092864,13.771077234705944,0.15835572837694578
ORD0092865,11.989964995174597,0.30110342061795203
ORD0092866,15.023014802146308,0.0011827743701874709
ORD0092867,15.285268854571143,0.006042849928711042
ORD0092868,14.567086277195571,0.0014427767817029359
ORD0092869,40.17113881630255,0.09724091722049712
ORD0092870,37.339352653931655,0.012615384207253503
ORD0092871,19.47644130484446,0.5235682576096501
ORD0092872,19.758064239410178,0.2939637154782976
ORD0092873,11.488930303855799,0.28119689903544415
ORD0092874,10.161852555988817,0.001
ORD0092875,14.31921079664148,0.9712057018296985
ORD0092876,9.081431915002064,0.001
ORD0092877,16.835938547398506,0.9919051884195019
ORD0092878,13.82320410826891,0.001
ORD0092879,13.167204468471681,0.001
ORD0092880,13.082455033038638,0.01882867007653096
ORD0092881,18.118217309575606,0.03450949744245341
ORD0092882,15.616209589783553,0.001
ORD0092883,25.338424643465398,0.6610245494962914
ORD0092884,34.2074532126203,0.9777230940176512
ORD0092885,24.80523492760297,0.6512462792926124
ORD0092886,16.794004451733468,0.001
ORD0092887,15.15892065823933,0.001
ORD0092888,11.72764652250226,0.001
ORD0092889,11.700934707629745,0.005599654805660208
ORD0092890,14.092076578160599,0.001
ORD0092891,16.05401462488298,0.02103625807972288
ORD0092892,21.264912718969654,0.996773818151285
ORD0092893,20.013848049061195,0.0039572992442169766
ORD0092894,15.41887423925544,0.001
ORD0092895,20.08748986508433,0.1332523563506772
ORD0092896,52.2794774750708,0.001
ORD0092897,43.21067885521877,0.001
ORD0092898,14.091188091409315,0.001
ORD0092899,12.727259787342733,0.001
ORD0092900,17.736158102832118,0.001
ORD0092901,24.889553707018308,0.001
ORD0092902,10.371552820495719,0.0015803136601679657
ORD0092903,10.569185821059092,0.001
ORD0092904,15.921232404142032,0.03443811346282001
ORD0092905,15.122381151296477,0.006880469860741758
ORD0092906,23.656200369423686,0.40015343731950387
ORD0092907,26.639207468015954,0.13693492608197216
ORD0092908,17.60717782585566,0.002349224879064834
ORD0092909,30.694248045677533,0.001
ORD0092910,32.8672473946677,0.001
ORD0092911,13.924399287144896,0.9256868902235418
ORD0092912,21.223034576537575,0.001
ORD0092913,18.772662683661384,0.001
ORD0092914,36.28440729265148,0.0020961338762365794
ORD0092915,16.19111943304856,0.001
ORD0092916,20.269502861093766,0.04278100398665667
ORD0092917,19.354883522476378,0.001
ORD0092918,18.643485085664885,0.001
ORD0092919,17.086430375430325,0.629550612475508
ORD0092920,9.980034786270279,0.001
ORD0092921,21.122865209789484,0.9657726977037411
ORD0092922,10.55029079192847,0.001658147942297442
ORD0092923,11.621686812829168,0.001
ORD0092924,13.094960752696114,0.021424785351040025
ORD0092925,18.0433025880013,0.1236433957724448
ORD0092926,27.405643743451865,0.001
ORD0092927,20.680758449941973,0.5379915665820416
ORD0092928,16.34674723372364,0.001
ORD0092929,20.833079441593622,0.001
ORD0092930,20.46970472070215,0.001
ORD0092931,16.675642102689842,0.020272700098777612
ORD0092932,55.40134039679121,0.009879849365692075
ORD0092933,42.392008436766815,0.001
ORD0092934,21.582021675501352,0.001
ORD0092935,15.284850436801307,0.001
ORD0092936,14.20292905448543,0.001
ORD0092937,19.37843797647872,0.001
ORD0092938,14.258945779300689,0.0028262592435716865
ORD0092939,12.21100368517111,0.001
ORD0092940,43.38966049165381,0.001
ORD0092941,12.947947050323553,0.001
ORD0092942,12.99910607797292,0.008700311711659654
ORD0092943,22.14533756580398,0.001
ORD0092944,21.8001183383296,0.0012722628212532329
ORD0092945,15.434626661081401,0.001
ORD0092946,12.879308099931881,0.001
ORD0092947,14.153468529449956,0.0014478557053584906
ORD0092948,12.007335026137193,0.0036473248694188624
ORD0092949,24.81944313633039,0.001297092697253891
ORD0092950,55.23352806802003,0.0012777528152263257
ORD0092951,7.505873103536129,0.05461950608436518
ORD0092952,13.535538317225333,0.35974004827252165
ORD0092953,12.729001149910394,0.05133036740246969
ORD0092954,11.148136497365423,0.8195048241809589
ORD0092955,9.956988958184136,0.001
ORD0092956,8.985335814135238,0.001
ORD0092957,10.34054494948127,0.001
ORD0092958,10.114760252003416,0.001
ORD0092959,11.30255696814461,0.001
ORD0092960,8.117615834922509,0.001
ORD0092961,9.178482277571597,0.001
ORD0092962,8.699995095241636,0.001
ORD0092963,8.802555395362884,0.001
ORD0092964,8.10008142477742,0.001
ORD0092965,7.94314938820311,0.001
ORD0092966,7.81351247121287,0.001
ORD0092967,8.709289804040383,0.001
ORD0092968,13.093464697643594,0.001
ORD0092969,16.434808226454233,0.24815994033331537
ORD0092970,23.666758228262967,0.001
ORD0092971,24.133472643000886,0.02653453207632537
ORD0092972,9.089422954136978,0.001
ORD0092973,11.365787977203098,0.8965429896523271
ORD0092974,12.994646401577702,0.001
ORD0092975,18.375023667971085,0.001
ORD0092976,18.256268164647512,0.02175137855063653
ORD0092977,14.487199889475841,0.001
ORD0092978,18.79674856171552,0.013675361256293433
ORD0092979,16.833536501279895,0.5592592594597163
ORD0092980,12.068504947594237,0.001
ORD0092981,19.717572610119156,0.49081040754811245
ORD0092982,14.509656839505778,0.001
ORD0092983,14.298996694718932,0.02195419911785767
ORD0092984,20.547593671373303,0.3358960759168309
ORD0092985,13.057774140407481,0.49036613290518993
ORD0092986,10.983884629906106,0.014446214338774004
ORD0092987,14.919543211618501,0.7789501391870212
ORD0092988,24.374531631837613,0.9631601323129771
ORD0092989,20.951578428517788,0.8723506376611182
ORD0092990,12.078416792601272,0.10078146952792943
ORD0092991,10.930186432865854,0.07175528051107591
ORD0092992,12.003377822946474,0.19830741255869117
ORD0092993,10.428417324914626,0.4709430106049279
ORD0092994,23.824798954331975,0.25825915843724423
ORD0092995,15.780120338478168,0.14410434996139795
ORD0092996,14.245717160202416,0.3313785717119291
ORD0092997,15.74449976667265,0.0017136443039164073
ORD0092998,12.554139927497673,0.001
ORD0092999,15.55765026549498,0.012784170848475163
ORD0093000,15.37248597829347,0.001
ORD0093001,33.50867565651928,0.19329711914369357
ORD0093002,29.010990649905164,0.005651622708644966
ORD0093003,23.132538333438173,0.88905241892154
ORD0093004,24.404593067795744,0.4157645615134382
ORD0093005,9.432561535345148,0.001
ORD0093006,8.947048956147121,0.001
ORD0093007,9.405388602774092,0.001
ORD0093008,13.7053273167621,0.001
ORD0093009,10.421076412692372,0.001
ORD0093010,13.778880266830596,0.026556423176435483
ORD0093011,8.980897213819526,0.001
ORD0093012,15.069686500448675,0.001
ORD0093013,12.763886950222647,0.001
ORD0093014,21.559604158607097,0.001
ORD0093015,14.665579483656446,0.003708108037302496
ORD0093016,23.035689408349295,0.008887284421489297
ORD0093017,17.403750732916045,0.039763886857322815
ORD0093018,13.426290368774476,0.001
ORD0093019,10.880975530846,0.004080489277319385
ORD0093021,13.38864089600046,0.001
ORD0093023,17.902199905415767,0.09408933150767662
ORD0093024,15.209217761723089,0.8494313205074635
ORD0093025,8.457188965734337,0.001
ORD0093026,15.424824949404142,0.001
ORD0093027,13.613751722871385,0.001
ORD0093028,22.294142499114624,0.9732585001255352
ORD0093030,11.996695408706536,0.001
ORD0093031,12.537567691626197,0.001
ORD0093032,10.52030765823731,0.001
ORD0093033,17.848887165514828,0.001
ORD0093034,16.932241207671538,0.001
ORD0093035,8.25606655933731,0.0023183758340798127
ORD0093036,11.45615268694927,0.001
ORD0093037,10.622778305602761,0.001
ORD0093038,11.504395230445157,0.006860296179450982
ORD0093039,18.586046952530225,0.13435192547107203
ORD0093040,18.80377658170393,0.8077996851121881
ORD0093041,17.108404532382323,0.001
ORD0093042,28.146971263649462,0.001
ORD0093043,30.92563883115593,0.001
ORD0093044,11.814699027967551,0.9756108022735562
ORD0093045,13.468094411771153,0.002022757975191907
ORD0093046,12.613641738043485,0.001
ORD0093047,14.19378516982109,0.001
ORD0093048,79.73811144773519,0.001
ORD0093049,50.85757676459575,0.001
ORD0093050,23.691032857918366,0.004598882529267241
ORD0093051,20.94225375610834,0.001
ORD0093052,17.0815688481578,0.001
ORD0093053,12.089848512770756,0.001
ORD0093054,21.972473793677416,0.07512201316272235
ORD0093055,14.899135809822557,0.001
ORD0093056,13.971033350722216,0.8264707562348013
ORD0093057,9.379832327780099,0.006037726159228781
ORD0093058,17.23436539169242,0.9804359001918321
ORD0093059,13.950893469049868,0.033619885311936465
ORD0093060,8.240876227811466,0.0035373897564794977
ORD0093061,9.941954023496008,0.001
ORD0093062,12.042781871479939,0.03200818847632566
ORD0093063,14.998617531269709,0.1323693588556543
ORD0093064,21.744139559884886,0.001
ORD0093065,22.86037205586537,0.042259134896498476
ORD0093066,17.877660288269322,0.5717805118275032
ORD0093067,20.362352245549513,0.0010085010600368485
ORD0093068,19.65173525135074,0.0223835134000999
ORD0093069,17.028834723219163,0.4536060433925028
ORD0093070,24.72093297028032,0.04453866946990376
ORD0093071,21.822633261207894,0.001
ORD0093072,13.274443154032692,0.11427330457010151
ORD0093073,15.442669442937834,0.001361583789616031
ORD0093074,15.680228632284022,0.012643170170625492
ORD0093075,11.636513509566393,0.001
ORD0093076,14.293461067959093,0.5176826893838538
ORD0093077,10.349831126402917,0.001
ORD0093078,9.266138533976177,0.0015987119825189543
ORD0093079,17.00076908317656,0.001
ORD0093080,19.247371648526805,0.001
ORD0093081,12.42884076658629,0.001
ORD0093082,9.15365791961946,0.001
ORD0093083,9.25404869163507,0.010546955082229725
ORD0093084,9.532677424445907,0.0028433550135836773
ORD0093085,8.655920359652198,0.05067368313305841
ORD0093086,23.806804753657172,0.001
ORD0093087,7.994549673333099,0.005092906386026692
ORD0093088,12.912489957230294,0.05505534484951622
ORD0093089,13.914706230914724,0.09110422119216012
ORD0093090,10.758013702523868,0.2635435736874959
ORD0093091,9.80805962103932,0.6811358123357568
ORD0093092,9.964815740760537,0.001
ORD0093093,9.46878505036231,0.001
ORD0093094,10.619516271700673,0.001
ORD0093095,10.24982898986021,0.001
ORD0093096,11.556346993801933,0.001
ORD0093097,8.970879743885925,0.0024267790589468157
ORD0093098,7.602488788869163,0.001
ORD0093099,7.587233507990169,0.001
ORD0093100,9.742322024738057,0.003149522516501066
ORD0093101,9.188751976102116,0.16894678935289228
ORD0093102,8.616781819531628,0.03436589201661615
ORD0093103,11.967416599099884,0.606681460247361
ORD0093104,7.676253642998309,0.001
ORD0093105,9.385764950895933,0.001
ORD0093106,14.601807242659275,0.0021742660015099183
ORD0093107,22.730667306733796,0.001
ORD0093108,9.934860774019974,0.03340644908488879
ORD0093109,11.265230120244047,0.001
ORD0093110,15.520450145127024,0.5024633805772406
ORD0093111,9.949537164368286,0.001
ORD0093112,20.80740988791962,0.001
ORD0093113,18.3367052367842,0.001
ORD0093114,15.990877114838158,0.001
ORD0093115,16.55641743800459,0.001
ORD0093116,20.26824420965235,0.0021309950208972224
ORD0093117,17.231068677389036,0.0054886418453304175
ORD0093118,10.361759161882024,0.001
ORD0093119,9.598793637829214,0.001
ORD0093120,17.005189831256985,0.044991421184919195
ORD0093121,19.512193145720737,0.07826317316137055
ORD0093122,13.788547073849715,0.001
ORD0093123,15.695560592011821,0.001
ORD0093124,25.04037378253102,0.001
ORD0093125,15.570875940434288,0.20358436448018152
ORD0093126,12.11219094764918,0.26310054443201525
ORD0093127,7.908002638106733,0.06758987400251497
ORD0093128,8.188331172225531,0.03886513875246443
ORD0093129,14.903093426664624,0.5284156731218695
ORD0093130,11.122766377328405,0.594891545503218
ORD0093131,24.268191410522924,0.7889993722266659
ORD0093132,16.461815682361348,0.047532894904346354
ORD0093133,14.654694935414598,0.050897080955094945
ORD0093134,25.99780850625727,0.0053239558965362
ORD0093135,12.86886184306913,0.3321349098667685
ORD0093136,12.065573655241376,0.42404906380814317
ORD0093137,11.684435580570966,0.6492029335092331
ORD0093138,25.293314942901088,0.13660112134649013
ORD0093139,16.679640300613727,0.20129071299991752
ORD0093140,16.99495449494961,0.3807695901461444
ORD0093141,15.387268162405636,0.002363021939692423
ORD0093142,14.254347198676475,0.07364766909691142
ORD0093143,12.953361869023441,0.001
ORD0093144,43.904296816908975,0.9103225560204985
ORD0093145,30.523946876222595,0.001
ORD0093146,22.286347613513364,0.9866936953639671
ORD0093147,8.387910534190503,0.001
ORD0093148,10.213266763054468,0.001
ORD0093149,13.164055605820826,0.001
ORD0093150,15.10415915059138,0.001
ORD0093151,14.48476935126313,0.002574151242812863
ORD0093152,20.592851948522416,0.027411881646199964
ORD0093153,24.330277257188275,0.001
ORD0093154,20.206529120321854,0.6840436966736407
ORD0093155,19.284761968102888,0.6536833481420068
ORD0093156,11.852938981927243,0.001
ORD0093157,13.987396600536208,0.001
ORD0093158,8.837056779435123,0.001
ORD0093159,11.906902948359505,0.001
ORD0093160,17.19609552597411,0.001
ORD0093161,19.270650604702826,0.9869888100450745
ORD0093162,16.83447524043629,0.04753617923458133
ORD0093163,13.170156398060762,0.004968513337245646
ORD0093164,15.890887198657285,0.44181161658033413
ORD0093165,15.074925545547577,0.001
ORD0093166,15.695251281116992,0.021158826439961205
ORD0093167,20.17929816754446,0.971043356544014
ORD0093168,12.128792985537928,0.032361748147132496
ORD0093169,12.187211011215583,0.001
ORD0093170,12.446922645315858,0.4948955037330934
ORD0093171,18.785305447964234,0.001
ORD0093172,18.29374632131482,0.001
ORD0093173,11.714837959879354,0.001
ORD0093174,12.134246082113489,0.001
ORD0093175,12.93661296392411,0.001
ORD0093176,18.522164943974545,0.002807701298292333
ORD0093177,13.492704371539661,0.004457626487860778
ORD0093178,11.012194762891257,0.02449826614535308
ORD0093179,13.392939215439334,0.06672800959872406
ORD0093180,27.393071811781606,0.001
ORD0093181,10.823726908744346,0.21786185151418785
ORD0093182,9.918446522535195,0.5904459296658178
ORD0093183,12.66462647207651,0.015577219740992576
ORD0093184,25.23187680862916,0.004640177812356635
ORD0093185,16.658598720904195,0.001
ORD0093186,12.786102316946463,0.001
ORD0093187,21.69977498580048,0.03706281306260629
ORD0093188,17.11883327647943,0.0031128711482087193
ORD0093189,16.435763990511827,0.001
ORD0093190,14.794342129002546,0.001
ORD0093191,12.794318518110252,0.5479346621513308
ORD0093192,9.530923607571896,0.02438910761229764
ORD0093193,18.500535656957922,0.9552649565681607
ORD0093194,17.444752400856075,0.35628424069156023
ORD0093195,8.14634233551693,0.005716476019700461
ORD0093196,25.142046656541275,0.001
ORD0093197,22.616435360235617,0.0011384608640835456
ORD0093198,10.944236427955307,0.013004872094708065
ORD0093199,11.098160744481698,0.005622545395438919
ORD0093200,12.852296214301013,0.05128769182087756
ORD0093201,10.382894790485812,0.022927489768517856
ORD0093202,23.44281964650699,0.001
ORD0093203,12.857224069945762,0.4197148463718661
ORD0093204,15.833776935254388,0.1400804779268116
ORD0093205,16.982812620302838,0.001
ORD0093206,16.175272506540228,0.001933748395429212
ORD0093207,13.41392433507435,0.01646239147151602
ORD0093208,18.738969864658216,0.001
ORD0093209,16.82840487490222,0.06179897872513892
ORD0093210,11.363329293886045,0.001
ORD0093211,16.73669432995891,0.001
ORD0093212,10.418464910464795,0.017333973221418764
ORD0093213,9.77352485603009,0.0040544114004889605
ORD0093214,11.552192743801283,0.30789797124334584
ORD0093215,12.560979080464595,0.38471044923692027
ORD0093216,21.82884551038156,0.13885130878057356
ORD0093217,14.448944137742204,0.9823463134878709
ORD0093218,12.101911986079283,0.8603085133779167
ORD0093219,8.602139722881077,0.9459172275859318
ORD0093220,12.062986172952128,0.9860638461069067
ORD0093221,9.575911030265042,0.9897723407356016
ORD0093222,7.950826763103415,0.005493653399717683
ORD0093223,5.993344675012222,0.026931901535079312
ORD0093224,11.942569508995069,0.029503551078405132
ORD0093225,11.08843128941474,0.07323377300227096
ORD0093226,8.902811610347882,0.10383275570541481
ORD0093227,8.91314493710235,0.6716669163189313
ORD0093228,9.59193388943082,0.001
ORD0093229,10.735129344817867,0.07692106281879721
ORD0093230,10.747246186960277,0.001
ORD0093231,9.745407823499404,0.001
ORD0093232,9.692938005006335,0.001
ORD0093233,8.524387782862343,0.001
ORD0093234,8.638954712153028,0.001
ORD0093235,9.427160438405528,0.001
ORD0093236,8.959781749812453,0.001
ORD0093237,9.520823780375874,0.001
ORD0093238,8.434451774941195,0.001
ORD0093239,8.217468496829444,0.001
ORD0093240,11.808463181609941,0.001
ORD0093241,26.89927494490877,0.001
ORD0093242,22.20869711450794,0.001
ORD0093243,9.643011062024664,0.001
ORD0093244,10.866020171321217,0.0013473018093203655
ORD0093245,11.123962034981792,0.001
ORD0093246,9.448407547468449,0.012474822418174502
ORD0093247,18.931125670802146,0.001
ORD0093248,17.397188322963068,0.001
ORD0093249,17.162420404364568,0.0011727521890649783
ORD0093250,20.731329947086575,0.014795269660884574
ORD0093251,17.187072946389307,0.002198136941742162
ORD0093252,11.026163681273967,0.001
ORD0093253,9.706725407832069,0.001
ORD0093254,16.440561951709824,0.2653364535637662
ORD0093255,14.048042696848716,0.001
ORD0093256,12.56826449848373,0.001
ORD0093257,60.5384071131644,0.001
ORD0093258,20.22575174746318,0.1657588316727521
ORD0093259,11.222233929977342,0.033284812927528454
ORD0093260,7.6750517357412305,0.07701246427623695
ORD0093261,11.323482511882005,0.34671729350290326
ORD0093262,19.87554043924555,0.8294563300452644
ORD0093263,11.504435257474885,0.05687472415933755
ORD0093264,12.112917019032809,0.14430001140666593
ORD0093265,11.647264929352838,0.47020184482114324
ORD0093266,11.883289473877019,0.4743750657698055
ORD0093267,11.943127708945601,0.7265330650698499
ORD0093268,10.407159598240261,0.3052065093143006
ORD0093269,16.03578635608521,0.42449469479799645
ORD0093270,13.333838933943294,0.5502189943573906
ORD0093271,11.842789235449207,0.7883730650346008
ORD0093272,47.81784594939974,0.10035449440616684
ORD0093273,17.45607483870839,0.001
ORD0093274,14.316615691408206,0.0025463252995773186
ORD0093275,17.638578389209417,0.0029297512680484293
ORD0093276,42.09098024009047,0.06760758792729533
ORD0093277,36.08159678553933,0.011397267996346262
ORD0093278,21.493740844741833,0.8953809627879366
ORD0093279,22.894159867742434,0.7292231692660512
ORD0093280,7.442485653532203,0.001
ORD0093281,9.116087608691249,0.668356600373328
ORD0093282,8.27835602470116,0.001
ORD0093283,9.2797208791857,0.7191467338900974
ORD0093284,11.816440584110047,0.001
ORD0093285,11.186227181293384,0.001
ORD0093286,10.987453882938269,0.001
ORD0093287,16.83265590350807,0.001
ORD0093288,18.882983513542193,0.001
ORD0093289,17.85315535425273,0.004843083274698106
ORD0093290,11.180387852614356,0.001
ORD0093291,7.569151065582591,0.001
ORD0093292,7.0754472914532505,0.001
ORD0093293,15.673632526843198,0.001
ORD0093294,15.768352774334769,0.001
ORD0093295,12.577796867861666,0.001
ORD0093296,15.017709023070722,0.2430845257919582
ORD0093297,7.67833090838343,0.001
ORD0093298,10.236101556264783,0.0025411098679947374
ORD0093299,7.923475061490556,0.001
ORD0093300,12.503025000314755,0.001
ORD0093301,14.041657899026639,0.06379236828809487
ORD0093302,57.82596157680226,0.001
ORD0093303,10.56328397699821,0.001
ORD0093304,9.852423839620798,0.001
ORD0093305,11.15233104550439,0.001
ORD0093306,9.036463554965504,0.001
ORD0093307,16.844680915873,0.001
ORD0093308,11.22587911021605,0.001
ORD0093309,6.815449962006725,0.001
ORD0093310,6.476304382929972,0.001
ORD0093311,10.603630433930634,0.001059149250212522
ORD0093312,9.504952598518088,0.0019975140255783608
ORD0093313,14.778696075079594,0.005779769236831401
ORD0093314,16.510080906030527,0.025232248200446394
ORD0093315,13.971452420370152,0.10229369519284129
ORD0093316,11.708947982181053,0.3876752799300719
ORD0093317,29.189823394069595,0.001
ORD0093318,20.46215263035575,0.001
ORD0093319,10.290495420225536,0.6875201459007183
ORD0093320,11.284126677480083,0.001
ORD0093321,11.499349574827567,0.001
ORD0093322,25.202386036536186,0.001
ORD0093323,17.16243924615033,0.001878537651416812
ORD0093324,11.063556117067462,0.001
ORD0093325,10.8651492530796,0.001
ORD0093326,18.94701058292203,0.005703739829217106
ORD0093327,16.81093413439394,0.03542336235491317
ORD0093328,14.088544294422984,0.001
ORD0093329,12.809658784024522,0.001
ORD0093330,9.018160260647182,0.030803864421291727
ORD0093331,9.938308130033912,0.2211559828332783
ORD0093332,14.763262013950992,0.31737751468232955
ORD0093333,14.798690429800295,0.6203398643656246
ORD0093334,6.452195511808278,0.001
ORD0093335,6.919382991335781,0.0015975092903762578
ORD0093336,10.192989355333708,0.001
ORD0093337,10.727310441281697,0.03111292582491551
ORD0093338,11.649625509530884,0.0019920035408478873
ORD0093339,11.403313710200662,0.13800871024587788
ORD0093340,29.142541905880446,0.001
ORD0093341,19.64527730558233,0.007466852379067833
ORD0093342,11.976615517444518,0.0071862381810154224
ORD0093343,15.766848822231147,0.001
ORD0093344,12.497915249612776,0.001
ORD0093345,13.588323995200437,0.02190510476548657
ORD0093346,14.997876188807522,0.00530803037238627
ORD0093347,16.871062836805372,0.001
ORD0093348,12.9305138380435,0.016609583034327226
ORD0093349,11.340182481306693,0.001
ORD0093350,10.39517426882726,0.001
ORD0093351,9.119008227475963,0.001
ORD0093352,10.530985408392619,0.10118510602493222
ORD0093353,9.385400935306743,0.0030895648961196467
ORD0093354,19.569822086086553,0.001
ORD0093355,9.994814807095926,0.003891944235892485
ORD0093356,9.942014522904245,0.0021224531026140343
ORD0093357,11.792574282225328,0.6535795725167018
ORD0093358,13.530295043179,0.001
ORD0093359,9.950994698462681,0.0022414178789457125
ORD0093360,10.607812962895132,0.001
ORD0093361,7.301452817528794,0.020571989146489195
ORD0093362,8.057183248471661,0.11168298355832099
ORD0093363,9.470131715213187,0.10097031372227319
ORD0093364,7.073482208924737,0.007549495562484335
ORD0093365,5.421872308931344,0.07879984081246676
ORD0093366,5.8462168570446,0.1564572789097536
ORD0093367,10.518868566702556,0.5991516508153661
ORD0093368,8.918497010945305,0.9314417841549888
ORD0093369,8.002550038880422,0.7337554833890098
ORD0093370,8.014422649614792,0.001
ORD0093371,7.901525726568532,0.001
ORD0093372,7.0903128749516595,0.001
ORD0093373,8.062727680180124,0.001
ORD0093374,5.264022370845132,0.001
ORD0093375,6.1376832800992736,0.001
ORD0093376,7.013004705143096,0.001
ORD0093377,6.367193197582343,0.001
ORD0093378,6.562184207886472,0.0012182535053657693
ORD0093379,6.781927021369731,0.001
ORD0093380,7.717753649928734,0.008366952285342665
ORD0093381,6.966591468994492,0.001
ORD0093382,6.318350994041944,0.001
ORD0093383,9.444213064757149,0.001
ORD0093384,12.762239724140976,0.001
ORD0093385,19.827811259367746,0.001
ORD0093386,19.42288212538449,0.001
ORD0093387,7.837825633050106,0.001
ORD0093388,7.641631891357691,0.001
ORD0093389,8.924147743900233,0.001
ORD0093390,15.695585838663067,0.001
ORD0093391,13.571011431166557,0.001
ORD0093392,12.81287186903247,0.001
ORD0093393,12.88024171527993,0.003425907793920382
ORD0093394,12.2756466436716,0.001
ORD0093395,8.649704402970174,0.001
ORD0093396,8.028861287953971,0.001
ORD0093397,11.12876155827315,0.052297863901460004
ORD0093398,15.077712793391385,0.001
ORD0093399,10.458271590251892,0.001
ORD0093400,11.614032071659755,0.03519878664321412
ORD0093401,12.264324961132617,0.07984760864659164
ORD0093402,5.49234166380479,0.008201107802910225
ORD0093403,5.279905542487226,0.02400110251479626
ORD0093404,8.567388317471265,0.11168059545811349
ORD0093405,6.588354907232291,0.17847570431926635
ORD0093406,15.440092920054564,0.3182849155492559
ORD0093407,13.358587719255235,0.3543808344320378
ORD0093408,9.441096530123106,0.02198421881047142
ORD0093409,7.729271141087263,0.03925281140878271
ORD0093410,8.781087345504366,0.22251675464361115
ORD0093411,8.87689648674094,0.5425766754610398
ORD0093412,15.713295675884977,0.0632493666998909
ORD0093413,12.342777759861058,0.5788345981551607
ORD0093414,8.923156836833154,0.14426541622855624
ORD0093415,9.234831207519294,0.7783460994100962
ORD0093416,12.077340789659667,0.001
ORD0093417,9.22071233306922,0.001
ORD0093418,8.24738279475921,0.001
ORD0093419,28.9043497494638,0.001
ORD0093420,13.44719207896759,0.008379718363576465
ORD0093421,11.544385531669645,0.001
ORD0093422,12.931846843635398,0.001
ORD0093423,11.364616956029234,0.001
ORD0093424,15.699204748284936,0.001
ORD0093425,14.37139077736483,0.001
ORD0093426,19.943934044665244,0.0014457680228373703
ORD0093427,14.448441003155269,0.001382037302240792
ORD0093428,19.498916904199486,0.001
ORD0093429,18.26623386528875,0.001
ORD0093430,24.19359606357028,0.001
ORD0093431,39.32674540848413,0.06035513138258584
ORD0093432,23.279835912455596,0.0018912129976660394
ORD0093433,17.616667590292415,0.001
ORD0093434,13.784472005511873,0.001
ORD0093435,22.588919409568344,0.001
ORD0093436,22.35508539019618,0.008624708321913945
ORD0093437,18.513711621726195,0.023299261093836482
ORD0093438,21.252367560766977,0.7078984890178468
ORD0093439,17.872391531261776,0.7816749782927674
ORD0093440,21.12047233598118,0.001
ORD0093441,18.575042226656397,0.001
ORD0093442,22.535336380546088,0.17964726202907463
ORD0093443,24.066925545084512,0.9614087142331252
ORD0093444,15.290884427916302,0.001
ORD0093445,13.529186492007078,0.001
ORD0093446,14.841468841321136,0.001
ORD0093447,21.842157408064683,0.001
ORD0093448,15.756929551421969,0.001
ORD0093449,13.457484005055617,0.001
ORD0093450,14.173244464065338,0.0034988444954156704
ORD0093451,21.19243007890903,0.001
ORD0093452,17.7757087489529,0.005738471607023856
ORD0093453,19.112655553369503,0.001
ORD0093454,32.97323729352759,0.001
ORD0093455,30.941938750034115,0.001
ORD0093456,16.528623384184037,0.06170239762553379
ORD0093457,15.134862556248487,0.001
ORD0093458,20.495074217161743,0.001
ORD0093459,75.46816446346544,0.01166121288305254
ORD0093460,91.16956428132424,0.0016715030814566738
ORD0093461,25.972508278430848,0.001
ORD0093462,34.96598992473318,0.006056167805257712
ORD0093463,25.409861119785937,0.002927154849806789
ORD0093464,18.617315476325498,0.001
ORD0093465,15.531754715073937,0.001
ORD0093466,25.957848868366124,0.03999662980039022
ORD0093467,26.485908512307812,0.1507177841455673
ORD0093468,18.448679892975324,0.001
ORD0093469,20.84716140484092,0.5100897876120799
ORD0093470,18.55415066080539,0.8655473384578064
ORD0093471,11.573164659761481,0.00112002912536415
ORD0093472,56.93397608857291,0.001
ORD0093473,18.44343211164022,0.9885677542809335
ORD0093474,21.92043041468786,0.7731741900116818
ORD0093475,17.994567663203906,0.990527834845682
ORD0093476,18.132173417712895,0.930167082006518
ORD0093477,41.996314415410424,0.03772460216088919
ORD0093478,25.291308821085604,0.011270862562308557
ORD0093479,18.820246645136383,0.9966852415233876
ORD0093480,18.835130253083253,0.9901239423032564
ORD0093481,27.37569989631951,0.3804297581824701
ORD0093482,35.90355297272764,0.03433889123777927
ORD0093483,17.41595197304802,0.9368500508001152
ORD0093484,15.348800608519023,0.405769948379192
ORD0093485,23.645155325935253,0.001
ORD0093486,16.327234149789035,0.0011799080552453546
ORD0093487,19.339655467915787,0.001
ORD0093488,16.184909458907082,0.022697430499346284
ORD0093489,15.074116934705728,0.002716975137385196
ORD0093490,15.992412251780802,0.09986521923600865
ORD0093491,18.093279811643622,0.0010487222514958914
ORD0093492,17.292432440523694,0.001
ORD0093493,16.431973713978294,0.01985948658648594
ORD0093494,11.101504297341847,0.00158359694792191
ORD0093495,13.583372187773088,0.41130494765235637
ORD0093496,10.264004198362949,0.00600840345926959
ORD0093497,13.446696942323555,0.1116443047579025
ORD0093498,9.836513243675801,0.14324623610143075
ORD0093499,16.88096071255323,0.573575258935723
ORD0093500,12.971817391900025,0.9537269791796319
ORD0093501,12.494331975540737,0.6582724126678119
ORD0093502,13.125293103499162,0.001
ORD0093503,12.307096790915729,0.001
ORD0093504,12.955967531311893,0.001
ORD0093505,12.440831072159389,0.001
ORD0093506,11.331601604235292,0.001
ORD0093507,13.193198299348897,0.001
ORD0093508,12.710455423693055,0.001
ORD0093509,12.116689406674743,0.001
ORD0093510,13.13192752473006,0.009476067660310918
ORD0093511,11.892979544215278,0.001
ORD0093512,12.111247214892872,0.13332809998193518
ORD0093513,10.639302468765216,0.001108026175063417
ORD0093514,11.500761784358751,0.001
ORD0093515,16.42740453802126,0.001
ORD0093516,19.91460837041638,0.8724494974547321
ORD0093517,26.25497147080163,0.001
ORD0093518,22.200361462091955,0.45879138857124885
ORD0093519,11.888580381502216,0.001
ORD0093520,14.505758846394972,0.001
ORD0093521,14.239413059501713,0.9797455909539741
ORD0093522,36.66666619814304,0.001
ORD0093523,118.38731101062383,0.20535447570344748
ORD0093524,71.46842015015646,0.001
ORD0093525,21.639684798925988,0.001
ORD0093526,22.927770033847498,0.0011612109273179373
ORD0093527,18.862356900577225,0.001
ORD0093528,23.036954212568247,0.014632292593410715
ORD0093529,16.10122927764506,0.001
ORD0093530,14.566846453346912,0.001
ORD0093531,21.437431119667714,0.4328601107632787
ORD0093532,20.572537985172588,0.001
ORD0093533,14.675437759689459,0.001
ORD0093534,20.436210267569443,0.001
ORD0093535,19.71743552225491,0.1331794098704123
ORD0093536,13.799092234598437,0.009005109558247142
ORD0093537,12.596915825698483,0.007456661655855466
ORD0093538,10.467011718241913,0.004873527256194834
ORD0093539,16.725164234154434,0.17564844291453938
ORD0093540,13.458527182157912,0.04375062862275701
ORD0093541,23.024873519145096,0.6260671931109648
ORD0093542,19.462087365517117,0.19497867946683134
ORD0093543,16.4374564544001,0.018897803318660138
ORD0093544,13.388018771060226,0.08595308826445633
ORD0093545,19.865545200380232,0.8746443991367612
ORD0093546,14.117591535739017,0.2677426040399629
ORD0093547,12.653200384999368,0.03583211703385139
ORD0093548,24.731191820966785,0.16842159078359553
ORD0093549,26.127281001368043,0.5177577171903144
ORD0093550,18.856034933993936,0.40138241890729454
ORD0093551,14.53947318553095,0.21888334135051218
ORD0093552,22.083948236281394,0.001
ORD0093553,15.099646311895015,0.001
ORD0093554,17.54123461779143,0.001817592894688817
ORD0093555,19.427541436141244,0.001
ORD0093556,73.91936431904354,0.04610418846012312
ORD0093557,22.475238161796305,0.7410095621700098
ORD0093558,23.01014747614943,0.0019667018474511548
ORD0093559,54.718160082998054,0.003811956386540802
ORD0093560,9.59785036758725,0.001
ORD0093561,11.191946524314972,0.007953858136170475
ORD0093562,11.519162325731134,0.001
ORD0093563,11.746352171386913,0.5344100370398107
ORD0093564,14.78860046836388,0.001
ORD0093565,13.78157901864152,0.20580547521858436
ORD0093566,12.361468176138516,0.004488791676342462
ORD0093567,13.191220196199751,0.001
ORD0093568,16.394908444795853,0.001
ORD0093569,12.429212111830154,0.0013116214267441396
ORD0093570,22.142005572758034,0.001
ORD0093571,20.809518542282955,0.049212015805892594
ORD0093572,24.357044641832413,0.009983527910428289
ORD0093573,14.609343468466548,0.001
ORD0093574,13.139163573736104,0.001
ORD0093575,13.363065322995407,0.0012430777072657277
ORD0093576,11.649712442848955,0.005096758071659446
ORD0093577,14.20394584154737,0.001
ORD0093578,17.38700004581656,0.001
ORD0093579,20.329330429105458,0.21934218938296923
ORD0093580,20.74410214670312,0.7251890069512303
ORD0093581,15.894776774583564,0.4319561959012743
ORD0093582,16.826395472217623,0.001
ORD0093583,12.933724641005789,0.001
ORD0093584,26.094555877162453,0.9269628662727902
ORD0093585,26.223806802402553,0.9619724627716865
ORD0093586,70.2652647326006,0.010388871843867577
ORD0093587,76.60716298525732,0.24252614844489168
ORD0093588,47.541207641434674,0.001
ORD0093589,46.363486789297504,0.0013731803414880636
ORD0093590,29.63573543220817,0.001
ORD0093591,49.96583236747162,0.001
ORD0093592,14.278205019679243,0.001
ORD0093593,12.653018211642127,0.001
ORD0093594,17.799423501354013,0.001817983541904019
ORD0093595,14.283958433838109,0.0014849242323681216
ORD0093596,24.32538190986606,0.001
ORD0093597,21.422957398907098,0.001
ORD0093598,13.130359130916224,0.02507914968126475
ORD0093599,16.42699911033041,0.02969939007783856
ORD0093600,20.216619178307997,0.7632597629564886
ORD0093601,23.51795719915801,0.015947807002650444
ORD0093602,18.921953244569483,0.6884851030705088
ORD0093603,33.20373728796704,0.0017908857237509666
ORD0093604,19.86044737865569,0.98400265568659
ORD0093605,14.157103614409245,0.4336996784209268
ORD0093606,16.4071296028301,0.001
ORD0093607,17.349345397890453,0.001
ORD0093608,27.086835780711944,0.031192223099751854
ORD0093609,17.358773323216,0.001
ORD0093610,13.723074562661678,0.001
ORD0093611,30.553268139092232,0.5652403846070702
ORD0093612,22.53836839882653,0.0013891488244872148
ORD0093613,19.059205773654305,0.001
ORD0093614,19.16970387480267,0.001
ORD0093615,18.5191892432564,0.9829273868812793
ORD0093616,22.933883550714746,0.9919954747625445
ORD0093617,19.234457280950437,0.007718057863790996
ORD0093618,9.949890174544672,0.023426755575950392
ORD0093619,9.267966800262545,0.001
ORD0093620,13.661336491175469,0.005029834450657739
ORD0093621,14.946785430007719,0.004258239424139809
ORD0093622,16.52227729701214,0.0132811608803305
ORD0093623,16.560650276543466,0.00953925065040752
ORD0093624,28.577258778968424,0.001
ORD0093625,27.850010784461738,0.001
ORD0093626,18.552059327025145,0.11738454987755043
ORD0093627,17.798507244270745,0.048607968019626524
ORD0093628,21.997947389981828,0.001
ORD0093629,20.39200163383973,0.001
ORD0093630,17.35433071944699,0.0011010601595033195
ORD0093631,14.595426216932257,0.0010506201559226061
ORD0093632,21.99151753463867,0.19548348856307562
ORD0093633,20.14634821490703,0.039383252227278606
ORD0093634,16.103507636009486,0.6152559367609671
ORD0093635,16.81907632116642,0.17153492358394243
ORD0093636,16.460477272750982,0.06301577009525614
ORD0093637,15.575303050918118,0.0029165842054571607
ORD0093638,16.997848054313486,0.931350843346524
ORD0093639,13.541728969226783,0.5625357778472783
ORD0093640,11.422392680525146,0.014242753861306736
ORD0093641,13.206422182548584,0.011212951000555327
ORD0093642,15.812565811768726,0.001
ORD0093643,16.971166062979695,0.0017314581235785928
ORD0093644,15.263097027011549,0.00461536331248453
ORD0093645,16.746645944803888,0.001152133612732091
ORD0093646,12.05377761017862,0.22126452334282926
ORD0093647,14.887312767124351,0.8735050247497191
ORD0093648,10.961783187973742,0.02998529706458435
ORD0093649,8.99796537987478,0.003471012571058313
ORD0093650,12.624134805997883,0.07103878733754566
ORD0093651,13.1220149511967,0.018118958690351128
ORD0093652,11.373465145014853,0.6392624958699435
ORD0093653,10.395979580645678,0.001
ORD0093654,10.388660542808056,0.001
ORD0093655,12.051129651584317,0.001
ORD0093656,11.68075775476907,0.001
ORD0093657,11.499839860655207,0.001
ORD0093658,10.244029983994539,0.001
ORD0093659,11.01260367156781,0.001
ORD0093660,9.19911545779339,0.001
ORD0093661,11.187574232318717,0.001
ORD0093662,9.828534278626886,0.001
ORD0093663,10.948128887325879,0.001
ORD0093664,9.355241839897886,0.001
ORD0093665,10.086438339024197,0.001
ORD0093666,9.823890551638247,0.001
ORD0093667,9.40560495106396,0.001
ORD0093668,16.04535623097746,0.001
ORD0093669,16.499043369507582,0.001
ORD0093670,28.636309374387384,0.001
ORD0093671,10.535543961713989,0.001
ORD0093672,13.702581117607442,0.001
ORD0093673,12.26892522802764,0.001
ORD0093674,24.778246709854816,0.001
ORD0093675,52.20706844187595,0.0030523107518741163
ORD0093676,46.816374137804125,0.003459939799496276
ORD0093677,43.26781708827729,0.001
ORD0093678,62.935002237705504,0.001
ORD0093679,35.13360704863857,0.001
ORD0093680,43.903292461351214,0.001
ORD0093681,21.54409598804061,0.001
ORD0093682,16.967976280213037,0.001
ORD0093683,27.317733074131347,0.0028674021712775137
ORD0093684,24.05017775563403,0.001
ORD0093685,23.87906102894846,0.05867094865974205
ORD0093686,17.137180430560967,0.001
ORD0093687,19.59526172502883,0.7747863069828498
ORD0093688,19.90693980039864,0.001
ORD0093689,15.701688084052115,0.001
ORD0093690,23.581581807864243,0.7816312919987913
ORD0093691,11.4994497842695,0.2656890347388007
ORD0093692,14.90091616403818,0.9747659920684951
ORD0093693,13.509105594944296,0.22975245486834145
ORD0093694,27.116332803750737,0.9927337186128273
ORD0093695,18.517451248938,0.4836866016249536
ORD0093696,21.90262436771642,0.4300783703073908
ORD0093697,15.021161689220328,0.03344016226649689
ORD0093698,12.837473307229033,0.22436964848854557
ORD0093699,15.083366282492687,0.8386043152773915
ORD0093700,14.469997968258351,0.5335289641755128
ORD0093701,11.594892480893641,0.2196591987056426
ORD0093702,21.42306309539189,0.6235360595952704
ORD0093703,17.812740602504686,0.7853624855752634
ORD0093704,15.791049801610797,0.9766831227077448
ORD0093705,17.119187977650224,0.001
ORD0093706,15.85884629022622,0.001
ORD0093707,15.331201457244221,0.001
ORD0093708,45.627568728928374,0.0016119153989808926
ORD0093709,48.52100181769769,0.001
ORD0093710,24.787169169185432,0.022822727658606684
ORD0093711,24.870276379127517,0.001
ORD0093712,9.739033270641329,0.001
ORD0093713,9.586383488976043,0.001
ORD0093714,9.436615164724362,0.001
ORD0093715,9.80289354469065,0.001
ORD0093716,14.676435964765929,0.001
ORD0093717,13.837541162257624,0.001
ORD0093718,16.183376685722575,0.001
ORD0093719,12.565172195864127,0.023814278226330775
ORD0093720,18.08926396758102,0.001
ORD0093721,17.140480609139416,0.001
ORD0093722,27.428230929949848,0.001
ORD0093723,27.217988596433322,0.00172757051854384
ORD0093724,26.33839943092553,0.7299972755244867
ORD0093725,15.66504798660801,0.001
ORD0093726,13.004101810910468,0.001
ORD0093727,15.031727956037512,0.001
ORD0093728,14.012604159966353,0.01096570683536672
ORD0093729,21.457491017032577,0.001
ORD0093730,21.19578846472615,0.04718423330265677
ORD0093731,15.99741019268977,0.5715584497044837
ORD0093732,18.327903211909835,0.001
ORD0093733,18.32011940926071,0.001
ORD0093734,25.402964350656983,0.967894114266698
ORD0093735,101.40822400218646,0.0010426825010394366
ORD0093736,47.777566319904274,0.001
ORD0093737,93.0139586773073,0.0047168359001225615
ORD0093738,14.518811438047742,0.001
ORD0093739,16.132675624870277,0.001
ORD0093740,12.902682233227,0.001
ORD0093741,25.131087247261533,0.001
ORD0093742,15.614761167516232,0.0030834948019945667
ORD0093743,10.966069186227408,0.001
ORD0093744,12.353136315639054,0.046770964846365726
ORD0093745,14.953749598908969,0.001099731834486609
ORD0093746,21.459017360528918,0.001
ORD0093747,22.42834394052575,0.013107649081078324
ORD0093748,21.206799308655793,0.001
ORD0093749,57.472035531470965,0.001
ORD0093750,43.68975729409284,0.001
ORD0093751,15.190251354667447,0.4626559253028564
ORD0093752,18.96499041725032,0.001
ORD0093753,17.072990652292074,0.001
ORD0093754,119.02136742790171,0.001
ORD0093755,59.68222771468948,0.001
ORD0093756,35.519059108181025,0.004898098156992945
ORD0093757,19.682302780495796,0.001
ORD0093758,23.965066178308202,0.0851901513446703
ORD0093759,20.36924649234625,0.001
ORD0093760,24.322858679532267,0.001
ORD0093761,16.223838877886738,0.8505529238398559
ORD0093762,11.19863753978637,0.10998794940144237
ORD0093763,16.566151750315935,0.676867555374779
ORD0093764,10.188480319388107,0.002521314611309837
ORD0093765,12.907811737846382,0.029158607621566284
ORD0093766,17.671055636665717,0.023181174025741436
ORD0093767,17.677704667581885,0.15031585729563202
ORD0093768,28.42828154407288,0.001
ORD0093769,19.941058932900827,0.5171830845607428
ORD0093770,16.56469122208592,0.001
ORD0093771,21.894819597701527,0.001
ORD0093772,24.58000565489879,0.001
ORD0093773,17.048441177548828,0.02258841246557819
ORD0093774,55.660176687663935,0.010195921172935805
ORD0093775,52.178089580769495,0.001342759874962487
ORD0093776,23.691584880657395,0.001
ORD0093777,18.082803208683988,0.001
ORD0093778,17.861709790053954,0.001
ORD0093779,20.110167096932376,0.001
ORD0093780,14.580621128978374,0.00906303732972107
ORD0093781,13.147544659569462,0.001
ORD0093782,47.167160662881706,0.001
ORD0093783,13.257942243034641,0.001
ORD0093784,13.63355654731796,0.02031999610430451
ORD0093785,22.883160396717194,0.001
ORD0093786,16.914450051327947,0.002556331669815683
ORD0093787,14.142736459845324,0.001
ORD0093788,15.539602709239498,0.001
ORD0093789,10.917970023346479,0.0012579263615498638
ORD0093790,14.345100597885535,0.0053889328996733175
ORD0093791,27.879241237180118,0.0012821717780735944
ORD0093792,40.48014605251077,0.001
ORD0093793,27.74144376928696,0.001
ORD0093794,9.902798420421927,0.004747235635383212
ORD0093795,14.674083176647725,0.031153773753397805
ORD0093796,18.370810858776025,0.8971609036467765
ORD0093797,10.964608440554919,0.14978415670246234
ORD0093798,11.713885680563116,0.001
ORD0093799,9.419100039240536,0.001
ORD0093800,10.489871910152617,0.0011268692863547675
ORD0093801,9.9896744511427,0.001
ORD0093802,11.07829269121632,0.001
ORD0093803,8.49183603720289,0.017155885909074797
ORD0093804,13.857601241383769,0.9118609673822388
ORD0093805,9.216295632557207,0.001
ORD0093806,11.428178412417338,0.001
ORD0093807,9.480010125777758,0.001
ORD0093808,7.8795518668533235,0.001
ORD0093809,10.019507377716204,0.37783473579905624
ORD0093810,8.404150930680169,0.001
ORD0093811,14.04203570164996,0.001
ORD0093812,14.125634599464947,0.001
ORD0093813,25.009528493061723,0.001
ORD0093814,25.318763445846702,0.001
ORD0093815,10.988655428803808,0.00787825294490405
ORD0093816,13.227500301500335,0.001
ORD0093817,18.862243150861957,0.26084299481428336
ORD0093818,20.0009330335529,0.001
ORD0093819,17.643706773880538,0.001
ORD0093820,20.664779883935722,0.0010231137719593328
ORD0093821,21.530289643258264,0.013112883144453177
ORD0093822,16.88760645214153,0.001
ORD0093823,15.377684485064613,0.001
ORD0093824,18.299346566105477,0.30721014260396784
ORD0093825,14.577626051855471,0.001
ORD0093826,16.641312875026312,0.001
ORD0093827,16.71616070930545,0.16445449500262316
ORD0093828,12.727987220618623,0.001986871198854697
ORD0093829,10.58954414269742,0.021333331975666642
ORD0093830,11.700128984786856,0.4249600905569265
ORD0093831,24.204801524367706,0.7659669104976096
ORD0093832,15.976736402991868,0.017398653616687
ORD0093833,19.768212723458817,0.05379276318058305
ORD0093834,11.573498224385524,0.04193268561365791
ORD0093835,11.936794793281797,0.11182799064154492
ORD0093836,11.90293512465468,0.19975187978868542
ORD0093837,19.775377995154596,0.6602689702033147
ORD0093838,16.9730366182457,0.10110559449682566
ORD0093839,14.147877800389628,0.9244812449037079
ORD0093840,62.52134069512982,0.026607960805040787
ORD0093841,16.03913042303564,0.001
ORD0093842,13.31533644939448,0.0011891988045348663
ORD0093843,12.722379200478287,0.001
ORD0093844,13.804629435987167,0.008934174124213285
ORD0093845,60.51501608019786,0.009453372275010806
ORD0093846,45.878862453676426,0.48843855919866763
ORD0093847,19.871507038317258,0.12499549474264679
ORD0093848,24.8284582089278,0.9278813884768283
ORD0093849,16.07576725252476,0.8332296814965096
ORD0093850,19.211108505828335,0.988692626597989
ORD0093851,15.550450466558978,0.6295349848680618
ORD0093852,20.592052413890247,0.9924167977330935
ORD0093853,15.486604738680096,0.10096792514670676
ORD0093854,17.170368395406864,0.0021292243095948605
ORD0093855,14.357735500048527,0.001
ORD0093856,20.6540208565612,0.001
ORD0093857,19.038590029303226,0.001
ORD0093858,26.525599973584857,0.001
ORD0093859,26.02469675342436,0.007432182019178349
ORD0093860,38.08460845133126,0.007581394829428168
ORD0093861,25.64160650995206,0.13603322194028747
ORD0093862,19.099028340542926,0.001
ORD0093863,16.135709889203916,0.0014888305650148288
ORD0093864,17.11849536223781,0.0014600992176720044
ORD0093865,24.917240737354565,0.001
ORD0093866,17.362495515766636,0.001
ORD0093867,24.460527991119314,0.038817222826448596
ORD0093868,20.274592381819858,0.08444524916299827
ORD0093869,16.36411719477408,0.0012818079169971055
ORD0093870,24.550452629165186,0.001
ORD0093871,20.466539375279847,0.001
ORD0093872,24.631596320776175,0.6665527331625454
ORD0093873,29.176892914436337,0.9061064054405833
ORD0093874,18.09489580430107,0.001
ORD0093875,18.549473363745555,0.0019270973057366404
ORD0093876,14.715299834094369,0.001
ORD0093877,23.24799334819809,0.001
ORD0093878,23.20046671081196,0.001
ORD0093879,16.53832857381956,0.024178424192119907
ORD0093880,15.877389632622428,0.001
ORD0093881,20.04854747521804,0.001
ORD0093882,17.57681039145393,0.003677596769858067
ORD0093883,23.795302866139185,0.0037466196921312747
ORD0093884,30.08217236024225,0.12470925069444146
ORD0093885,21.521155807719104,0.019183896032528035
ORD0093886,39.58157744187689,0.001
ORD0093887,36.84525610427431,0.001004817377029508
ORD0093888,18.12992258188564,0.3914138003088262
ORD0093889,22.133988972871844,0.6103866367446547
ORD0093890,17.039805250125575,0.001
ORD0093891,23.780618987474334,0.001
ORD0093892,108.1450716781826,0.0015790421359699355
ORD0093893,27.148674822495753,0.03808952989514627
ORD0093894,28.380781002202724,0.0026310603051940837
ORD0093895,17.939514161144036,0.001
ORD0093896,18.16397633957961,0.001
ORD0093897,29.923519481572846,0.6169041038675791
ORD0093898,17.935823982434712,0.001
ORD0093899,18.68838957766862,0.9873841590391912
ORD0093900,14.321463404770313,0.047207167349978346
ORD0093901,25.184988050676637,0.9982843984266223
ORD0093902,18.912497818075988,0.2666773892511419
ORD0093903,14.45037333962361,0.01441467985906288
ORD0093904,13.945066472114858,0.001
ORD0093905,23.136289084512985,0.518820033770361
ORD0093906,24.010903730291705,0.8927145649837283
ORD0093907,35.623632891659845,0.001
ORD0093908,31.33956144833196,0.001
ORD0093909,23.988024256407773,0.9842410563445316
ORD0093910,29.734702318727713,0.0074179843227001495
ORD0093911,21.059891870520854,0.2484370448534153
ORD0093912,21.042848176456182,0.001
ORD0093913,27.61429840485904,0.0465435861998668
ORD0093914,23.92287286998831,0.001
ORD0093915,23.66012607295476,0.2485215502626683
ORD0093916,17.558577409270494,0.011861936913096801
ORD0093917,23.321787192597665,0.007311062929467435
ORD0093918,15.92760815385383,0.001
ORD0093919,23.616629053510604,0.7999683655260654
ORD0093920,15.714864421965645,0.001
ORD0093921,15.381897073193146,0.006940297632409861
ORD0093922,23.995646931026467,0.001
ORD0093923,21.70219905290822,0.001
ORD0093924,19.29089553061237,0.001
ORD0093925,16.430489641080317,0.001
ORD0093926,16.19425711070426,0.06765241591777804
ORD0093927,15.44794401449919,0.002881569796007264
ORD0093928,16.573656740675347,0.7315444079144866
ORD0093929,40.29564909738665,0.006227839678974811
ORD0093930,13.784147336260403,0.1462399898808826
ORD0093931,21.78267742231665,0.6352128784727084
ORD0093932,18.7003577052005,0.021780100658029124
ORD0093933,16.084083677701887,0.9576920490739786
ORD0093934,13.242170222398126,0.18564618158266927
ORD0093935,13.279765193428277,0.001
ORD0093936,13.498196490436476,0.0231378944425703
ORD0093937,14.809865354164508,0.001
ORD0093938,13.849032732732741,0.001
ORD0093939,14.336375592180797,0.001
ORD0093940,14.389977493958552,0.3852511884015154
ORD0093941,12.338975452879643,0.001
ORD0093942,12.266910630258394,0.001
ORD0093943,13.630927089115392,0.0036369126401025577
ORD0093944,14.676512199355791,0.12336725295593584
ORD0093945,14.393801749192722,0.9224732173384893
ORD0093946,14.370058518399942,0.6089136918852915
ORD0093947,12.24732776542335,0.001
ORD0093948,13.12387904575483,0.0012801828380082307
ORD0093949,20.168924771216197,0.17746251423595788
ORD0093950,28.012594089222066,0.01040367865805974
ORD0093951,14.349159292800408,0.7977558475197645
ORD0093952,18.674716236031774,0.006261112966474349
ORD0093953,20.302016294703034,0.9921143232339287
ORD0093954,15.709849298172145,0.12369922700816609
ORD0093955,23.43792259093087,0.001
ORD0093956,21.95154134546077,0.002008702240100425
ORD0093957,23.813386881484494,0.006507629864682644
ORD0093958,33.09359204738092,0.10539975921811214
ORD0093959,25.910693965845237,0.03687885314881299
ORD0093960,29.270469945787642,0.8236630884998876
ORD0093961,20.375055036079758,0.001
ORD0093962,13.238709530461907,0.001
ORD0093963,23.348071377023487,0.4714254857313529
ORD0093964,28.353436335777104,0.9873481430983405
ORD0093965,22.76258292446617,0.001
ORD0093966,22.839142434460182,0.001
ORD0093967,42.114909141618035,0.001
ORD0093968,21.241430795697756,0.3350829747933458
ORD0093969,17.13300006363594,0.43198919471420527
ORD0093970,15.078017290461782,0.01736118468912175
ORD0093971,11.883495131102872,0.03471877505053691
ORD0093972,18.921114154808482,0.759263783839422
ORD0093973,20.12978217229465,0.8394736406531272
ORD0093974,33.73485485536506,0.9154670278685979
ORD0093975,23.002810101758666,0.042086924203501595
ORD0093976,16.984297199738517,0.14544608593604785
ORD0093977,36.48323645921568,0.024321631613848097
ORD0093978,15.919579788862924,0.09598386460048418
ORD0093979,18.11574896027857,0.9256952643106905
ORD0093980,15.47609271454919,0.29389454422165434
ORD0093981,29.943942273976596,0.11219939950623192
ORD0093982,25.95540526915993,0.6368057660785545
ORD0093983,19.679392705466828,0.34415292348255033
ORD0093984,20.95335601399878,0.001
ORD0093985,19.81308441112923,0.001
ORD0093986,19.762562419458547,0.001
ORD0093987,55.8503308926166,0.013109733194392759
ORD0093988,31.390148616791958,0.001
ORD0093989,25.294442363836765,0.4389687011872465
ORD0093990,9.713827282793966,0.001
ORD0093991,10.36309450203333,0.001
ORD0093992,14.393975045961213,0.001
ORD0093993,12.654743195345445,0.001
ORD0093994,13.087028172365152,0.001
ORD0093995,25.24361246052936,0.038044599502471306
ORD0093996,17.762171175768227,0.001
ORD0093997,31.038203321734713,0.8360683295109201
ORD0093998,22.648532053108315,0.001437917321254036
ORD0093999,17.036140054439603,0.001
ORD0094000,10.858687671584583,0.001
ORD0094001,11.261385785150726,0.001
ORD0094002,19.97301192081765,0.001
ORD0094003,16.08067494959779,0.001
ORD0094004,17.363260333765563,0.01061921927342674
ORD0094005,16.801451083392255,0.015611809301127422
ORD0094006,16.15765815167295,0.9794874104957385
ORD0094007,14.059133049411779,0.24648842575037708
ORD0094008,19.956009633826323,0.008497524474185914
ORD0094009,21.667677280633754,0.12944271261811263
ORD0094010,21.06416349702488,0.7295652310575583
ORD0094011,14.05332384322107,0.001
ORD0094012,11.954254998388882,0.001
ORD0094013,12.187455438775903,0.0019051099494036428
ORD0094014,22.554861480312795,0.001
ORD0094015,19.431660699806766,0.001
ORD0094016,10.499148440989728,0.0012189577607372253
ORD0094017,12.789658955665272,0.022603135360429738
ORD0094018,14.389063532617797,0.005592119622565864
ORD0094019,18.074604349294972,0.00847240840566402
ORD0094020,17.495958001766283,0.15503744199773337
ORD0094021,16.69469751148816,0.2543173811674615
ORD0094022,18.46428599488823,0.9634104895322935
ORD0094023,28.107918997510716,0.001
ORD0094024,12.367756090748879,0.8951216950051097
ORD0094025,13.1573103957508,0.9947975967535966
ORD0094026,13.765002244083686,0.001
ORD0094027,25.752479676760565,0.9978499010532278
ORD0094028,20.87586148030958,0.990854253960045
ORD0094029,18.72997589767843,0.21417415722526903
ORD0094030,23.1298730289958,0.999
ORD0094031,24.44806773565905,0.999
ORD0094032,19.333730024595443,0.9668948626264363
ORD0094033,21.416842106481255,0.9577667499601581
ORD0094034,16.158561440893692,0.999
ORD0094035,16.577876168464353,0.999
ORD0094036,21.17400941078155,0.999
ORD0094037,21.824249195509875,0.999
ORD0094038,15.514154689910706,0.9979321700472141
ORD0094039,48.085022779935755,0.00985615154115248
ORD0094040,37.5600793025397,0.016068992665587877
ORD0094041,13.755607336548207,0.025925182494845777
ORD0094042,16.248723098525737,0.10460296516315379
ORD0094043,13.783083018602161,0.14343910963707632
ORD0094044,16.50366475552243,0.5572625754248272
ORD0094045,27.427430076653245,0.001
ORD0094046,17.63537153812576,0.6277295525613237
ORD0094047,18.198521283976113,0.9123837820944705
ORD0094048,29.09936160086473,0.0019536338653428497
ORD0094049,19.347960227816237,0.03215289551814991
ORD0094050,13.740451671867831,0.009604222250942457
ORD0094051,21.148436714598887,0.0012863156677076517
ORD0094052,20.706988683845733,0.0010523062384629688
ORD0094053,13.65941177693973,0.0020151974254934775
ORD0094054,13.677495128414117,0.001
ORD0094055,12.365542642993024,0.001
ORD0094056,13.285966111335547,0.012471334783586956
ORD0094057,11.795513110427843,0.0017691605502203362
ORD0094058,10.78427232274651,0.014671525937205346
ORD0094059,16.6679842626187,0.001
ORD0094060,14.434571048236348,0.0017229563196147345
ORD0094061,13.270829509396432,0.05935094989779012
ORD0094062,12.568477048274312,0.04976433701328482
ORD0094063,14.029782897138363,0.5401980111448933
ORD0094064,10.177804327690255,0.6009723946765713
ORD0094065,8.245192349519368,0.6905702794981193
ORD0094066,10.698436680539142,0.6956357842345314
ORD0094067,12.457434147864038,0.9705139830080162
ORD0094068,14.28909037370974,0.9404107036318138
ORD0094069,12.037953101426735,0.9943948170451528
ORD0094070,11.775489455462267,0.9952104877178861
ORD0094071,11.060027622624487,0.001
ORD0094072,12.23674805905092,0.001
ORD0094073,11.63665098206761,0.001
ORD0094074,12.357970918086123,0.0063942928950199126
ORD0094075,11.748782214829381,0.001
ORD0094076,9.424123294822609,0.001
ORD0094077,9.717642331135599,0.001
ORD0094078,11.976738343957289,0.1221890826337256
ORD0094079,11.748331537409806,0.6424383351097799
ORD0094080,12.018456251859806,0.9572372926259305
ORD0094081,9.81826813647537,0.001
ORD0094082,9.29509568929579,0.001
ORD0094083,20.551050082545867,0.001
ORD0094084,28.56109482972152,0.001
ORD0094085,30.54903492404761,0.01048785428098388
ORD0094086,10.626466222489217,0.001
ORD0094087,13.73548936295588,0.17694471130726616
ORD0094088,15.138050042807617,0.005889484036036605
ORD0094089,12.025329051722993,0.9462443379296681
ORD0094090,20.24182216723665,0.001
ORD0094091,20.033203164183252,0.001
ORD0094092,22.918532406947552,0.001668994084659726
ORD0094093,20.22959147708018,0.01590181386321633
ORD0094094,18.086194384238947,0.0016272815884094218
ORD0094095,13.241465279586127,0.001
ORD0094096,11.813731570954074,0.001
ORD0094097,21.338527095653127,0.4198493405368908
ORD0094098,13.968655755640622,0.001
ORD0094099,16.032868817857644,0.001
ORD0094100,106.55585712636949,0.001
ORD0094101,22.60616723860888,0.393215835125133
ORD0094102,11.082482333919899,0.08675961726744474
ORD0094103,11.33211488165616,0.3416419466439581
ORD0094104,14.871533397767118,0.6654212353728234
ORD0094105,26.876020661278506,0.9768000217166547
ORD0094106,23.811488447050024,0.18385833080513506
ORD0094107,19.994777391321527,0.6976126429179192
ORD0094108,16.114786035572994,0.4969390297266204
ORD0094109,11.948669900181303,0.09392914971719805
ORD0094110,16.954983994097162,0.779826386122217
ORD0094111,13.57581075111303,0.8267674145663955
ORD0094112,23.805696287032905,0.6240958761690418
ORD0094113,19.00722018045252,0.8646451394059842
ORD0094114,13.850153666905053,0.2996788344820823
ORD0094115,95.46060806844625,0.3028743608212016
ORD0094116,21.6768542370626,0.2685245181476028
ORD0094117,15.956761138053103,0.0020152203135604344
ORD0094118,20.24653765355732,0.9717805002271926
ORD0094119,52.03225344339798,0.998235370442282
ORD0094120,45.03678228521691,0.08802226561606309
ORD0094121,28.313747361488957,0.999
ORD0094122,26.748586351740364,0.9070210711023428
ORD0094123,9.205804480500872,0.001
ORD0094124,8.839663491011553,0.001
ORD0094125,8.990870192510885,0.001
ORD0094126,8.683002533578557,0.001
ORD0094127,12.037141454473536,0.001
ORD0094128,12.3146369764775,0.001
ORD0094129,15.55306538745218,0.015432365211449302
ORD0094130,16.52038423558954,0.07256254202773495
ORD0094132,39.32613821440249,0.9523723595193478
ORD0094133,11.889525645281433,0.001
ORD0094134,11.58329586559079,0.001
ORD0094135,9.395353252503051,0.001
ORD0094137,12.017350192111937,0.001
ORD0094139,23.00876754617399,0.9976975654145026
ORD0094141,12.993227303119188,0.001
ORD0094143,16.53776914603774,0.0012936813981793212
ORD0094144,15.061086385498372,0.0025474060914834435
ORD0094145,60.85305154385011,0.001
ORD0094146,48.9247157400888,0.0013205696295491747
ORD0094147,31.918998582005813,0.001
ORD0094148,12.841249875591428,0.007645836710848642
ORD0094149,14.058927347519704,0.005872750022496294
ORD0094150,12.955921436968804,0.0631347270441435
ORD0094151,12.738861453014717,0.8613153194640718
ORD0094152,18.308203894302096,0.001
ORD0094153,19.900800973430588,0.001
ORD0094154,12.995056695932332,0.1842463963992818
ORD0094155,13.279642429043346,0.9981424471959539
ORD0094156,13.281213292444447,0.8375550201123344
ORD0094157,15.738742167499058,0.999
ORD0094158,20.104047250134187,0.8750952085890711
ORD0094159,23.70476856521455,0.999
ORD0094160,15.77527423657983,0.9956792677517188
ORD0094161,21.373665051097884,0.999
ORD0094162,21.304746707663796,0.0014008912945584766
ORD0094163,23.557034473011242,0.9701139146363756
ORD0094164,13.742125232858243,0.9937560690724077
ORD0094165,13.408396010788982,0.001
ORD0094166,16.125834871698967,0.023944079158275823
ORD0094167,24.741703852161958,0.001992048913438991
ORD0094168,21.514830170657763,0.001
ORD0094169,14.094039909684247,0.001
ORD0094170,11.921242932375284,0.001
ORD0094171,25.213412777391586,0.10494400485729274
ORD0094172,18.369723127549367,0.01336309523297785
ORD0094173,14.76181366929746,0.001
ORD0094174,16.68040723956019,0.001
ORD0094175,13.754944064726395,0.703733540133505
ORD0094176,10.025028068634631,0.23056389635191973
ORD0094177,17.62926248974028,0.9682728044818033
ORD0094178,18.790545155313676,0.8570790825751138
ORD0094179,8.284334466573497,0.0022876180390942113
ORD0094180,8.185899895385129,0.001
ORD0094181,49.38990762449605,0.001
ORD0094182,13.888873096109517,0.9508019898514478
ORD0094183,15.03038534647219,0.5641817475574405
ORD0094184,17.717401866669494,0.9924879959608026
ORD0094185,14.480032202287004,0.7865913072234348
ORD0094186,29.87256667804298,0.0423325812595271
ORD0094187,22.64801600890413,0.031397829111503225
ORD0094188,16.854313032774257,0.9965013562013322
ORD0094189,20.617097344759756,0.5428963069750663
ORD0094190,18.699862876779104,0.9553123188228856
ORD0094191,17.940377702734597,0.2337522107704421
ORD0094192,18.607570310760806,0.001
ORD0094193,18.770334604708065,0.023279488128699233
ORD0094194,13.017123844394842,0.0019009723997710567
ORD0094195,13.262174607039684,0.15502680287223275
ORD0094196,14.252318814948886,0.002048763444723384
ORD0094197,11.312633255727913,0.017557070005289093
ORD0094198,11.419274560347946,0.01051014953343304
ORD0094199,12.762033004940752,0.5905441656585506
ORD0094200,10.200094701950166,0.01708099978577621
ORD0094201,9.490567058127091,0.02662267536734571
ORD0094202,13.618710987955076,0.0029022098149494176
ORD0094203,14.460523283535197,0.005116157709339657
ORD0094204,12.076512101582408,0.0021262602178619564
ORD0094205,10.649163216916426,0.0024730351996399558
ORD0094206,8.137193398246373,0.001
ORD0094207,9.879804992255513,0.13341129618312045
ORD0094208,9.808950011657531,0.12116399644295947
ORD0094209,10.431609374631018,0.44434671002585524
ORD0094210,8.047371260966962,0.6185060400668468
ORD0094211,7.389584769561919,0.5759100304753059
ORD0094212,13.153043599476442,0.9606461590578647
ORD0094213,10.675838058515373,0.9922222895013073
ORD0094214,10.264659233021101,0.9391722723358706
ORD0094215,10.660378096256151,0.01484450725465876
ORD0094216,10.022598837110023,0.001
ORD0094217,11.21262216984302,0.38360965866558183
ORD0094218,10.707730547763797,0.001
ORD0094219,8.32752880901314,0.001
ORD0094220,8.725190997937887,0.001
ORD0094221,10.13606971092058,0.8544067237627011
ORD0094222,10.124756402951228,0.001
ORD0094223,10.468268607630685,0.9539387144554302
ORD0094224,9.767113620043945,0.006580876156026429
ORD0094225,11.325176740901346,0.9925275906912538
ORD0094226,10.341238452003411,0.0020673637194098884
ORD0094227,9.309942428612654,0.001
ORD0094228,13.247463058040003,0.002607124999991396
ORD0094229,14.102936373705946,0.00456675342014441
ORD0094230,23.580104730991387,0.001
ORD0094231,26.467392264467463,0.0014327921712899718
ORD0094232,9.612036874917827,0.010572814458682222
ORD0094233,15.771119647462193,0.07469079574699107
ORD0094234,14.339692395093905,0.19117038916238063
ORD0094235,17.54318072333179,0.001
ORD0094236,13.143794269300054,0.001
ORD0094237,15.761041409049184,0.001
ORD0094238,18.629849178458795,0.0016265778982537207
ORD0094239,14.616402519718793,0.001
ORD0094240,13.480751011954277,0.001
ORD0094241,9.482964748969593,0.001
ORD0094242,13.383413564529858,0.03148881784906267
ORD0094243,16.674409661699443,0.002724603741197628
ORD0094244,11.63509670706435,0.001
ORD0094245,15.219558288908347,0.12442950450299683
ORD0094246,12.962623932021776,0.11105908371191975
ORD0094247,7.726230540267239,0.010461250042798492
ORD0094248,7.793197949767683,0.02212118169560886
ORD0094249,9.12489992411884,0.3236137720364808
ORD0094250,7.27124780244504,0.412709626641189
ORD0094251,21.56263412399595,0.7502698350515221
ORD0094252,23.082708730264727,0.7506560906311269
ORD0094253,12.95216963212994,0.03295922737743003
ORD0094254,10.46719010006817,0.05247000868772318
ORD0094255,10.400617684762237,0.046079989531289875
ORD0094256,10.318831796582797,0.1399377983150458
ORD0094257,21.337173599835253,0.6124310658620773
ORD0094258,10.529819650830056,0.37909423977396284
ORD0094259,14.676395472268453,0.8784625140758587
ORD0094260,11.071576589606687,0.5233396246779257
ORD0094261,13.370384164231707,0.001
ORD0094262,11.560626823807622,0.001
ORD0094263,10.74001836840774,0.0011238818149600994
ORD0094264,39.90423614859367,0.015536171820403807
ORD0094265,16.018072285088206,0.11559425570861578
ORD0094266,12.329646018120158,0.9391957617295141
ORD0094267,11.667362673553624,0.61096683105141
ORD0094268,12.034338814293395,0.9988716423552295
ORD0094269,17.442801999948266,0.9989706948707469
ORD0094270,14.414497994952884,0.991759589289446
ORD0094271,13.126923205958846,0.00846282231414445
ORD0094272,12.65994162676257,0.001
ORD0094273,16.681313730497415,0.00448210043552178
ORD0094275,20.660329535962152,0.3498587080796564
ORD0094276,27.44951607313428,0.5730197258872491
ORD0094278,19.31781611813582,0.001
ORD0094279,14.087191625904092,0.054422789835551676
ORD0094280,19.755545815449917,0.001
ORD0094281,20.891297719750906,0.9958763594406719
ORD0094282,11.436013121332405,0.0021857561049364762
ORD0094283,16.73243365323142,0.9749141825885591
ORD0094284,10.773080907819097,0.06121617847601063
ORD0094285,15.749464615923806,0.001
ORD0094286,17.044641857352545,0.001
ORD0094287,20.52884083404744,0.9981184436192093
ORD0094289,13.669989785183773,0.9913951461122507
ORD0094290,11.744169043757575,0.06154818919183173
ORD0094291,14.832866335820041,0.999
ORD0094292,20.783615592948507,0.001
ORD0094293,12.830411910947555,0.03971135368861775
ORD0094294,11.91593030105366,0.9858382304458122
ORD0094295,16.714496858004612,0.5651883162060198
ORD0094296,17.569342062732986,0.9732836383873809
ORD0094297,19.79106266083638,0.9959814310742008
ORD0094298,18.70724085058239,0.9975449540018311
ORD0094299,25.19163722169411,0.005469508220276646
ORD0094300,24.164774107505874,0.36431189938083386
ORD0094301,15.086554777221023,0.999
ORD0094302,13.064768548329045,0.999
ORD0094303,15.27330425033186,0.9154146296824652
ORD0094304,106.28679176719812,0.21994150535818133
ORD0094305,70.21201809779566,0.5611538788156474
ORD0094306,41.62793107802563,0.002901297998960495
ORD0094307,23.121750449834273,0.001715572725448284
ORD0094308,20.532439799756265,0.001
ORD0094309,13.910931893337866,0.001
ORD0094310,13.348366744870795,0.001
ORD0094311,20.675294347987084,0.024963632351365846
ORD0094312,19.087381813090648,0.009616656239832622
ORD0094313,17.36369207965979,0.001
ORD0094314,11.929486877361459,0.48161335306773256
ORD0094315,17.7902565071571,0.9251016903626823
ORD0094316,9.804863291304004,0.0011778430012456468
ORD0094317,76.49122908557976,0.001
ORD0094318,13.846655048955853,0.024691210262204544
ORD0094319,13.083452519273273,0.00881749500255141
ORD0094320,16.34036396973813,0.11476496940288235
ORD0094321,12.921568891190704,0.016638563441059823
ORD0094322,24.25503540412026,0.0013604485388689711
ORD0094323,25.820895276592122,0.001
ORD0094324,15.856231361704793,0.44249789608938955
ORD0094325,15.547791646217037,0.12044343817605692
ORD0094326,25.79792753972841,0.008201813418712536
ORD0094327,19.909149112470303,0.00226336446105459
ORD0094328,13.71071174526581,0.00985502052001417
ORD0094329,14.11313961752388,0.005008737806634573
ORD0094330,24.225792377407746,0.002057642599585923
ORD0094331,11.485943667895963,0.006271422246914062
ORD0094332,19.14466895353305,0.001
ORD0094333,12.859971350750163,0.026110329222734013
ORD0094334,10.095388008643715,0.00982207910929487
ORD0094335,17.03804093344731,0.002913620765150849
ORD0094336,12.349397240034143,0.001573773542687636
ORD0094337,13.733862353665511,0.004303686224646978
ORD0094338,12.49618648391375,0.05409066075280531
ORD0094339,10.45726659892073,0.006622254672923278
ORD0094340,9.74272804233682,0.005412843581796713
ORD0094341,8.597611595336463,0.03666289944560728
ORD0094342,10.248112288389832,0.27280712853291106
ORD0094343,10.67043608945763,0.8980887153950009
ORD0094344,12.705857679088526,0.8433047401986069
ORD0094345,11.770856815894026,0.9880180228471984
ORD0094346,12.27512067832541,0.9923483370662431
ORD0094347,11.291791387398924,0.001
ORD0094348,10.573414082357438,0.001
ORD0094349,11.66867948439056,0.001
ORD0094350,11.328853660005338,0.001
ORD0094351,8.546733840801044,0.001
ORD0094352,10.62763844415005,0.001
ORD0094353,10.504513881412642,0.001
ORD0094354,9.729228411709277,0.0021480785600522198
ORD0094355,10.815625477182301,0.001
ORD0094356,11.097633639560302,0.021601494517987686
ORD0094357,8.795805133590878,0.001
ORD0094358,8.64542348460187,0.001
ORD0094359,9.503535064793496,0.001
ORD0094360,15.901973797012122,0.001
ORD0094361,13.380598271115845,0.001
ORD0094362,26.10576018336471,0.001
ORD0094363,18.996378592672873,0.001
ORD0094364,10.869773156909462,0.001
ORD0094365,16.268735447513343,0.0011150695192770812
ORD0094366,13.27161947130319,0.001
ORD0094367,100.08709221693385,0.148142171294473
ORD0094368,47.032096785171994,0.001
ORD0094369,20.645163357930535,0.001
ORD0094370,18.107093354629797,0.012036077196636862
ORD0094371,19.776287953929756,0.001
ORD0094372,23.1153767341852,0.7190750719424066
ORD0094373,15.502954606143884,0.001
ORD0094374,11.590352574893839,0.001
ORD0094375,17.97399218584998,0.9898751175886001
ORD0094376,21.41464816401531,0.0021668879042575384
ORD0094377,13.315986921555695,0.001
ORD0094378,15.484286426185657,0.001
ORD0094379,19.93033917063018,0.2963624103408344
ORD0094380,12.852236928951688,0.03643843457203671
ORD0094381,10.899187115576726,0.04866857648617333
ORD0094382,8.465648740319478,0.007402911047473699
ORD0094383,14.026218125489656,0.5369855820211492
ORD0094384,9.776582301131656,0.11769705972462932
ORD0094385,24.839445241492378,0.8888823042927687
ORD0094386,19.856845995177547,0.30371128605840625
ORD0094387,13.283666568076681,0.1068254439828116
ORD0094388,11.60194675976783,0.08803283319292186
ORD0094389,12.535792221345396,0.18168455611319742
ORD0094390,13.369315318573333,0.3353295983534772
ORD0094391,11.699024330117677,0.3348462051520055
ORD0094392,26.513483867374095,0.09912593663333504
ORD0094393,14.67273635500853,0.2412930420878844
ORD0094394,14.13571593485004,0.18098373577561216
ORD0094395,11.396689803321557,0.42492339064894075
ORD0094396,16.28344375472327,0.001
ORD0094397,13.877218124914787,0.03923498955270288
ORD0094398,15.094130540955957,0.009593922861188308
ORD0094399,18.217209645509836,0.5497386785815525
ORD0094400,47.11652633354284,0.5058616074751912
ORD0094401,23.498812325474056,0.9387929240499368
ORD0094402,24.59022995739777,0.9580453461460288
ORD0094403,32.8849053821077,0.001612899455055948
ORD0094404,10.799336179451386,0.001
ORD0094405,12.555754429769511,0.11668917504481799
ORD0094406,10.871943349686473,0.001
ORD0094407,13.513310378360641,0.9756740889340463
ORD0094408,16.121954833139462,0.001
ORD0094409,18.10288508605981,0.9889507693967611
ORD0094410,15.66692326348536,0.001
ORD0094411,13.94836133573721,0.001
ORD0094412,17.511970846646367,0.04775174342190868
ORD0094413,19.673820426469867,0.043403205656064356
ORD0094414,22.759493757520264,0.2498000040508736
ORD0094415,20.044067883322228,0.47232845842018173
ORD0094416,35.206790130515294,0.9763977476449179
ORD0094417,15.865253345959388,0.001
ORD0094418,12.084683216841123,0.001
ORD0094419,12.119895554737552,0.001
ORD0094421,20.435911596701423,0.001
ORD0094423,26.424177486956946,0.9986557935365745
ORD0094425,14.540073829636922,0.001
ORD0094426,21.225129598768316,0.00310574714594553
ORD0094427,15.407792973507746,0.001
ORD0094428,17.8514141633411,0.001
ORD0094430,72.29728484511779,0.009466113374536152
ORD0094431,65.01659603746013,0.013526364815514206
ORD0094432,56.64595585325456,0.001
ORD0094433,73.65791586937007,0.004210853757440447
ORD0094434,32.56478027953506,0.001
ORD0094435,60.91849204003628,0.001
ORD0094436,15.30336346970936,0.001
ORD0094437,13.63232710851794,0.001
ORD0094438,15.68395878002064,0.001
ORD0094439,16.355711656464596,0.0017462539216180403
ORD0094440,21.864347502005746,0.001
ORD0094441,21.37454962154846,0.001
ORD0094442,9.672831088985312,0.003258360269394551
ORD0094443,16.26896701519723,0.03219209453370516
ORD0094444,25.532815816072148,0.6169668750610517
ORD0094445,22.027266309949535,0.019047621064321993
ORD0094446,22.72609479135475,0.9915562938981939
ORD0094447,40.838239234666275,0.004151388094644441
ORD0094448,16.919071059917243,0.9969533351031867
ORD0094449,18.513395836904564,0.401895304230316
ORD0094450,15.112937465579366,0.001
ORD0094451,14.964794817915081,0.001
ORD0094452,31.50301610988334,0.28676381755495317
ORD0094453,16.290856743043125,0.001
ORD0094454,15.533555299760803,0.001
ORD0094455,30.17920269797267,0.9193756120596174
ORD0094456,24.507220998407977,0.6650464834416241
ORD0094457,21.950603206566818,0.00612365465621621
ORD0094458,22.163908293117522,0.008867997105035188
ORD0094459,19.500374305166677,0.9965094230071527
ORD0094460,24.46042868664214,0.999
ORD0094461,22.334345191837574,0.9800206861878353
ORD0094462,11.639169954340066,0.10995634530861238
ORD0094463,12.62923120633542,0.37364351687345543
ORD0094464,17.997801733666293,0.7282131673900258
ORD0094465,18.427697664507736,0.8900549906757617
ORD0094466,20.45431056485113,0.9397493144708744
ORD0094467,18.969731998493923,0.9526318050482363
ORD0094468,30.647350473822513,0.027086864516553056
ORD0094469,28.63203773552986,0.017602608395718804
ORD0094470,19.68028582583247,0.9742143962737184
ORD0094471,21.085736765740158,0.9944189169631266
ORD0094472,22.012047972501293,0.19429723372528127
ORD0094473,21.400529437732786,0.20479669018960286
ORD0094474,26.276435498431038,0.43713950403799035
ORD0094475,17.547492829451674,0.8406479295554725
ORD0094476,24.720185892663476,0.014665620816002974
ORD0094477,22.270395481184252,0.0012367089917704487
ORD0094478,15.885290086738797,0.042265427253482715
ORD0094479,15.893675229585169,0.0023159446857977267
ORD0094480,18.918465819235323,0.004169726510950184
ORD0094481,14.324928461303303,0.001
ORD0094482,15.759101991855506,0.3632787644614611
ORD0094483,13.90971201967128,0.007777011057416483
ORD0094484,13.30099072055228,0.0013944154227959942
ORD0094485,17.323595640699825,0.9462452149760123
ORD0094486,18.861627347503198,0.001
ORD0094487,21.35756959012434,0.5416017089241242
ORD0094488,16.87099828977368,0.15565395031633228
ORD0094489,14.973900725987795,0.36101091264539864
ORD0094490,12.749784537082341,0.004483927798481313
ORD0094491,14.082005225565426,0.02278065058100622
ORD0094492,9.287786728165393,0.015374682452925958
ORD0094493,8.851255909734599,0.030873235302898778
ORD0094494,15.416340462759315,0.07919435268649487
ORD0094495,15.474055199877077,0.1587051077126674
ORD0094496,12.573172213100792,0.3670101729927008
ORD0094497,13.086643400073742,0.001
ORD0094498,11.865288990158254,0.001
ORD0094499,13.576284022224002,0.5695656403001988
ORD0094500,12.638890019285293,0.001
ORD0094501,12.60341846230527,0.001
ORD0094502,11.750637712552884,0.001
ORD0094503,11.42826972491138,0.001
ORD0094504,10.535467260788838,0.001
ORD0094505,11.195608339509906,0.001
ORD0094506,12.363607275224819,0.005375856420687082
ORD0094507,10.73912925843982,0.0021407207515896655
ORD0094508,11.852912725620156,0.15964267378132518
ORD0094509,12.381898228329606,0.03298700423057711
ORD0094510,13.363347395441913,0.7866326272001852
ORD0094511,10.693508659730265,0.001
ORD0094512,16.585249304895225,0.001
ORD0094513,22.852582903357206,0.001
ORD0094514,21.943536029807092,0.001
ORD0094515,14.777876016800587,0.005150190190710055
ORD0094516,16.032002661405894,0.0815564953403215
ORD0094517,13.16637422796549,0.001
ORD0094518,29.608951122846335,0.001
ORD0094519,80.93410477601543,0.013602019206160002
ORD0094520,73.35892554211617,0.023133398398318097
ORD0094521,69.97610532141637,0.0025033509341882455
ORD0094522,56.45936794988948,0.001
ORD0094523,100.29748937562975,0.14129903232443403
ORD0094524,25.282887804406958,0.001
ORD0094525,20.132416242168613,0.001
ORD0094526,20.238247855891778,0.0020716136217728935
ORD0094527,23.491942696640866,0.001
ORD0094528,21.578931684829822,0.030464636238244747
ORD0094529,15.300467988946698,0.001
ORD0094530,23.71738368373031,0.8455273335673038
ORD0094531,22.757718301731437,0.012920440454587715
ORD0094532,16.71046660348209,0.001
ORD0094533,21.02183591948657,0.34536011741537187
ORD0094534,12.76065857958437,0.10582674309927735
ORD0094535,17.195632697799592,0.6242960937178741
ORD0094536,12.55258067345916,0.26008388444530367
ORD0094537,27.051626608629732,0.9640194417772712
ORD0094538,21.837487258456935,0.8473343318642701
ORD0094539,19.483133733218608,0.13142521674203714
ORD0094540,16.909760843779694,0.12326023632805576
ORD0094541,19.962481194301592,0.9688728557809355
ORD0094542,14.932944986274912,0.9764908047023372
ORD0094543,16.61857441388184,0.9975714468853433
ORD0094544,13.951115503869499,0.599815955535008
ORD0094545,29.79079345382067,0.7608846998481471
ORD0094546,18.476776518324897,0.9228688622691485
ORD0094547,15.279468749805877,0.8490141229134057
ORD0094548,22.157834873883058,0.0020092038653676844
ORD0094549,23.309090437238652,0.06650994515562572
ORD0094550,21.898536546056068,0.002040343216714198
ORD0094551,47.607005666329165,0.8269865556908661
ORD0094552,47.978131510511304,0.008464298237429215
ORD0094553,23.30513490249672,0.9945644421454887
ORD0094554,27.072654895456044,0.24120455540252522
ORD0094555,10.993290682869965,0.001
ORD0094556,10.857611485138714,0.001
ORD0094557,13.461051900995587,0.33437522897107685
ORD0094558,11.292592331585242,0.0016985338037726356
ORD0094559,17.046686584533344,0.09332136304897139
ORD0094560,14.653554096258677,0.001
ORD0094561,17.88158770512725,0.001009553679081068
ORD0094562,15.16691974089097,0.001
ORD0094563,18.650357217300026,0.004176866188327912
ORD0094564,18.97242763867848,0.009475356562403685
ORD0094565,24.33293263492303,0.038454886118512624
ORD0094566,41.52183600484845,0.9265312501485775
ORD0094567,28.862036177084722,0.38373664993085776
ORD0094568,15.079286292943443,0.001
ORD0094569,11.6885821605993,0.010847985797619995
ORD0094570,11.73092464027675,0.001
ORD0094571,12.554887198932107,0.00543981906363684
ORD0094572,22.87463417236652,0.001
ORD0094573,27.99613485318245,0.9934640102556823
ORD0094574,15.91841574822885,0.013037444974948173
ORD0094575,28.774012609033466,0.001
ORD0094576,17.50747768417041,0.001
ORD0094577,23.990390619291148,0.17685380804642967
ORD0094578,15.28472555183374,0.01728319087731391
ORD0094579,21.097979068464944,0.32336441552098727
ORD0094580,14.56337926294354,0.001
ORD0094581,23.337930417916784,0.001
ORD0094582,12.138558198196254,0.001
ORD0094583,9.462626689506207,0.0022016904516993776
ORD0094584,18.957386734710063,0.9733683388295606
ORD0094585,15.459675917806326,0.02582093152426145
ORD0094586,21.342463307319314,0.001
ORD0094587,28.322483559973158,0.34493442864933954
ORD0094588,18.937651146735874,0.0022237675944162772
ORD0094589,32.52751391511665,0.001
ORD0094590,30.64012401880203,0.001
ORD0094591,16.493934629843135,0.00945729819692218
ORD0094592,18.152800990983874,0.007067779448950073
ORD0094593,23.381323519798713,0.001
ORD0094594,107.67931432707846,0.001
ORD0094595,32.07156349550193,0.005975548214896077
ORD0094596,16.449266682398495,0.001
ORD0094597,25.193775664145218,0.3739721803592052
ORD0094598,21.746248256137747,0.001
ORD0094599,21.144827279547478,0.004206027029874884
ORD0094600,18.573966984892827,0.9626766108074417
ORD0094601,15.889280371355177,0.7781447120509825
ORD0094602,23.511858918654635,0.9961362195038953
ORD0094603,11.235822030492121,0.005009981875498238
ORD0094604,14.108390246986266,0.6254173478762579
ORD0094605,17.48368203923031,0.03896657916627922
ORD0094606,19.212014758408394,0.19769515467967988
ORD0094607,34.52793007172539,0.001
ORD0094608,18.26126159052838,0.7099711295927531
ORD0094609,18.374922067229523,0.0017843890019238937
ORD0094610,29.660801876352586,0.00564180053527818
ORD0094611,25.522233787896013,0.001
ORD0094612,19.363050574416103,0.08141683600160035
ORD0094613,77.07249612984481,0.07292681037946983
ORD0094614,51.44241893805353,0.0025185366004224553
ORD0094615,27.977674658600794,0.002922334692825139
ORD0094616,15.513008159689475,0.0038335552340498192
ORD0094617,18.031823860742264,0.001
ORD0094618,21.34469055677663,0.0023712199503381484
ORD0094619,15.623281741357628,0.02098998100025362
ORD0094620,13.971078708023436,0.001
ORD0094621,62.14879439190931,0.001
ORD0094622,13.538259153325363,0.0027668491832779
ORD0094623,16.303643159732843,0.04490868248754471
ORD0094624,20.386357668681676,0.001
ORD0094625,19.217824206461493,0.005340889487611991
ORD0094626,13.979552245191757,0.0014277293443238207
ORD0094627,14.404125067318096,0.0018910646855359453
ORD0094628,13.921560738468102,0.019611865580856567
ORD0094629,15.861798232242244,0.207798221332106
ORD0094630,34.41454755977742,0.0015634879797692392
ORD0094631,57.294267473327594,0.0014079094353661667
ORD0094632,9.079335996789343,0.020901044439115925
ORD0094633,14.09737068491093,0.0862260295190727
ORD0094634,15.452805809340166,0.05047072638745109
ORD0094635,12.10330672022079,0.5201052244819003
ORD0094636,13.354647717399981,0.001
ORD0094637,10.663929976945045,0.001
ORD0094638,11.599711921848353,0.001
ORD0094639,11.011167190072982,0.001
ORD0094640,10.402961389447487,0.001606665140003206
ORD0094641,8.544980826669201,0.001
ORD0094642,10.54337074619238,0.05516503364398477
ORD0094643,11.195749274998091,0.001
ORD0094644,10.102505273629347,0.5551946297572815
ORD0094645,12.219727347632462,0.9329193146249576
ORD0094646,9.421151434651167,0.002170034062767566
ORD0094647,11.64556251448684,0.9577209099081401
ORD0094648,9.160916014415713,0.001
ORD0094649,18.11561586874492,0.08554890524794222
ORD0094650,15.987079035999745,0.001
ORD0094651,24.08248407887983,0.002131299956304808
ORD0094652,26.244185498356085,0.001
ORD0094653,13.528822692490658,0.9313903483273421
ORD0094654,19.234508398877544,0.002239821447194057
ORD0094655,21.15080055873683,0.9964729424896728
ORD0094656,22.409194828181235,0.001
ORD0094657,20.103569076570743,0.24668850636044448
ORD0094658,17.601274364252106,0.001446528651319676
ORD0094659,19.39601332833546,0.016933211935917243
ORD0094660,21.854210271619767,0.9500584450865986
ORD0094661,15.155099316814084,0.001
ORD0094662,19.659537088383036,0.5623581060475307
ORD0094663,17.789251822799287,0.001
ORD0094664,16.378174369360146,0.034240688660891055
ORD0094665,18.58644429601956,0.2512528777223959
ORD0094666,18.322776432660042,0.45634700861482863
ORD0094667,11.033466563526163,0.033277456866746435
ORD0094668,13.736059783565102,0.5792506833481278
ORD0094669,24.373163720013288,0.9183002015234631
ORD0094670,20.436993149169307,0.8441024093496818
ORD0094671,17.653132346815923,0.09042656040778449
ORD0094672,15.772933061357625,0.087005603013819
ORD0094673,12.810223542363975,0.32152711990639316
ORD0094674,11.985821445788988,0.46315114421992165
ORD0094675,28.924629547736394,0.8351560210524689
ORD0094676,21.158315277593253,0.2257980960153146
ORD0094677,19.818377980184316,0.980621584841917
ORD0094678,124.33226920373811,0.16372893780756528
ORD0094679,15.976911726698951,0.001
ORD0094680,14.405187063302597,0.001
ORD0094681,14.266911749232426,0.0033083178452006914
ORD0094682,17.460402276559556,0.001
ORD0094683,52.99088499369525,0.10658736067299343
ORD0094684,37.817367643669904,0.0016113840803834382
ORD0094685,27.254441346938904,0.9003991589614104
ORD0094686,25.083684523035053,0.01999052618177014
ORD0094687,14.559220380761392,0.9847458210669634
ORD0094688,13.071113134332462,0.999
ORD0094689,13.065142891946804,0.9959182874877598
ORD0094690,18.74903084544997,0.999
ORD0094691,15.065763582270376,0.9904139460234646
ORD0094692,14.873603456341684,0.001
ORD0094693,10.475906982638909,0.048208317342269935
ORD0094694,17.48095771236549,0.7205745901898863
ORD0094695,12.331698810077524,0.001
ORD0094696,23.191762825415708,0.9768267995478868
ORD0094697,21.79298700206051,0.07800005656387196
ORD0094698,27.6493942791973,0.9980071584494725
ORD0094699,33.973949056927715,0.9822014962457019
ORD0094700,13.248553918698766,0.001
ORD0094701,9.179271216620547,0.001
ORD0094702,11.454025502970378,0.001
ORD0094703,17.703682030130185,0.0022745722823135023
ORD0094704,15.705371698860624,0.001
ORD0094705,25.049396002238215,0.999
ORD0094706,21.34599618691392,0.999
ORD0094707,15.93930186297665,0.98047679343364
ORD0094708,17.467281307743878,0.11334667499561339
ORD0094709,15.05823000875042,0.001
ORD0094710,16.500486056845673,0.001
ORD0094711,24.559302740766906,0.9986435868180233
ORD0094712,15.888918321224471,0.009894222233434165
ORD0094713,16.094925635359072,0.329920186896815
ORD0094714,12.817395248951817,0.0016508443061993138
ORD0094715,26.087034315294254,0.001
ORD0094716,20.390044902476856,0.001
ORD0094717,14.066161079604557,0.63506129124856
ORD0094718,10.60132402726145,0.04272388265056265
ORD0094719,16.18888321764684,0.9251859603247687
ORD0094720,14.559664031037892,0.3940339685846201
ORD0094721,25.80963958997418,0.9898030222644698
ORD0094722,20.002020425928727,0.999
ORD0094723,24.53595840730027,0.4647774834449481
ORD0094724,32.22334800682296,0.04397132278894608
ORD0094725,37.612851352249294,0.018691265644676235
ORD0094726,16.259798352719443,0.9950560651927756
ORD0094727,16.07170301690594,0.8753419624447216
ORD0094728,13.796157267865336,0.001
ORD0094729,17.070876303320656,0.001
ORD0094730,25.87036097219721,0.009348476866866986
ORD0094731,22.462837747310523,0.005245634846016862
ORD0094732,15.051260673216104,0.001
ORD0094733,14.007971550188966,0.001
ORD0094734,28.490888512525657,0.32877156590133955
ORD0094735,17.72849766224595,0.001
ORD0094736,15.679801569921802,0.9639932861394259
ORD0094737,13.386206369505084,0.06803281260877776
ORD0094738,22.892810780847537,0.9969733081155201
ORD0094739,16.921270478710927,0.6153738150129778
ORD0094740,9.994461791595555,0.005390729860134806
ORD0094741,11.335479368653921,0.0012888284758957708
ORD0094742,14.96491573559192,0.07455374924684786
ORD0094743,18.56959417749205,0.3802331706038399
ORD0094744,30.75518964373925,0.001
ORD0094745,23.446665185442004,0.001
ORD0094746,17.95789699492783,0.7599857675253813
ORD0094747,19.701283666461244,0.003887819294395963
ORD0094748,20.16880216407224,0.05434056489595884
ORD0094749,16.142683616263064,0.001973759958260091
ORD0094750,24.89942825309371,0.001
ORD0094751,25.493697341894134,0.0032698163127475805
ORD0094752,28.47277669987076,0.003133828174448803
ORD0094753,17.19964381464052,0.00988805635309981
ORD0094754,15.404674206983895,0.0029364863498876612
ORD0094755,16.119357252143164,0.0019963421855229047
ORD0094756,14.457761014960163,0.0011436828466593958
ORD0094757,13.666075216272995,0.06291099468197967
ORD0094758,16.5343495770399,0.999
ORD0094759,14.092283624618599,0.9583638418206804
ORD0094760,18.454474612933605,0.9937114967167087
ORD0094761,23.533908911464803,0.7989064753175782
ORD0094762,16.238356094746205,0.7286459717724131
ORD0094763,16.047661965259568,0.999
ORD0094764,12.997792467065322,0.9967908111053216
ORD0094765,15.501765239003666,0.999
ORD0094766,13.26775108063256,0.9989069803841668
ORD0094767,8.75554520936126,0.026230905463869802
ORD0094768,13.015322187761434,0.16369351913331026
ORD0094769,14.400256677880021,0.23740229025588616
ORD0094770,11.391280066278345,0.5894428435510841
ORD0094771,11.952048779506573,0.8592290216909856
ORD0094772,11.921050311094948,0.001
ORD0094773,12.200826199744393,0.8914457872388454
ORD0094774,15.112747123232225,0.9974851314820775
ORD0094775,12.590044749834316,0.001
ORD0094776,13.059180581829073,0.001
ORD0094777,12.722996063895096,0.996478621243463
ORD0094778,10.725124805793259,0.001
ORD0094779,9.990450827387809,0.012030742683531295
ORD0094780,11.727705121858845,0.001
ORD0094781,12.168228033052477,0.0026670502154152297
ORD0094782,13.413054490523066,0.999
ORD0094783,10.207371003610037,0.023565789430210277
ORD0094784,11.724428082857242,0.9982773460098228
ORD0094785,11.599872282522146,0.21314664564061023
ORD0094786,15.496116446108006,0.0355119366756673
ORD0094787,28.27578310353774,0.003596894390454268
ORD0094788,14.780222407399584,0.7022996585267767
ORD0094789,16.465751184892568,0.02484272804668094
ORD0094790,16.212769223733904,0.9893681882144243
ORD0094791,12.40267933943322,0.2176898464086757
ORD0094792,21.002240380330054,0.008722344077247247
ORD0094793,19.615375041955453,0.0033300112756545876
ORD0094794,22.05296188921453,0.25075408573352564
ORD0094795,24.723679543155956,0.020624778225109032
ORD0094796,23.677486153695607,0.9579160362820694
ORD0094797,20.912182912534817,0.21693751775946435
ORD0094798,12.769157476030294,0.001
ORD0094799,12.505695849421782,0.001
ORD0094800,24.432290780016782,0.9975841237017533
ORD0094801,20.042407774711613,0.9406010466686222
ORD0094802,17.02146207646914,0.002920151192105804
ORD0094803,16.56656325750596,0.001
ORD0094804,25.8025330671074,0.43613312951714694
ORD0094805,13.800775376674421,0.4423300515406695
ORD0094806,9.828285851957625,0.044594503445397456
ORD0094807,9.042314708760712,0.06906252863947164
ORD0094808,14.04217178608375,0.8180479226377066
ORD0094809,15.050817828071258,0.7936504463912432
ORD0094810,24.284299527551955,0.9883161506550893
ORD0094811,26.081616469695994,0.10440338954223227
ORD0094812,14.270661862781804,0.20823169232642164
ORD0094813,34.4601617173366,0.02339459278847379
ORD0094814,14.98632632418865,0.6547891425447233
ORD0094815,12.722689746837167,0.3634660569831445
ORD0094816,15.525477609389615,0.9341441505296135
ORD0094817,22.314263109432517,0.12686310372269
ORD0094818,21.725431578387507,0.13524749695841734
ORD0094819,18.46405623549448,0.312393028301363
ORD0094820,19.560734670145767,0.1361499551129515
ORD0094821,19.99118782857528,0.890988841884262
ORD0094822,18.32922134507556,0.4484606178876839
ORD0094823,45.43667734683445,0.9934665947330229
ORD0094824,47.49245668452451,0.9894127668541295
ORD0094825,24.71349627770402,0.9985597964046298
ORD0094826,9.330288549388571,0.001
ORD0094827,9.501073546537635,0.001
ORD0094828,13.533156771412132,0.001
ORD0094829,14.389300771923427,0.001
ORD0094830,14.294375438808729,0.001
ORD0094831,26.433555443392372,0.001460722023442785
ORD0094832,23.645478997544224,0.0025885094361641145
ORD0094833,25.885433361843564,0.014452048908376374
ORD0094834,21.53014956686739,0.026271870148614762
ORD0094835,12.901609945250318,0.001
ORD0094836,9.632178035643266,0.001
ORD0094837,11.745310898531638,0.001
ORD0094838,12.994033333124438,0.001
ORD0094839,14.052559305094492,0.001
ORD0094840,19.145561977045872,0.34631946851652384
ORD0094841,17.618606586500306,0.5144216017539858
ORD0094842,13.748393358199694,0.007710856675034619
ORD0094843,10.324747815651811,0.7657397518291552
ORD0094844,21.013414400740565,0.001
ORD0094845,16.733794110845363,0.05350727108767491
ORD0094846,24.797563051959152,0.9961865613160018
ORD0094847,12.34629893701869,0.001
ORD0094848,12.912974247981492,0.001
ORD0094849,14.775666905605462,0.0018175161391462157
ORD0094850,20.765443634628078,0.001
ORD0094851,18.34889488485551,0.001
ORD0094852,9.47322157336563,0.005660942727351743
ORD0094853,14.912845940721697,0.008952605850261518
ORD0094854,13.270015580164912,0.001
ORD0094855,16.890280374599428,0.0967059080722512
ORD0094856,18.064537184096043,0.0033565623129661513
ORD0094857,15.962378933976343,0.817959380402389
ORD0094858,14.891987618044089,0.026660173714700856
ORD0094859,23.227890211199966,0.001
ORD0094860,13.145638511414653,0.954007080779833
ORD0094861,10.989747671625462,0.0938705016612686
ORD0094862,16.73150345079471,0.001
ORD0094863,23.853197708496904,0.006013146092761912
ORD0094864,21.25252912554481,0.001
ORD0094865,12.823796244409746,0.001
ORD0094866,19.55321891636714,0.1934107734745976
ORD0094867,18.041715642181902,0.0013086277875033717
ORD0094868,18.23286508089257,0.001
ORD0094869,22.748548028488415,0.001
ORD0094870,15.42201706185785,0.8626723131119279
ORD0094871,12.66598674510596,0.009396565686852414
ORD0094872,19.004823942003892,0.9892149756766788
ORD0094873,15.064911391629503,0.09123615714875513
ORD0094874,9.920682524138677,0.00468262445304717
ORD0094875,27.297372361851735,0.001
ORD0094876,22.542841408114022,0.001162295886169042
ORD0094877,14.542250969125622,0.9703338893712715
ORD0094878,15.21043462868494,0.3919186369217803
ORD0094879,16.569608203273813,0.9891703570277341
ORD0094880,13.707962584152352,0.609430201383626
ORD0094881,32.441282863447306,0.23344511425308395
ORD0094882,17.14617010863119,0.9964020652483224
ORD0094883,16.62643910456316,0.9132845667491875
ORD0094884,31.775598983308754,0.6174698929673278
ORD0094885,25.703477033914243,0.1992371556387344
ORD0094886,22.118258968620186,0.9561580405120879
ORD0094887,20.976870472686542,0.001
ORD0094888,21.84949747731866,0.7763487752013312
ORD0094889,12.731584609784381,0.001909136031156065
ORD0094890,14.14673000717331,0.001
ORD0094891,14.268012710603845,0.4025053020824263
ORD0094892,12.581387003611352,0.008480311043379287
ORD0094893,14.140072052103212,0.9539650335215379
ORD0094894,10.21690045180728,0.005044914107414108
ORD0094895,14.481751542551805,0.001291545360379352
ORD0094896,14.845592276901462,0.9198658259270482
ORD0094897,12.078040029420176,0.03429362244537076
ORD0094898,10.167800881731631,0.001
ORD0094899,10.525095097954528,0.12348922404306953
ORD0094900,9.33893913543851,0.005279925360411795
ORD0094901,8.30406749243622,0.008741559392236592
ORD0094902,7.093793706469455,0.012161342111644657
ORD0094903,13.241556268837401,0.023215026448158572
ORD0094904,10.848053719054741,0.03840292205871519
ORD0094905,9.995389507937153,0.12138616983388195
ORD0094906,9.954414671285889,0.3224579987494662
ORD0094907,12.54055187168711,0.012809097824287463
ORD0094908,11.897859857367893,0.001
ORD0094909,10.995991608548733,0.001
ORD0094910,11.400961848890034,0.14713712613386337
ORD0094911,11.479375488097835,0.001
ORD0094912,8.890466487524945,0.001
ORD0094913,9.589142598512092,0.001
ORD0094914,11.57035041708393,0.8895550111577777
ORD0094915,10.821434195049079,0.986735204362987
ORD0094916,14.273590130842623,0.9888904911703428
ORD0094917,10.929034285111223,0.003140098097806339
ORD0094918,11.0651988865008,0.001
ORD0094919,16.171846587577875,0.967148932814664
ORD0094920,18.188247013845984,0.651648241250945
ORD0094921,24.333964741431387,0.6892784408372996
ORD0094922,13.028679270569329,0.999
ORD0094923,18.318663487540995,0.9742155651338027
ORD0094924,16.023289030166264,0.999
ORD0094925,12.661240792323724,0.998522813306643
ORD0094926,21.163068405620393,0.001
ORD0094927,20.004344004440096,0.0908457173630173
ORD0094928,20.339228534739146,0.004039807830274829
ORD0094929,20.104549776006653,0.06703297808384051
ORD0094930,21.183480878507847,0.8027846803176016
ORD0094931,13.419958940082758,0.001
ORD0094932,11.760953330711226,0.001
ORD0094933,21.46206709206083,0.8863042652512299
ORD0094934,16.76390023758575,0.001
ORD0094935,16.03079652632242,0.030557568654639912
ORD0094936,91.77518168206917,0.001
ORD0094937,20.863471716984016,0.001
ORD0094938,16.29758378093779,0.9956425990342037
ORD0094939,14.635430833629506,0.9450412961800284
ORD0094940,10.217510650260618,0.7749719778090175
ORD0094941,18.254749328663692,0.9983978411945158
ORD0094942,26.864603341686152,0.999
ORD0094943,19.14693314933674,0.984980859288153
ORD0094944,15.967951913755915,0.944291724233706
ORD0094945,12.087044809233028,0.21377820657893687
ORD0094946,13.52984419942523,0.6035893379071131
ORD0094947,12.343704033304876,0.4544871427729752
ORD0094948,10.41013606326167,0.05505359480297051
ORD0094949,19.395740871667886,0.2527604684772527
ORD0094950,15.759772794367429,0.5041633226885933
ORD0094951,13.511484833924492,0.8714537798215902
ORD0094952,34.483195746687564,0.10259656341442984
ORD0094953,18.855900541908408,0.001
ORD0094954,14.772079534679515,0.001
ORD0094955,15.07370544314008,0.001
ORD0094956,38.55321599351194,0.004316123281081606
ORD0094957,29.975010645147243,0.0020385358634272877
ORD0094958,22.189215062851435,0.0792252961785915
ORD0094959,24.254910805162023,0.024481848386878086
ORD0094960,9.711708962626524,0.001961692586722232
ORD0094961,9.536388763584958,0.12249132857228069
ORD0094962,10.566740298518628,0.32964904989030497
ORD0094963,11.322294404781044,0.31133170851842906
ORD0094964,13.46574108865463,0.14071500020960062
ORD0094965,14.299665409762715,0.008272659235948127
ORD0094966,9.649192039137171,0.001
ORD0094967,17.40635256167909,0.22444319285246178
ORD0094968,15.159010378480861,0.001
ORD0094969,25.045568555626204,0.6060920724351828
ORD0094970,9.948835105244834,0.001
ORD0094971,10.235411424654677,0.0034462236233560187
ORD0094972,11.05295103466391,0.002897331059512704
ORD0094973,10.382025560992377,0.001
ORD0094974,19.35487689914375,0.001
ORD0094975,13.760635313642133,0.2706593734306145
ORD0094976,19.691249975302284,0.9958072759844123
ORD0094977,13.692865774835392,0.015700674057662508
ORD0094978,13.226774386307177,0.9979119702200709
ORD0094979,13.851909908322288,0.926197602783048
ORD0094980,14.947074408175952,0.001
ORD0094981,12.314222262613427,0.001
ORD0094982,56.6623355250302,0.00767724270562917
ORD0094983,50.11973273991357,0.001
ORD0094984,58.94983828367962,0.005030978795999885
ORD0094985,11.36396036507659,0.001
ORD0094986,11.267294263066871,0.001
ORD0094987,12.070994727620153,0.0025630379681732497
ORD0094988,9.449292025387733,0.001
ORD0094989,19.57244123037981,0.001
ORD0094990,19.96256752394136,0.001
ORD0094991,12.399621102276086,0.01288201121993516
ORD0094992,7.737100105230226,0.001109862118842398
ORD0094993,12.698717739477638,0.22753527449910518
ORD0094994,11.925089206342706,0.012703263076376235
ORD0094995,19.70647343846714,0.8978495590504301
ORD0094996,19.489862240019708,0.15774921043421547
ORD0094997,17.070892004193,0.9921716186531334
ORD0094998,16.553794319610674,0.9491234089222955
ORD0094999,23.772428893567962,0.002036194673237073
ORD0095000,29.332952244874743,0.001
ORD0095001,11.614592239295941,0.9895025970145881
ORD0095002,10.800031585445918,0.001
ORD0095003,13.047400213330587,0.001
ORD0095004,26.25275558547881,0.0227584649013993
ORD0095005,20.288070493985224,0.017841643005949762
ORD0095006,14.744769971862768,0.001
ORD0095007,12.797870630197693,0.001
ORD0095008,18.6886513990554,0.6976302865429138
ORD0095009,19.56214713679118,0.7116679542668412
ORD0095010,14.846952550019891,0.001
ORD0095011,14.290149316414105,0.0010693853971134332
ORD0095012,16.326241774368032,0.9756607999318053
ORD0095013,11.46727181212906,0.9683869083644421
ORD0095014,16.958483914485743,0.992004900702508
ORD0095015,19.288684086675005,0.9845011903975847
ORD0095016,9.191915810873452,0.023525132750784578
ORD0095017,8.40175516277344,0.021247894477516214
ORD0095018,43.03661666874898,0.001
ORD0095019,12.495691109040596,0.008949190183351833
ORD0095020,12.702333413258907,0.0013391748763958507
ORD0095021,15.851725886484084,0.04793982085008419
ORD0095022,13.017410884301814,0.006652152712926239
ORD0095023,27.433188746730067,0.001
ORD0095024,19.801396076365656,0.001
ORD0095025,13.222130954002472,0.13962222890059847
ORD0095026,17.976417801666102,0.0030308337368966072
ORD0095027,15.874395973166857,0.021013928308124943
ORD0095028,13.777021232877058,0.001
ORD0095029,18.564975479845526,0.012962089715802181
ORD0095030,18.53050602633995,0.001
ORD0095031,12.855507802246256,0.049803222783226776
ORD0095032,14.558996256646015,0.0014902520407343535
ORD0095033,14.747232976543426,0.0060139816210310814
ORD0095034,11.107944969834534,0.001
ORD0095035,12.998085235803751,0.4081459009910322
ORD0095036,9.951382519728833,0.006229931564757203
ORD0095037,8.718401761069241,0.45234806217758683
ORD0095038,10.72836002406747,0.05964092138503293
ORD0095039,13.492005804601781,0.08430020618944907
ORD0095040,12.329803644835655,0.023963824517644776
ORD0095041,12.252073768266168,0.03855375776839619
ORD0095042,11.454430013993285,0.012297934688267918
ORD0095043,8.840338874211819,0.001
ORD0095044,8.226722556072037,0.001
ORD0095045,9.964421215514827,0.7556753576662625
ORD0095046,8.965273333430455,0.47134253150329875
ORD0095047,7.222500933167241,0.22728964826411327
ORD0095048,9.265079668828383,0.9056693164726755
ORD0095049,12.525801344739065,0.7126481490817144
ORD0095050,10.931962658839387,0.9726506180791207
ORD0095051,12.037516244013272,0.9905178798374834
ORD0095052,8.495873998046795,0.001
ORD0095053,9.078851681806597,0.001
ORD0095054,7.671769932728629,0.001
ORD0095055,8.235048669207501,0.001
ORD0095056,6.518220241912951,0.001
ORD0095057,6.693980117561866,0.001
ORD0095058,7.504375291095731,0.001
ORD0095059,7.479471435485224,0.001
ORD0095060,7.712248677381295,0.0027025780444801715
ORD0095061,7.589442714614154,0.001
ORD0095062,10.161987927173698,0.04334144859362458
ORD0095063,7.980157036627769,0.001
ORD0095064,7.294727678757437,0.001
ORD0095065,10.878649546581803,0.001
ORD0095066,14.43749983417086,0.01825182233867654
ORD0095067,18.987068239716123,0.001
ORD0095068,21.96154817989431,0.0030773051543799
ORD0095069,8.208177932638764,0.018870668566996714
ORD0095070,10.261677381601467,0.7368978093345294
ORD0095071,14.969710241311784,0.3797392976751523
ORD0095072,17.950449208397448,0.001
ORD0095073,15.032369517237678,0.005241528819994794
ORD0095074,15.91810904130855,0.0927606963337334
ORD0095075,18.61296724108725,0.24516299444706896
ORD0095076,17.202631488156996,0.5328699308639535
ORD0095077,10.223761910524559,0.001
ORD0095078,11.53406168292092,0.006626142275896733
ORD0095079,18.168548425665254,0.981806309416573
ORD0095080,18.11053868100629,0.9924619192742954
ORD0095081,11.185701326417968,0.001
ORD0095082,15.547710656399435,0.13620004931509605
ORD0095083,13.105361243627396,0.17148888029426093
ORD0095084,6.226819290968773,0.03162005419867928
ORD0095085,6.700881921256231,0.0252426850741017
ORD0095086,10.354212152637906,0.31815955371848825
ORD0095087,9.973083106788927,0.5845918980775221
ORD0095088,21.397491751225118,0.7356283125742515
ORD0095089,18.289844916925514,0.9124407365326231
ORD0095090,11.024486504283837,0.04382174824234531
ORD0095091,9.400348980619833,0.04552032000364838
ORD0095092,10.380148417601083,0.14638862446266748
ORD0095093,10.009495155759387,0.3104822062477287
ORD0095094,20.470401015980833,0.49571584793191253
ORD0095095,15.728654021249918,0.19977646171149005
ORD0095096,13.924127415245977,0.8007913330482713
ORD0095097,11.99524490116849,0.3734654913428105
ORD0095098,15.644102996692537,0.00958554530080288
ORD0095099,12.900340261049214,0.9710312510094379
ORD0095100,15.879646954123459,0.2234723161769207
ORD0095101,38.16919465942195,0.8621989310015794
ORD0095102,18.428658376422305,0.9916624919723824
ORD0095103,9.47606806614438,0.001
ORD0095104,10.486981044509669,0.001
ORD0095105,9.96364291289774,0.001
ORD0095106,13.439739373576732,0.001
ORD0095107,12.144840204706322,0.001
ORD0095108,14.981430634355991,0.001
ORD0095109,12.380328333633944,0.585248915270282
ORD0095110,12.484220863698377,0.001
ORD0095111,13.325026857886186,0.001
ORD0095112,20.304883755709128,0.026183619511770034
ORD0095113,25.501631922143876,0.4305416313634958
ORD0095114,16.304622415359404,0.001
ORD0095115,13.297689519498137,0.001
ORD0095116,11.444886011352969,0.0048397669331440435
ORD0095117,18.618284730294228,0.001
ORD0095118,20.564992141463453,0.9787883307147919
ORD0095119,17.757397790075633,0.4409629851863823
ORD0095120,17.382251449804734,0.999
ORD0095121,14.852172479358392,0.9944536279297642
ORD0095122,16.40520968474406,0.001
ORD0095123,13.852690714406583,0.001
ORD0095124,15.03561342658316,0.001
ORD0095125,24.440657153220062,0.997920111886588
ORD0095126,13.186918309160747,0.001
ORD0095127,11.919066455379845,0.001
ORD0095128,14.962975716406717,0.001
ORD0095129,18.99515088583229,0.001
ORD0095130,15.89992020528907,0.005440520506534219
ORD0095131,10.471214058267767,0.001
ORD0095132,12.892175197832138,0.001
ORD0095133,18.333324085906003,0.0639555725467947
ORD0095134,16.398346167545284,0.8898982445704273
ORD0095135,16.421643091135085,0.001
ORD0095136,26.4207144163212,0.001
ORD0095137,33.771357086314026,0.001
ORD0095138,13.22941874635709,0.9727999693308
ORD0095139,11.855561145326538,0.0013746095091446216
ORD0095140,12.820861040615053,0.001
ORD0095141,63.73807460698876,0.0014621492356395992
ORD0095142,36.132441683095855,0.1168571013742945
ORD0095143,22.698574974772423,0.001
ORD0095144,23.514012829392495,0.0013673328882337194
ORD0095145,18.481149527216022,0.015654775560297988
ORD0095146,14.776614339926624,0.001
ORD0095147,12.146877693715501,0.003920272831820236
ORD0095148,22.546768376229622,0.030096212885943587
ORD0095149,18.98679544296074,0.5859349184480671
ORD0095150,16.915198544003886,0.001
ORD0095151,13.300821584645144,0.45165759857949317
ORD0095152,21.505457521541196,0.9416043708783894
ORD0095153,9.980503874235012,0.0010869952639571074
ORD0095154,13.26915147748671,0.015874289269106934
ORD0095155,13.26782692385587,0.009320307711360996
ORD0095156,14.308867293298862,0.07294972829197241
ORD0095157,13.262443209958137,0.018566844088632718
ORD0095158,30.27863874968614,0.001
ORD0095159,22.822270088083343,0.001
ORD0095160,15.927351395941985,0.3041076341104739
ORD0095161,15.3899763797541,0.1899552162204908
ORD0095162,20.74775726842063,0.0014719364735645058
ORD0095163,19.819482808617746,0.0011919311055733628
ORD0095164,20.16253754258023,0.032826818988743386
ORD0095165,13.39181528871194,0.004318535168890045
ORD0095166,19.71518402612092,0.001
ORD0095167,11.957567654232367,0.0013384500455218644
ORD0095168,16.012298275043456,0.001
ORD0095169,12.355704282262026,0.004600342189092051
ORD0095170,11.375916683404586,0.015268281575493587
ORD0095171,16.419968286638156,0.003169285324870931
ORD0095172,14.434550916260067,0.9655613611649718
ORD0095173,12.604510176342373,0.09826319043734966
ORD0095174,13.562789022060592,0.12566261554746885
ORD0095175,10.292390236577013,0.3108575066999442
ORD0095176,14.546820760001586,0.5215577258915853
ORD0095177,9.891421424190787,0.8284638510818999
ORD0095178,7.1216307555778355,0.04777142792947804
ORD0095179,7.687136546386356,0.23971251430519497
ORD0095180,16.053154095231765,0.24525977146378564
ORD0095181,10.802385448630801,0.7996773637648952
ORD0095182,10.458553111652643,0.8211114546828411
ORD0095183,11.967538701955435,0.001
ORD0095184,10.615085069073476,0.001
ORD0095185,10.750480583558778,0.001
ORD0095186,9.535218231933744,0.001
ORD0095187,8.852705438299932,0.001
ORD0095188,9.86515088215582,0.001
ORD0095189,10.237375548405025,0.001
ORD0095190,9.53122084592087,0.0022797254378928737
ORD0095191,10.285873372725815,0.001
ORD0095192,13.52588865434819,0.07235194220471636
ORD0095193,9.343559269016886,0.001
ORD0095194,9.997890359340918,0.001
ORD0095195,9.794164335033829,0.001
ORD0095196,15.746941757769836,0.001
ORD0095197,16.203951507755946,0.9279686943520152
ORD0095198,26.390754383269087,0.001
ORD0095199,25.82815073772745,0.6556132402761328
ORD0095200,10.875096269312484,0.0029058848448077733
ORD0095201,16.09471203369768,0.049520913747109596
ORD0095202,12.848316971574198,0.9957189593661757
ORD0095203,32.973892051810104,0.001
ORD0095204,114.2165168282394,0.02199908471929473
ORD0095205,19.18154261913847,0.0020148953403432298
ORD0095206,19.355828545186316,0.10472696063509268
ORD0095207,18.05272897352254,0.014403399845464224
ORD0095208,22.185197814698718,0.8836821934675173
ORD0095209,11.762731582517997,0.001
ORD0095210,12.57634995413785,0.001
ORD0095211,21.121917759478993,0.9980604226996059
ORD0095212,20.91236018482718,0.7500413769069569
ORD0095213,14.84133141555979,0.001
ORD0095214,15.600239652267211,0.009635228683205672
ORD0095215,16.024980867112706,0.3026946719855645
ORD0095216,15.038209833700297,0.06682504856380182
ORD0095217,10.122613745977535,0.043107131435963175
ORD0095218,8.876344265647262,0.028887559743343217
ORD0095219,13.67890516570597,0.6287841483498964
ORD0095220,9.591454883357432,0.20546800881308408
ORD0095221,25.0064405271565,0.9339129735720173
ORD0095222,15.8400886536254,0.5132627098844265
ORD0095223,14.54130618174799,0.11758161783253349
ORD0095224,13.008305622840068,0.55662392803057
ORD0095225,11.351905973213647,0.06024044968081958
ORD0095226,13.128396187134793,0.8426950814133367
ORD0095227,10.464466244763551,0.11774696762282644
ORD0095228,19.28538978266493,0.22605857086830472
ORD0095229,15.422709147934215,0.2442373693775779
ORD0095230,14.843593255520114,0.4278925342084105
ORD0095231,13.789919164837869,0.406181085401645
ORD0095232,58.353211092745106,0.07490399487041673
ORD0095233,20.34180364219818,0.003989434911183773
ORD0095234,15.027064181021126,0.9711059730111579
ORD0095235,15.942933021866997,0.31071970955011274
ORD0095236,22.938648033444927,0.9989581589484942
ORD0095237,56.73189691868476,0.9728184958705237
ORD0095238,25.39359257457453,0.9979023130098315
ORD0095239,26.376956036143415,0.999
ORD0095240,32.82313784904153,0.008925345643555096
ORD0095241,12.730362887209383,0.2248652386283263
ORD0095242,12.699978698397912,0.001
ORD0095243,14.151867929987105,0.9948788380762043
ORD0095244,11.176114578056895,0.002216965362245152
ORD0095245,18.197431742101305,0.9903914453545054
ORD0095246,14.939584753541865,0.001
ORD0095247,17.817230234368232,0.19145677098444938
ORD0095248,15.716580200572505,0.8986776835818786
ORD0095249,20.67765480007296,0.7298256679977202
ORD0095250,14.267909055667126,0.017788388950955858
ORD0095251,32.7976175787035,0.9980094435908944
ORD0095252,24.487482295406615,0.997438560355433
ORD0095253,37.76514074583709,0.999
ORD0095254,15.048240535928425,0.001
ORD0095255,13.10347320623152,0.001
ORD0095256,15.982374373364765,0.9862278876987874
ORD0095257,13.72866124121364,0.5539124902701916
ORD0095258,21.710165563051635,0.001
ORD0095259,17.621144519803487,0.001
ORD0095260,19.163532974673107,0.9917147216216471
ORD0095261,23.841327722838216,0.999
ORD0095262,18.9796476009368,0.999
ORD0095263,23.197856136458242,0.030459751277533503
ORD0095264,16.26351151777547,0.00290261432482601
ORD0095265,23.27951548853348,0.999
ORD0095266,25.29792802467117,0.999
ORD0095267,65.61548061191687,0.16314520511916403
ORD0095268,92.87840492283938,0.9967711895045042
ORD0095269,70.28822198239722,0.10759660519530836
ORD0095270,46.38993838597814,0.005821188896605371
ORD0095271,29.418890742983976,0.00854888962185998
ORD0095272,49.09264656832713,0.001
ORD0095273,16.322897588274074,0.001
ORD0095274,13.663149793413035,0.005107294860599387
ORD0095275,16.710785228991245,0.001438080750166834
ORD0095276,17.14737967350461,0.0659355973502762
ORD0095277,26.627774225490224,0.001
ORD0095278,19.28520905910067,0.001
ORD0095279,11.555879642156675,0.010111455752356934
ORD0095280,15.842455948270857,0.014179382653671599
ORD0095281,24.719076686382486,0.32472047990686653
ORD0095282,22.81603864618688,0.8154405232126816
ORD0095283,19.53321871925841,0.977947528065723
ORD0095284,33.943345265936,0.002126274317250782
ORD0095285,17.030243386283953,0.2069301538295457
ORD0095286,19.410451137896153,0.9958857110541895
ORD0095287,18.637318677067448,0.001
ORD0095288,18.487101621432316,0.003343741359546662
ORD0095289,35.9164951720302,0.9217042980099736
ORD0095290,18.103330359668824,0.004972410150097027
ORD0095291,17.263765459695488,0.001
ORD0095292,34.36171385493687,0.9954653069342843
ORD0095293,21.578665461828706,0.3882739116299375
ORD0095294,19.39484130672872,0.05736199314344281
ORD0095295,21.590776404388997,0.0030130043569019495
ORD0095296,20.257793954200164,0.999
ORD0095297,25.50319528579339,0.999
ORD0095298,19.964680159446484,0.9698063536655759
ORD0095299,12.69765992644103,0.8178918685563346
ORD0095300,12.135785183635566,0.11497951383438858
ORD0095301,17.430321278218237,0.6331288996804523
ORD0095302,15.928365946570525,0.040156175002210914
ORD0095303,22.22704073130498,0.9438756000265947
ORD0095304,16.925093321681235,0.17509596127780883
ORD0095305,32.90247017076233,0.0029303356406766173
ORD0095306,26.302900635352476,0.00131643697667858
ORD0095307,23.5399960900071,0.9954852021484598
ORD0095308,20.542082764678845,0.6545047336019667
ORD0095309,25.437058815264578,0.042446181079308865
ORD0095310,18.635200256533107,0.00513868299953177
ORD0095311,18.19425140554682,0.4598985700863782
ORD0095312,16.159264619603878,0.016629928548340788
ORD0095313,25.622657159461568,0.002853782203531049
ORD0095314,25.70662528710021,0.003040221524046679
ORD0095315,13.85622887660389,0.0033606022713840527
ORD0095316,17.084718065872227,0.00453405579873233
ORD0095317,22.282366861896666,0.002274847746371356
ORD0095318,14.764522982989043,0.0032122753102212425
ORD0095319,15.27214833761247,0.009948304957528761
ORD0095320,13.39891295943825,0.007090955374793073
ORD0095321,12.859161112120358,0.017246361601469546
ORD0095322,17.05940833683889,0.880988176086903
ORD0095323,18.74669538057406,0.36193882951798806
ORD0095324,22.00491230915533,0.5034936927705408
ORD0095325,15.310909745409555,0.005024526214667996
ORD0095326,16.230688670638568,0.07452074309260812
ORD0095327,12.170670798425904,0.05552337534628473
ORD0095328,14.703152840792448,0.3285315458668218
ORD0095329,9.73719478702676,0.019763719571480244
ORD0095330,8.972122428425676,0.015007874710357139
ORD0095331,14.552250975156626,0.0774268830932352
ORD0095332,13.73347353415292,0.07079206990935918
ORD0095333,12.53435054589896,0.40840998297020004
ORD0095334,12.779065194505664,0.010364851167777425
ORD0095335,10.868242057945109,0.001
ORD0095336,12.678963206446072,0.001
ORD0095337,12.284460965825426,0.001
ORD0095338,12.119201072558143,0.27644168481803477
ORD0095339,12.128969672479109,0.001
ORD0095340,9.505283853206178,0.001
ORD0095341,10.309886867693345,0.001
ORD0095342,12.623915417718575,0.8819361632490106
ORD0095343,11.192980192613112,0.0028298186495890596
ORD0095344,14.013127255427875,0.9864605900417823
ORD0095345,11.767928940193254,0.08012756666102389
ORD0095346,15.798270420724387,0.9835195868721291
ORD0095347,12.790115367584562,0.4137278576193011
ORD0095348,10.38059280890086,0.001
ORD0095349,14.8700875981311,0.001
ORD0095350,17.808379804109357,0.001
ORD0095351,20.324935227437106,0.001
ORD0095352,10.989315104790135,0.001
ORD0095353,16.754275311154124,0.009353877026261118
ORD0095354,12.789844517421747,0.001
ORD0095355,29.304959117660662,0.001
ORD0095356,67.76987812891888,0.0022159958092862237
ORD0095357,59.770492161656954,0.0019011530826347016
ORD0095358,63.123000504706425,0.0068287421228692595
ORD0095359,63.89218040580062,0.001
ORD0095360,107.981387248958,0.4123777480952799
ORD0095361,51.638981893561876,0.001
ORD0095362,22.095387293550996,0.001
ORD0095363,20.07666630974305,0.001
ORD0095364,19.428153648287118,0.0012819513813654808
ORD0095365,24.391013792697375,0.001
ORD0095366,21.909836100718028,0.03018405001998161
ORD0095367,14.924984499442239,0.001
ORD0095368,22.52302880372845,0.7904727079645577
ORD0095369,20.06897182688944,0.001286619065531141
ORD0095370,16.333449207468366,0.001
ORD0095371,20.44914744090198,0.31350244280024897
ORD0095372,12.132849505565865,0.021873050844785875
ORD0095373,16.818374723055953,0.6307028077515484
ORD0095374,17.496373364817014,0.6586154142082054
ORD0095375,25.950686525961377,0.963960462469425
ORD0095376,28.77920847018939,0.9626151863336002
ORD0095377,15.219420707077946,0.0925376133024682
ORD0095378,17.02043088136885,0.27237841914731786
ORD0095379,15.122393343435654,0.6088005500809942
ORD0095380,14.948272232626524,0.18846265431917109
ORD0095381,15.370043634924958,0.8998181470047001
ORD0095382,13.569951790087687,0.5213656625019164
ORD0095383,27.703009150796877,0.298533207673463
ORD0095384,16.910817883316163,0.49411237657689694
ORD0095385,14.977803380813397,0.42958830246746754
ORD0095386,19.374871549607192,0.001
ORD0095387,16.791684617114704,0.0038826883355760587
ORD0095388,19.238794768463666,0.001
ORD0095389,48.74914142565651,0.041936828082914435
ORD0095390,42.15386824172165,0.001
ORD0095391,26.00574629176003,0.6417847902673033
ORD0095392,23.90175357840915,0.002751826815999259
ORD0095393,11.328429146755758,0.001
ORD0095394,11.745239383901097,0.001
ORD0095395,11.099588858814919,0.0027908765580425205
ORD0095396,10.210766267372666,0.001
ORD0095397,15.579613329704419,0.001
ORD0095398,14.353417405520618,0.001
ORD0095399,17.685502528667453,0.001
ORD0095401,19.00287076915009,0.001
ORD0095402,18.046466159047903,0.4770352907002233
ORD0095403,29.47570520615493,0.0025215338693101758
ORD0095404,35.4855303986252,0.02661118396399098
ORD0095405,28.776189643291772,0.9979603467382645
ORD0095406,17.67497598815323,0.001
ORD0095408,12.688399867282694,0.001
ORD0095409,12.078235588136465,0.001211308661500668
ORD0095410,17.390916593784443,0.001
ORD0095411,22.651941910342124,0.023650206369852534
ORD0095412,19.729211691635943,0.5671730214581351
ORD0095413,22.691553784118856,0.001
ORD0095414,17.521215644869766,0.010846507350821582
ORD0095415,26.176380268663166,0.8838017787691704
ORD0095416,97.38838679276888,0.001
ORD0095417,15.048913467696387,0.001
ORD0095418,17.092606581980245,0.001
ORD0095419,14.5848507297113,0.001
ORD0095420,25.92212688160428,0.001
ORD0095421,12.271513999987974,0.001
ORD0095422,9.8594470865405,0.003576495461750335
ORD0095423,17.232251649613083,0.0054261563366614415
ORD0095424,16.116661305143108,0.040946231942963554
ORD0095425,18.73598809258845,0.003124628584179736
ORD0095426,29.86339205053995,0.7303999030983498
ORD0095427,20.031949245183547,0.1737825433969579
ORD0095428,29.776138243754925,0.001
ORD0095429,33.61487519862196,0.001
ORD0095430,19.306593822022002,0.747800746653873
ORD0095431,14.650518873856276,0.001
ORD0095432,22.397043311411526,0.001
ORD0095433,23.36622204337306,0.0028544901465421975
ORD0095434,16.660291690619797,0.001
ORD0095435,31.411072848764103,0.09569931229703518
ORD0095436,22.653143933749572,0.001
ORD0095437,22.116300398529766,0.001
ORD0095438,17.6346115217321,0.9104001936699136
ORD0095439,12.071163009503739,0.0024945106338508825
ORD0095440,22.932192379285542,0.9908774353940174
ORD0095441,10.312381578010827,0.0014861935042586448
ORD0095442,13.959103406473131,0.001
ORD0095443,22.053304608399507,0.9942831457640409
ORD0095444,24.381353227515845,0.9989384474975067
ORD0095445,34.815434296372736,0.4735659970599583
ORD0095446,22.674150229338448,0.999
ORD0095447,22.681114488423383,0.999
ORD0095448,40.83556544574541,0.9471093696837596
ORD0095449,35.67340512029606,0.9972289607987698
ORD0095450,30.67307461738148,0.9966892382924624
ORD0095451,77.59740249868334,0.969123222348189
ORD0095452,59.78820014878402,0.059061327324233484
ORD0095453,33.867184183480916,0.14736384125628743
ORD0095454,16.74516497052654,0.3830096076399899
ORD0095455,17.39385389602567,0.001
ORD0095456,19.568704619044656,0.02003613436694672
ORD0095457,14.550808089699913,0.9049314848576892
ORD0095458,15.387295477939617,0.0020275568974621873
ORD0095459,46.88412946371907,0.0015469512566678987
ORD0095460,15.98808797467617,0.2981557285468125
ORD0095461,13.42015762878281,0.4951662175130118
ORD0095462,17.30375778114731,0.032633059015172286
ORD0095463,18.288968024141887,0.04573182656136039
ORD0095464,17.260424794106818,0.004991032135283889
ORD0095465,17.960465685300576,0.008238504950340788
ORD0095466,12.421318467330588,0.001
ORD0095467,14.624888644909957,0.7605528713632523
ORD0095468,33.49881848560393,0.0028961752696413266
ORD0095469,56.50766639553867,0.0021339125023944515
ORD0095470,14.868384704229346,0.5815378190039465
ORD0095471,17.246209681609024,0.9321480615730977
ORD0095472,17.755452275295667,0.9358426476787297
ORD0095473,13.89650849407352,0.9885687130067591
ORD0095474,11.92635403492019,0.001
ORD0095475,10.295023644148248,0.001
ORD0095476,11.919956132481909,0.001
ORD0095477,11.594855951368746,0.001
ORD0095478,11.336900225151972,0.001
ORD0095479,10.090099080622375,0.001
ORD0095480,11.132673227210429,0.001
ORD0095481,11.347895282632946,0.001
ORD0095482,11.527330699060514,0.006364131611470726
ORD0095483,10.794127873082806,0.2642521677258544
ORD0095484,9.872881237586173,0.001
ORD0095485,10.289595261553773,0.001
ORD0095486,10.077410175997636,0.001
ORD0095487,17.508609853784378,0.001
ORD0095488,17.462647731290364,0.001205231896202793
ORD0095489,25.328255322047056,0.001
ORD0095490,27.98721432734487,0.001
ORD0095491,11.012692062317939,0.0019097020728203018
ORD0095492,11.212623061274682,0.00571021571422257
ORD0095493,20.22657547880855,0.08543529556902267
ORD0095494,22.94089062047337,0.006056956055090246
ORD0095495,18.805548769981336,0.009911988073832872
ORD0095496,20.463922719845726,0.11086872691059055
ORD0095497,22.77778612837808,0.8557599731773646
ORD0095498,22.169184375168562,0.8259167299158614
ORD0095499,17.338624061210297,0.001
ORD0095500,23.25968076850395,0.9929394061470816
ORD0095501,16.871013575462733,0.001
ORD0095502,17.29206285081491,0.0012396073389970292
ORD0095503,25.76627874895075,0.9691832915502123
ORD0095504,15.296091270558628,0.012775028318952913
ORD0095505,15.124279990378378,0.5161198502709615
ORD0095506,17.773799049424877,0.9942832555713226
ORD0095507,26.198715273770873,0.999
ORD0095508,18.177580850240773,0.05925020556729257
ORD0095509,20.486820752685837,0.7773711030312107
ORD0095510,14.294468167391488,0.11214959484406602
ORD0095511,12.861535423280733,0.3207462534973765
ORD0095512,12.036325103563888,0.4342343525130866
ORD0095513,24.029876362838255,0.6143907655374886
ORD0095514,19.474564992518683,0.23369329166344546
ORD0095515,16.08436950020427,0.9193234509453878
ORD0095516,20.680493251498277,0.03687696942108815
ORD0095517,16.56084143152055,0.1382128311592156
ORD0095518,25.091327921115763,0.8573853181222251
ORD0095519,19.409859975852825,0.9803992748693519
ORD0095520,60.34100509121899,0.9960333606779231
ORD0095521,56.007011486837584,0.999
ORD0095522,28.194321680368393,0.999
ORD0095523,28.72827726725722,0.999
ORD0095524,11.956384347087367,0.001
ORD0095525,12.571246636007828,0.003403934035244772
ORD0095526,10.756422160732116,0.001
ORD0095527,14.873989657918207,0.001
ORD0095528,12.104127099139198,0.001
ORD0095529,13.074166107448848,0.023368303165385323
ORD0095530,14.096525985245265,0.7977779369641551
ORD0095531,18.06842228958016,0.014057351024617531
ORD0095532,12.325335012225136,0.001
ORD0095533,24.29310456397756,0.28180247659579977
ORD0095534,34.19516827421479,0.9647297096450892
ORD0095535,30.14979284880833,0.958100160933545
ORD0095536,29.538532458814867,0.999
ORD0095537,17.19446014121762,0.001
ORD0095538,13.365157699191712,0.0031488249264334882
ORD0095540,17.377404614738357,0.001
ORD0095541,14.184290818842866,0.001
ORD0095542,18.655959752265126,0.8694220752983126
ORD0095543,18.274952816426126,0.997369274371362
ORD0095544,14.840474979251486,0.8781289655389284
ORD0095545,18.588995925057414,0.0010239537374601131
ORD0095546,16.703054101818054,0.001
ORD0095547,22.671581887150396,0.999
ORD0095548,18.981889279174457,0.9980904266013075
ORD0095549,13.807755787136058,0.001
ORD0095550,15.267161481398158,0.001
ORD0095551,11.588066904438026,0.001095310286651057
ORD0095552,24.726575706255954,0.001
ORD0095553,19.8799134650769,0.001
ORD0095554,10.759970391542511,0.0062744459474036035
ORD0095555,11.581890523873907,0.001
ORD0095556,13.775119989971461,0.08734109086320684
ORD0095557,14.285871402645558,0.001
ORD0095558,26.44397187790233,0.9372844742755548
ORD0095559,17.904147928988372,0.11219765798006771
ORD0095560,16.736982767952114,0.001244179433994383
ORD0095561,37.90623720381263,0.007272590571749053
ORD0095562,36.98737329966188,0.001
ORD0095563,16.646412729442773,0.8164987154221741
ORD0095564,12.526599674619519,0.007607258080007275
ORD0095565,17.25203173675383,0.001989325834578657
ORD0095566,12.712674093227522,0.001
ORD0095567,91.94090157427665,0.00157295148729121
ORD0095568,32.69182904755285,0.006859916798902068
ORD0095569,24.904849854960233,0.006083208660181422
ORD0095570,16.75920019325937,0.001
ORD0095571,13.588595253111496,0.001
ORD0095572,30.22186065857714,0.14439909780835614
ORD0095573,20.30174572948692,0.001
ORD0095574,14.380230747645916,0.9506590189755715
ORD0095575,12.107621133461144,0.0783047409036632
ORD0095576,23.32991532029151,0.9930460696274725
ORD0095577,17.959604910694576,0.6946185200663205
ORD0095578,10.286707267599333,0.002376028279763624
ORD0095579,11.123308644060549,0.0023749522477894674
ORD0095580,15.159687434205416,0.47611382602542857
ORD0095581,18.4834182709488,0.8555898406062786
ORD0095582,30.8901355020954,0.0019456163245279317
ORD0095583,27.887028271546022,0.0034538658130770484
ORD0095584,20.996866677027633,0.972677205220408
ORD0095585,22.91747867044494,0.016854592555913327
ORD0095586,17.994925287305286,0.30910340613469156
ORD0095587,18.279773962231776,0.00973675594700088
ORD0095588,32.35862216538746,0.010214739403741643
ORD0095589,22.444065051908776,0.0035105268627657277
ORD0095590,13.994236626382106,0.021899093484519728
ORD0095591,14.631112892252183,0.010309552858342463
ORD0095592,15.553085904147602,0.0034497100677838713
ORD0095593,12.912492879247662,0.003812074888891526
ORD0095594,14.566743216740312,0.08187137504525485
ORD0095595,12.526198658201679,0.11688021552871548
ORD0095596,15.45606991383718,0.29747653616117986
ORD0095597,19.08393756368832,0.9185337547871917
ORD0095598,15.145354242010235,0.02035209377799707
ORD0095599,15.389701153232489,0.023080049535176925
ORD0095600,14.153161940599528,0.5203054376515225
ORD0095601,11.8728325919238,0.7884796983863648
ORD0095602,14.399960013389641,0.9029794873078121
ORD0095603,14.285203330899547,0.9881326532739326
ORD0095604,28.703892942615912,0.001819736589796686
ORD0095605,7.649494422825345,0.041167741597505615
ORD0095606,15.898962237959518,0.30270586781886505
ORD0095607,12.550209806226647,0.07321103144643268
ORD0095608,12.038757903138896,0.7471417177630185
ORD0095609,11.108246765363882,0.4287466218717679
ORD0095610,11.471471228836693,0.0015236006970174773
ORD0095611,11.142383311258033,0.001
ORD0095612,12.690415020184437,0.001
ORD0095613,12.229554513580707,0.001
ORD0095614,11.65662796203473,0.007233610136694624
ORD0095615,11.244748185099617,0.002690545041775824
ORD0095616,10.14315535087284,0.001
ORD0095617,10.622171279511615,0.001
ORD0095618,10.960409954037397,0.09579470258794906
ORD0095619,11.064235699197349,0.9251500645769006
ORD0095620,10.896821773713405,0.04622322401549551
ORD0095621,12.753136441417933,0.9939887323186017
ORD0095622,11.397004257963752,0.9921628184416396
ORD0095623,11.660746849509552,0.001
ORD0095624,16.147595089341333,0.7594652548349616
ORD0095625,24.45256234251007,0.11326451627379383
ORD0095626,17.254046044253723,0.9987250284652051
ORD0095627,12.896176910085632,0.001
ORD0095628,15.5211297114997,0.999
ORD0095629,11.768318993996685,0.001
ORD0095630,20.100874701057023,0.005831330041525933
ORD0095631,19.984436675623993,0.001
ORD0095632,19.379106747157657,0.2867330924780391
ORD0095633,19.123006375635505,0.001
ORD0095634,22.587911013228446,0.9751803089718377
ORD0095635,17.12040749256635,0.05300277481342943
ORD0095636,11.981202570721699,0.001
ORD0095637,11.449415110381784,0.001
ORD0095638,20.303109632393006,0.9988079938430552
ORD0095639,20.120708602396178,0.6193694493193496
ORD0095640,16.008473139699277,0.0025535896023826153
ORD0095641,16.352853422583927,0.001
ORD0095642,22.283928489845586,0.001
ORD0095643,19.170465657646464,0.37876367510664855
ORD0095644,17.250632612733487,0.612519418620934
ORD0095645,9.144764407035083,0.026642740241848928
ORD0095646,9.069130837366222,0.11538599144841599
ORD0095647,14.462796344002992,0.7334960625947895
ORD0095648,13.704543495492167,0.8854512442346536
ORD0095649,26.735353891183866,0.9579102363687246
ORD0095650,16.80999375328223,0.12153262268932219
ORD0095651,13.688438580486968,0.2847861759449965
ORD0095652,27.961111675757998,0.016408566339508344
ORD0095653,17.297189738679062,0.1398980344782589
ORD0095654,13.323127141140732,0.6130276043905651
ORD0095655,14.854254780110727,0.5433574056246042
ORD0095656,25.280114747561,0.473335646481088
ORD0095657,20.58152991264859,0.39565262802558504
ORD0095658,20.727939005773898,0.8421713101740826
ORD0095659,20.927052022500206,0.005670765759335212
ORD0095660,21.312337822263892,0.21641871734283158
ORD0095661,19.36758989202513,0.0034582407051658402
ORD0095662,57.50683178939772,0.7155878945670253
ORD0095663,40.95326285655726,0.0642816862808485
ORD0095664,24.23887466482554,0.9857636169324102
ORD0095665,9.39630556780793,0.001
ORD0095666,9.023860327140296,0.001
ORD0095667,12.346557284364021,0.001
ORD0095668,16.613915475348627,0.001
ORD0095669,15.764280188339102,0.014320044348087374
ORD0095670,25.087314873851383,0.17826299340359336
ORD0095671,18.259260029031545,0.003607354545838589
ORD0095672,30.14301717383528,0.942948251611071
ORD0095673,19.65446439250489,0.05800924204250084
ORD0095674,14.421886035699593,0.001
ORD0095675,9.740036467118955,0.001
ORD0095676,11.09809959975439,0.001
ORD0095677,15.854724447851291,0.001
ORD0095678,16.455244227524958,0.001
ORD0095679,23.774853368807356,0.9968819895057915
ORD0095680,16.660301684591083,0.3620948470073806
ORD0095681,14.839654919034906,0.011571473804819354
ORD0095682,14.467295266263847,0.9948996159366837
ORD0095683,16.599215509852755,0.001
ORD0095684,18.64492519601913,0.0785396519450982
ORD0095685,27.265444287960744,0.988953721229314
ORD0095686,12.936272505579547,0.001
ORD0095687,13.056630921303887,0.001
ORD0095688,12.247191188134847,0.013394492964917163
ORD0095689,19.884081608447094,0.001
ORD0095690,19.412320936324335,0.001
ORD0095691,10.547587433859858,0.001
ORD0095692,13.73158491260229,0.0030173505231439247
ORD0095693,14.337597856215686,0.001
ORD0095694,19.941405541510715,0.5695389259639386
ORD0095695,18.443193851403265,0.00500315841923703
ORD0095696,15.700888312444055,0.08082838665454366
ORD0095697,15.059919289085615,0.10611644003904533
ORD0095698,30.659180160519625,0.001
ORD0095699,13.35570500763568,0.6348110747842348
ORD0095700,14.316525186291425,0.8302379858074476
ORD0095701,17.92270583901295,0.001
ORD0095702,27.82117085135134,0.0034659803044683767
ORD0095703,21.640017569711173,0.001
ORD0095704,15.502578542505152,0.001
ORD0095705,19.552140229966543,0.11242203916112722
ORD0095706,16.662308744226948,0.025988787721045282
ORD0095707,16.5135779724168,0.001
ORD0095708,19.27751787968566,0.001
ORD0095709,15.632447904719033,0.6996486114610214
ORD0095710,14.96382118356603,0.6362895607027862
ORD0095711,20.00852917509745,0.9803478016822492
ORD0095712,17.40221097864045,0.954209485968969
ORD0095713,9.266766247489507,0.002111222176907173
ORD0095714,30.111391277180264,0.0012723179719315162
ORD0095715,21.756221368562095,0.003316186118179393
ORD0095716,13.767764456954412,0.06879125895645757
ORD0095717,13.715969096459656,0.0062236752390179995
ORD0095718,17.11222712835197,0.4567786321706434
ORD0095719,13.677623782889096,0.01397439164433598
ORD0095720,25.660860845928436,0.001
ORD0095721,19.203064814532812,0.8738546802661407
ORD0095722,15.568513827455723,0.11583645175683202
ORD0095723,19.488329983256,0.004085653343433131
ORD0095724,21.369348481918628,0.0015409175517466724
ORD0095725,16.289066744510816,0.044620149898165304
ORD0095726,21.682934985453556,0.003174119351301505
ORD0095727,19.504815700700092,0.0012135217755186577
ORD0095728,13.953787369820327,0.007654853536698258
ORD0095729,12.545092361375557,0.0018123317536627443
ORD0095730,11.585736466816265,0.001
ORD0095731,12.662461059535048,0.03344943179139263
ORD0095732,12.443983558007254,0.0018325623362503267
ORD0095733,12.231749668836178,0.13558756456597218
ORD0095734,17.504438384929202,0.02279875218507435
ORD0095735,12.738137499712547,0.008683080683475302
ORD0095736,11.509558647595581,0.6075347362238543
ORD0095737,10.769850978020008,0.2068619739513935
ORD0095738,12.319161448201834,0.9608284532484823
ORD0095739,9.804142067412558,0.7881860889138144
ORD0095740,6.698842542509877,0.07340927936096849
ORD0095741,7.021236879276687,0.12068495149057287
ORD0095742,12.015748334841236,0.36111768309279535
ORD0095743,11.89188404009269,0.5226350739852453
ORD0095744,10.692494546177839,0.7922314757393981
ORD0095745,11.282747523100177,0.9032622531565542
ORD0095746,11.108750410865358,0.001
ORD0095747,11.130871427177537,0.001
ORD0095748,11.014144279818515,0.001
ORD0095749,11.467347279868909,0.006536090049127391
ORD0095750,10.521391196709732,0.001
ORD0095751,9.068991852522826,0.001
ORD0095752,10.08591277902419,0.001
ORD0095753,10.274994300749013,0.053885546529822526
ORD0095754,10.986698645001981,0.5332757091906806
ORD0095755,12.505563132412801,0.824444357564445
ORD0095756,9.92733372989237,0.0026321908893320338
ORD0095757,10.637850313167206,0.001
ORD0095758,15.153635066103924,0.001
ORD0095759,17.868519349578165,0.001
ORD0095760,19.16084351286998,0.001
ORD0095761,11.078670156981538,0.001
ORD0095762,13.088273973244421,0.001
ORD0095763,17.02133340499138,0.002031883784223592
ORD0095764,11.127520739252022,0.001
ORD0095765,21.106213632079264,0.001
ORD0095766,17.95064456242227,0.001
ORD0095767,17.274298534189015,0.001
ORD0095768,20.48546482719606,0.0062214227535553855
ORD0095769,22.701751340402417,0.00456898767954627
ORD0095770,14.009463539899597,0.001
ORD0095771,11.646349100210156,0.001
ORD0095772,19.485457272969086,0.21079375533245828
ORD0095773,14.659117431562658,0.001
ORD0095774,17.24185273196114,0.001
ORD0095775,69.07519031598868,0.001
ORD0095776,24.39255219555665,0.001
ORD0095777,16.37619157207799,0.986009624884443
ORD0095778,9.921703110678681,0.6520142189439111
ORD0095779,10.38734940978659,0.8224695691075233
ORD0095780,13.788128016863007,0.9973281311957589
ORD0095781,23.950065211067912,0.999
ORD0095782,21.449371531666625,0.9059200084554939
ORD0095783,13.951259243646367,0.9362626104228093
ORD0095784,12.532874183497432,0.09553803781672704
ORD0095785,12.114868287102606,0.44249813706543195
ORD0095786,12.433160028459909,0.21711973582386485
ORD0095787,12.566328963957842,0.5875694548715613
ORD0095788,22.486235605298756,0.45956979028910994
ORD0095789,16.756369595213485,0.7453647101028874
ORD0095790,12.017027740418106,0.6449076230248946
ORD0095791,38.78150161473204,0.15242335778300567
ORD0095792,18.608019205262625,0.001
ORD0095793,15.890139468317145,0.001
ORD0095794,16.067436900361404,0.0029429286976017455
ORD0095795,44.30724577057427,0.020110504311712442
ORD0095796,29.61566167802065,0.001
ORD0095797,22.96624487053456,0.5638583174204912
ORD0095798,22.520045894417272,0.0076626969893383735
ORD0095799,8.447824433397223,0.001
ORD0095800,9.337815381536792,0.001
ORD0095801,8.54482761085988,0.001
ORD0095802,8.641567889419203,0.001
ORD0095803,12.623353753997696,0.001
ORD0095804,12.736487891824353,0.007524614061653565
ORD0095805,10.281546086896725,0.001
ORD0095806,18.127215755704285,0.013696246528422473
ORD0095807,22.5494589027675,0.001
ORD0095808,22.131202074881333,0.3318189951003584
ORD0095809,9.685359498777272,0.001
ORD0095810,11.485120601711914,0.001
ORD0095811,9.179415033357822,0.002738984923477941
ORD0095812,10.958247841312001,0.001
ORD0095813,16.568575580196043,0.001
ORD0095814,12.49980738540083,0.001
ORD0095815,19.028609381121196,0.9651752022945589
ORD0095816,17.653907455296082,0.9517426069110367
ORD0095817,16.576272970153813,0.999
ORD0095818,12.219781599909796,0.7137560806220243
ORD0095819,14.59405065101817,0.001
ORD0095820,16.448525609031954,0.43780230785930196
ORD0095821,89.01077963978639,0.0024792709148971407
ORD0095822,38.72080593368639,0.001
ORD0095823,12.035668586541433,0.18272320394615982
ORD0095824,10.753755986832537,0.001
ORD0095825,15.127221502869027,0.936473227820161
ORD0095826,11.965816371102388,0.001
ORD0095827,19.44589698887948,0.001
ORD0095828,13.433968778739782,0.001
ORD0095829,7.869780445537781,0.001
ORD0095830,8.293221956922217,0.002763873540432963
ORD0095831,11.386529328772795,0.0032272439076804034
ORD0095832,12.188391189229275,0.19271755634818474
ORD0095833,16.408398100011812,0.030996653706569916
ORD0095834,17.430596041410706,0.6308792903228847
ORD0095835,14.732268920562213,0.7191565281322762
ORD0095836,13.573041920837401,0.9884036199525843
ORD0095837,19.500527481447822,0.001
ORD0095838,22.25342892901963,0.001
ORD0095839,12.548973604584534,0.951047817539789
ORD0095840,13.949543673971837,0.001
ORD0095841,13.589682293315901,0.001
ORD0095842,23.583183190968825,0.020893610205516038
ORD0095843,18.038023118408304,0.013829353133733352
ORD0095844,12.19308905433406,0.001
ORD0095845,11.262458510426232,0.001
ORD0095846,26.864487031891482,0.6385051293189834
ORD0095847,18.427908195813192,0.5742930962243772
ORD0095848,14.695406716155826,0.001439305631694113
ORD0095849,17.45500852264277,0.001
ORD0095850,14.007131021746085,0.9717397800137114
ORD0095851,11.742791705495119,0.9503933968927413
ORD0095852,18.876651858360333,0.9937484468096225
ORD0095853,19.481560454573344,0.9912822260484025
ORD0095854,9.20831461918654,0.025025224619482988
ORD0095855,8.694255126285972,0.011628824639709063
ORD0095856,13.21918448018283,0.007299261690103122
ORD0095857,12.867026786173465,0.004126653586070839
ORD0095858,13.659584948209508,0.016070246693249492
ORD0095859,12.751598408278289,0.013911903502149905
ORD0095860,21.897778664922242,0.001
ORD0095861,21.158326322976112,0.001
ORD0095862,15.519262286655245,0.17432622332665978
ORD0095863,13.149950825487442,0.0012466126840563973
ORD0095864,15.038994182118207,0.0062764188336758816
ORD0095865,14.265697243570079,0.002415329606043428
ORD0095866,20.356494730957742,0.002975363399709658
ORD0095867,18.88186239544111,0.0011106445045756994
ORD0095868,12.559580278176384,0.010902273473674775
ORD0095869,12.08451816705425,0.0010672710920545034
ORD0095870,13.487328025705988,0.004645490466866598
ORD0095871,11.422028154287693,0.001086095217679657
ORD0095872,11.645565965336669,0.06404965732951629
ORD0095873,9.97995776390379,0.0024948722090123803
ORD0095874,24.743096189102705,0.0010475949910919275
ORD0095875,10.603799130030092,0.03024200013747098
ORD0095876,11.289283830236005,0.0434374749704011
ORD0095877,14.10827194475837,0.004393650704733256
ORD0095878,13.240084587417874,0.008280550828074388
ORD0095879,10.666716488805111,0.001
ORD0095880,11.954507441678551,0.0075781381855559975
ORD0095881,9.512389908907746,0.32709434055400394
ORD0095882,12.17051804766368,0.3040052780662156
ORD0095883,13.309069880355754,0.8406061388679614
ORD0095884,9.867936185388308,0.8324495117887318
ORD0095885,6.296261860703989,0.001664045439193434
ORD0095886,6.237543415381947,0.0033519363035858394
ORD0095887,10.062049218703061,0.005189434110105628
ORD0095888,8.804959864736265,0.01988917629233149
ORD0095889,8.29591247484566,0.02457625589697842
ORD0095890,8.738715810991245,0.001
ORD0095891,8.8220409278047,0.001
ORD0095892,8.305355336765466,0.001
ORD0095893,8.086334127638626,0.001
ORD0095894,6.470416610128985,0.001
ORD0095895,6.840568294115453,0.001
ORD0095896,7.66468126274047,0.001
ORD0095897,8.442060286732215,0.001
ORD0095898,8.064221768668062,0.020629344012957098
ORD0095899,9.154171340624837,0.009100877818482496
ORD0095900,10.485711938524053,0.26477140453288217
ORD0095901,7.838341089691965,0.001
ORD0095902,7.576205120383232,0.001
ORD0095903,18.387999363377403,0.001
ORD0095904,12.382631588150439,0.001
ORD0095905,21.44768975079547,0.001
ORD0095906,23.54877380094136,0.001
ORD0095907,7.667996143465449,0.001
ORD0095908,9.983434896349172,0.002613230881560254
ORD0095909,9.889654466885345,0.001
ORD0095910,16.293053700353145,0.001
ORD0095911,13.841673246341399,0.0014349124494948853
ORD0095912,15.604570040185742,0.001
ORD0095913,16.72103926846956,0.04099798578889267
ORD0095914,15.431392187998016,0.001
ORD0095915,9.892544127925161,0.001
ORD0095916,9.526687258869394,0.001
ORD0095917,13.709599820887059,0.6388531187998789
ORD0095918,15.945098378159603,0.001
ORD0095919,12.796069021813228,0.001
ORD0095920,14.69557802240337,0.2509959828390603
ORD0095921,13.967548685200692,0.3408147138878119
ORD0095922,6.885904191399644,0.040112494248823426
ORD0095923,6.540278378533117,0.060118738807753466
ORD0095924,10.387148728531034,0.4925853710082383
ORD0095925,9.220131130293288,0.6974062620862357
ORD0095926,20.781484801126407,0.8483420248330773
ORD0095927,20.218654465738897,0.9406722539950818
ORD0095928,12.613206374920939,0.08073601752184094
ORD0095929,9.667045083653383,0.13784501594854495
ORD0095930,15.714380726963547,0.2726971209103132
ORD0095931,10.08845395909399,0.38947501476469254
ORD0095932,18.46514148247353,0.37982573907401396
ORD0095933,14.851157884714246,0.5254152879714418
ORD0095934,11.848757168143011,0.589552761414139
ORD0095935,11.170993050727017,0.7241827691668089
ORD0095936,11.70362430712575,0.001
ORD0095937,11.94903856159753,0.006156620096456343
ORD0095938,10.989119752402976,0.001
ORD0095939,30.306788287348407,0.0013175306749787694
ORD0095940,15.199263478337203,0.00821026183054717
ORD0095941,9.519107697334764,0.001
ORD0095942,10.389895047796035,0.001
ORD0095943,10.634772203612059,0.04213496782961551
ORD0095944,14.352727606575428,0.019817602250416892
ORD0095945,12.589105551941541,0.001
ORD0095946,12.490445448657034,0.001
ORD0095947,10.499419335300367,0.001
ORD0095948,15.857508021636852,0.005197375831365288
ORD0095949,13.517547532853188,0.001
ORD0095950,26.75656030257875,0.044443892208542404
ORD0095951,27.999745288686075,0.7617290240584145
ORD0095952,17.16412090916892,0.004248979585936377
ORD0095953,13.264964351836275,0.001
ORD0095954,10.081598334281926,0.001
ORD0095955,13.986362547957954,0.001
ORD0095956,23.408552761582627,0.9903019314865278
ORD0095957,12.94592677857705,0.0036300319551824042
ORD0095958,13.410379751441193,0.001
ORD0095959,13.986932913012899,0.08868207364506338
ORD0095960,18.89229383446906,0.001
ORD0095961,18.210007160443272,0.001
ORD0095962,12.297530167100287,0.0016291791149239075
ORD0095963,23.391423913227843,0.9980340255880235
ORD0095964,11.60872625687798,0.001
ORD0095965,11.7173145605032,0.001
ORD0095966,13.38901847455666,0.001
ORD0095967,20.852873789795474,0.001
ORD0095968,9.399858204552558,0.0022706463337698697
ORD0095969,7.510053408676732,0.001
ORD0095970,13.385808829722672,0.02819212115375517
ORD0095971,21.982656958130153,0.4035536460587421
ORD0095972,17.314862852577317,0.9763611396017577
ORD0095973,17.062581409682995,0.001
ORD0095974,24.62055760805782,0.0013906521293992088
ORD0095975,24.869442502529022,0.001
ORD0095976,13.001030922379258,0.001
ORD0095977,11.763704040282114,0.0013498494176323451
ORD0095978,13.606323962174303,0.001
ORD0095979,72.33060221237308,0.0017766822034366598
ORD0095980,76.19079646821743,0.014001053378639262
ORD0095981,22.35539689876776,0.001
ORD0095982,20.478484397781717,0.008437163466105495
ORD0095983,23.72027360323981,0.001
ORD0095984,12.652487580162914,0.001
ORD0095985,12.913153054163299,0.001
ORD0095986,22.22794383201237,0.19495113902100386
ORD0095987,19.1231375593097,0.0011695945511725936
ORD0095988,17.471154890748394,0.001
ORD0095989,13.995553237653132,0.881210896605341
ORD0095990,18.31194233791959,0.986635202251283
ORD0095991,9.654602622523416,0.010911832591646594
ORD0095992,55.05907795768676,0.001
ORD0095993,13.113098666002855,0.07552635543485758
ORD0095994,13.360719124876452,0.05431192859096523
ORD0095995,17.21933897909756,0.37593897782943414
ORD0095996,15.363486175453986,0.2881574942483419
ORD0095997,28.434990080350087,0.0015076318227081748
ORD0095998,27.55401129166103,0.0019876259948578773
ORD0095999,16.376818017892305,0.7412607475957649
ORD0096000,18.286718454313863,0.6657891803696161
ORD0096001,18.272048797474,0.007892219349721076
ORD0096002,20.041936509510794,0.005606224026008159
ORD0096003,20.19285781483663,0.0867625293662646
ORD0096004,14.723602182007172,0.026709938380150483
ORD0096005,24.418125533456468,0.0020181466755015013
ORD0096006,15.60705708575867,0.00399925352011482
ORD0096007,12.666244214309598,0.0031504357283870395
ORD0096008,11.588522217554472,0.012456554645385993
ORD0096009,9.684081001635933,0.005698931320074573
ORD0096010,15.303015598832447,0.0023461845226557315
ORD0096011,14.23250780453143,0.9065469598137555
ORD0096012,11.72041948905438,0.001
ORD0096013,9.534076507856764,0.0332292293960214
ORD0096014,9.414515347140831,0.0020265252105798335
ORD0096015,10.74684252416739,0.2558213057678859
ORD0096016,8.66496383826695,0.006579075310945629
ORD0096017,7.50060976660646,0.002582186515651379
ORD0096018,7.885436756334109,0.00633146437827672
ORD0096019,11.267817475593308,0.007675108749849999
ORD0096020,9.366291859141457,0.041212385509635956
ORD0096021,9.230739869620916,0.02984691276472299
ORD0096022,11.451695414053862,0.001648075302422694
ORD0096023,10.931722642685802,0.001
ORD0096024,11.149358733723373,0.001
ORD0096025,10.326653111591538,0.022942618293920018
ORD0096026,9.37195550757541,0.001
ORD0096027,10.899692372323592,0.3871992737633965
ORD0096028,11.242804015292425,0.001
ORD0096029,11.24634511898925,0.9409978834011492
ORD0096030,10.218685378637868,0.001
ORD0096031,13.88588522756326,0.9895576967818022
ORD0096032,9.992029574749672,0.001
ORD0096033,10.675933594769747,0.001
ORD0096034,10.021817458956702,0.001
ORD0096035,14.752820001688248,0.001
ORD0096036,14.582700465281123,0.859625996363242
ORD0096037,18.715658108150574,0.001
ORD0096038,30.940905845256758,0.5766184237030803
ORD0096039,11.928074203770212,0.001
ORD0096040,12.136155771083207,0.002366403308998512
ORD0096041,14.318084360915437,0.9979832238631842
ORD0096042,19.662790784645267,0.001
ORD0096043,16.838578961243826,0.001
ORD0096044,16.363265945584548,0.0014046518473154975
ORD0096045,21.53226369265297,0.018327560865330397
ORD0096046,11.07287244515506,0.001
ORD0096047,11.428624150125543,0.001
ORD0096048,19.441328065964463,0.5812912201016556
ORD0096049,17.883429511782563,0.07356402889896939
ORD0096050,14.813191209465915,0.001
ORD0096051,15.775359842459489,0.001
ORD0096052,19.984223110945976,0.400928325322553
ORD0096053,16.861187798317125,0.07341426540897669
ORD0096054,9.009874252158323,0.0639795882217451
ORD0096055,9.525923127188186,0.038389446567859975
ORD0096056,11.711799246934241,0.7636765894175903
ORD0096057,12.98603010751828,0.33915768579404454
ORD0096058,23.12304056620618,0.9590508626221578
ORD0096059,21.674872436392327,0.5837666875216332
ORD0096060,12.824442618690467,0.2298860742468268
ORD0096061,13.584765338729353,0.18210924490534505
ORD0096062,11.933885414894842,0.20215728576802197
ORD0096063,11.857342124703354,0.34427342614381373
ORD0096064,12.25783895480158,0.32444394109017133
ORD0096065,23.60812386590085,0.09386743451127912
ORD0096066,22.520063385642068,0.4036720079264032
ORD0096067,14.62665050053805,0.19549834232868998
ORD0096068,12.292618635213469,0.5469650471200617
ORD0096069,17.22218187174896,0.001
ORD0096070,13.261612885297229,0.001
ORD0096071,14.956198877507935,0.001
ORD0096072,13.088097396548308,0.0020874800380299616
ORD0096073,32.475197759713055,0.004509329802977687
ORD0096074,21.153930770955043,0.04344932840642091
ORD0096075,19.669684700772837,0.01963789172209124
ORD0096076,35.98572453748162,0.0010077434793797592
ORD0096077,10.651086853188406,0.001
ORD0096078,12.700983784645501,0.013760850531525325
ORD0096079,11.169640125969364,0.001
ORD0096080,13.301762473172927,0.9451873458667075
ORD0096081,15.022233926527194,0.001
ORD0096082,17.96949462332492,0.9593042878540974
ORD0096083,15.15307729639094,0.001
ORD0096084,14.157929797245552,0.009205110197757547
ORD0096085,16.11387209046778,0.004685501539823599
ORD0096086,13.010942358354553,0.001
ORD0096087,27.10047710525825,0.021175498887460568
ORD0096088,28.71520314446931,0.3247845349029785
ORD0096089,33.23542290874199,0.2244250332011417
ORD0096090,16.850627383103433,0.001
ORD0096091,14.189557969659573,0.001
ORD0096092,11.937709220388703,0.001
ORD0096093,13.353856250564014,0.005773153820946395
ORD0096094,20.728460417784,0.001
ORD0096095,21.271534272129205,0.001
ORD0096096,15.673352777881764,0.001
ORD0096097,21.883871583588338,0.97303909170378
ORD0096098,15.793439660870565,0.001
ORD0096099,21.18640891076589,0.001
ORD0096100,14.637862726905219,0.001
ORD0096101,17.82989106320518,0.0026829788731282138
ORD0096102,25.757755117739872,0.9975772225999998
ORD0096103,76.72867046478132,0.013450047199912125
ORD0096104,62.47301717527255,0.010385267351886513
ORD0096105,66.41537324136483,0.0033877653237652725
ORD0096106,66.66874322986662,0.007748340393315059
ORD0096107,29.540186045857492,0.001
ORD0096108,63.68839554892616,0.001
ORD0096109,14.81009383944859,0.001
ORD0096110,13.514455297804219,0.001
ORD0096111,13.625572822922761,0.001
ORD0096112,14.301052874732877,0.0042008403711004255
ORD0096113,25.689707413902102,0.001
ORD0096114,19.981798370117,0.001
ORD0096115,12.781140768147191,0.001
ORD0096116,16.119473152992757,0.007584299302127205
ORD0096117,23.50735184717385,0.11328190119375732
ORD0096118,22.281207558108985,0.09420450042805058
ORD0096119,21.75329315671861,0.964691558532212
ORD0096120,30.639901734080134,0.001
ORD0096121,16.81159590541447,0.9905385861926514
ORD0096122,18.65868038150678,0.914036039690747
ORD0096123,14.488976111585119,0.001
ORD0096124,19.0847279839462,0.001
ORD0096125,30.869269942539006,0.018014382604124808
ORD0096126,15.107385102141551,0.001
ORD0096127,15.846637926007855,0.001
ORD0096128,27.13069422287276,0.7449303755102562
ORD0096129,22.183232397847917,0.1892966271466035
ORD0096130,21.92142341945519,0.0014005031023361684
ORD0096131,19.43208559449582,0.004234818542972971
ORD0096132,19.038208017773584,0.9855935026883623
ORD0096133,25.174321137303906,0.9988510991905336
ORD0096134,20.41148599719946,0.8822746112835503
ORD0096135,11.668051912335802,0.022230369389898513
ORD0096136,11.114758325962601,0.12471833247277817
ORD0096137,15.500659790955533,0.02387351847907131
ORD0096138,15.869666464675216,0.0789962581289779
ORD0096139,19.548911809464983,0.2478367453951933
ORD0096140,18.14373847801885,0.22171081411479668
ORD0096141,30.620380869354577,0.001
ORD0096142,26.21587439360311,0.001
ORD0096143,19.273287131284402,0.7566690575155733
ORD0096144,22.165179011178303,0.8764926883328276
ORD0096145,24.845666787137116,0.0012715810594500063
ORD0096146,21.091257924694027,0.003629893101233022
ORD0096147,17.499894053841643,0.02281186735861733
ORD0096148,18.25976637842903,0.06512540624688849
ORD0096149,25.861486757299865,0.07127830485122469
ORD0096150,29.950348082026597,0.09403600967457229
ORD0096151,16.34315328702224,0.3040917104897282
ORD0096152,19.72312715779297,0.26113909119451656
ORD0096153,20.591670153283285,0.018260804602190647
ORD0096154,15.787377625041312,0.03892824413150275
ORD0096155,17.11080512533492,0.7266715740330382
ORD0096156,15.002287337500258,0.6484403059187599
ORD0096157,14.778590135517932,0.01647197748439299
ORD0096158,18.907577305156,0.7081753131170776
ORD0096159,20.791846956956604,0.0024677568553774813
ORD0096160,21.07668475835677,0.19146474145489512
ORD0096161,15.461321150313394,0.2042215312652534
ORD0096162,14.239691559292032,0.02408750579385575
ORD0096163,13.792231414898684,0.21016433528063475
ORD0096164,14.164166541858428,0.6748977234492483
ORD0096165,9.023400819449787,0.006880893444513811
ORD0096166,11.321501809808552,0.12189816097280484
ORD0096167,15.193572092702345,0.04932628515458643
ORD0096168,17.224019958327162,0.8201712210996603
ORD0096169,12.146469143059546,0.33167975298301905
ORD0096170,12.360343175715814,0.001
ORD0096171,11.199194923884521,0.001
ORD0096172,12.72155374724791,0.001
ORD0096173,12.432533991630535,0.001
ORD0096174,11.346368003718489,0.0033368239787849737
ORD0096175,12.374508520112878,0.001
ORD0096176,9.597994628898169,0.001
ORD0096177,10.538671094757223,0.001
ORD0096178,11.661779780473884,0.04510210910553262
ORD0096179,10.931127684929326,0.001
ORD0096180,11.524175166037555,0.4218919758914784
ORD0096181,10.349200781212403,0.0018024778610310314
ORD0096182,13.30406449584211,0.8342510315554096
ORD0096183,11.793927857582354,0.0070295630151362256
ORD0096184,10.572735302550864,0.001
ORD0096185,19.980664381417938,0.001
ORD0096186,20.49292813833639,0.001
ORD0096187,24.308659514137563,0.001
ORD0096188,11.058494378489124,0.001
ORD0096189,18.540114573792174,0.0030623106551432014
ORD0096190,12.462646141213702,0.001
ORD0096191,27.04572680478559,0.001
ORD0096192,54.848773635748394,0.004535284360605172
ORD0096193,53.77178593157477,0.3176692009597364
ORD0096194,73.45184019411002,0.001
ORD0096195,62.156293752329226,0.001
ORD0096196,84.22163875231522,0.001
ORD0096197,22.02981968928458,0.001
ORD0096198,19.34218706691989,0.001
ORD0096199,19.041920362513363,0.0016297140466982878
ORD0096200,21.967203024005897,0.004960768819932502
ORD0096201,23.888859498410245,0.051347626931305214
ORD0096202,14.475889095372573,0.001
ORD0096203,20.89471197399874,0.8179356142681715
ORD0096204,22.061479028625545,0.29749119960763787
ORD0096205,17.901717413186546,0.001
ORD0096206,21.635523193566865,0.21683217056569298
ORD0096207,11.561808177285178,0.02329479064952402
ORD0096208,14.901387960928357,0.48529288223395345
ORD0096209,12.308314021186867,0.15524040449471138
ORD0096210,27.666770330050326,0.8024414178744829
ORD0096211,20.623679181783256,0.36896931255471516
ORD0096212,16.34662416963771,0.06385832665019635
ORD0096213,14.96106051606515,0.05805326204794751
ORD0096214,13.900439755374546,0.3181888005243237
ORD0096215,13.143201390460016,0.1017250926685069
ORD0096216,13.885161029685205,0.5900094479012515
ORD0096217,12.115108551098302,0.23985686809639764
ORD0096218,30.651154458314956,0.3439291489021007
ORD0096219,15.558446386714687,0.5023086336281493
ORD0096220,12.957727926745488,0.2819160385818817
ORD0096221,18.411543737347266,0.001
ORD0096222,17.217058396485346,0.0018530867510216163
ORD0096223,16.206070742670054,0.001
ORD0096224,40.56493607211897,0.011670997742696228
ORD0096225,40.765432039316394,0.001
ORD0096226,25.841475250736035,0.22924898309054767
ORD0096227,23.051415113198036,0.002705573964273453
ORD0096228,11.52961234362669,0.001
ORD0096229,10.914461667814606,0.001
ORD0096230,13.54274315494432,0.04601358415714031
ORD0096231,10.320663719480663,0.001
ORD0096232,16.563936116851817,0.014635611237186413
ORD0096233,14.124147317571936,0.001
ORD0096234,16.626160323247674,0.001
ORD0096235,13.958023983680313,0.0021037192766502157
ORD0096236,19.08095364844699,0.0023188343044027735
ORD0096237,17.365276966616225,0.001
ORD0096238,24.35426675733179,0.011167836813460985
ORD0096239,36.251864020733564,0.4110049402602467
ORD0096240,30.62625940548176,0.259054182069983
ORD0096241,17.29565014049417,0.001
ORD0096242,12.056546783728317,0.001
ORD0096243,13.594343209868912,0.001
ORD0096244,12.313050826626158,0.0012862051411388201
ORD0096245,17.358501561448186,0.001
ORD0096246,19.100661405717403,0.011359752050767452
ORD0096247,20.30533455050771,0.9479647965474192
ORD0096248,21.444641852952053,0.001
ORD0096249,17.229919613254012,0.001
ORD0096250,20.694970393272627,0.06897485515078108
ORD0096251,95.77167811848076,0.03769616795405035
ORD0096252,74.0410918105863,0.003709095070043447
ORD0096253,56.91557810618837,0.0018943104359927978
ORD0096254,17.173720202183958,0.0013502477607556826
ORD0096255,19.016656368301728,0.010209298040070557
ORD0096256,13.147149276665113,0.001
ORD0096257,27.141636609390034,0.001
ORD0096258,11.733169854623087,0.018272791604698427
ORD0096259,10.927039933685002,0.0023116895774090555
ORD0096260,18.551041129124975,0.45131278994585344
ORD0096261,15.759843579110006,0.022167213457919013
ORD0096262,21.94539067366732,0.27558347134485345
ORD0096263,30.80601204604479,0.6072026004713653
ORD0096264,21.745118113579192,0.98059658964804
ORD0096265,40.378399595926275,0.0020318978388862803
ORD0096266,37.936612126477364,0.001
ORD0096267,17.3535220083685,0.9944728223149948
ORD0096268,16.693545616438357,0.001
ORD0096269,17.886116158539522,0.001
ORD0096270,32.61258338415914,0.029659224883850914
ORD0096271,18.13268752769353,0.001
ORD0096272,33.98858500158709,0.782767449492143
ORD0096273,21.269098189419275,0.001
ORD0096274,20.98460380988182,0.001
ORD0096275,19.790196192307313,0.9879119753789292
ORD0096276,13.355873428291504,0.01100408913446302
ORD0096277,24.002841254671598,0.9988904477842174
ORD0096278,15.798107868914954,0.030529184716425285
ORD0096279,13.882669400673542,0.0023341926511046846
ORD0096280,15.679805677055919,0.008201192099810312
ORD0096281,18.896927038505876,0.046540543484183045
ORD0096282,37.624493411923524,0.001
ORD0096283,18.339488835333313,0.22539614724771034
ORD0096284,18.278845020905468,0.00112774747338844
ORD0096285,20.87661329086636,0.001
ORD0096286,35.26266210528587,0.001
ORD0096287,19.905544202920087,0.0050474309821900735
ORD0096288,55.88757338180184,0.04062620982561004
ORD0096289,52.754837107655824,0.0017981911960462422
ORD0096290,35.1572761932874,0.9683922176457391
ORD0096291,18.50869561635217,0.9920384478031989
ORD0096292,21.10981550746664,0.11950187843729716
ORD0096293,23.513082239625692,0.8598387959495291
ORD0096294,19.52963376984316,0.9982257688539468
ORD0096295,18.214750174482266,0.5399948935009447
ORD0096296,52.47143011168396,0.015400927408063222
ORD0096297,29.399823471911013,0.007822863156266267
ORD0096298,13.463457263556183,0.008911766535937872
ORD0096299,17.387316758231048,0.5124713489227011
ORD0096300,17.37018743325742,0.001
ORD0096301,19.71472722144538,0.052554977470446775
ORD0096302,17.429355691039763,0.0027253813976890057
ORD0096303,16.510176337616677,0.007112234811347097
ORD0096304,13.23377079850012,0.05707469742638003
ORD0096305,16.227021659210866,0.46582690440524444
ORD0096306,25.774970813541934,0.0015351901408904415
ORD0096307,48.80886134099945,0.0014669708134743087
ORD0096308,37.70914456170649,0.001
ORD0096309,9.84685338453661,0.013518555020108763
ORD0096310,15.700387790408621,0.07196461594635632
ORD0096311,17.26123832156809,0.09128408559963058
ORD0096312,12.139342414778136,0.31916063732521094
ORD0096313,10.478543870049963,0.001
ORD0096314,10.416860896269363,0.010346317602312263
ORD0096315,11.702248087275356,0.001
ORD0096316,11.461575125002218,0.001
ORD0096317,10.107149866237508,0.001
ORD0096318,8.840149918357817,0.001
ORD0096319,9.944285827969738,0.001
ORD0096320,11.033003262399706,0.2878555809862432
ORD0096321,9.739747854489154,0.012674742792747815
ORD0096322,11.686490088479431,0.21070875680865447
ORD0096323,11.05207884316397,0.9013642446759856
ORD0096324,9.313211463026308,0.0024078226970402185
ORD0096325,9.579411760793857,0.001
ORD0096326,17.05623706104405,0.00331356952188943
ORD0096327,17.69695646100616,0.001
ORD0096328,24.28927305523504,0.001
ORD0096329,25.055495527900057,0.001
ORD0096330,12.829026489524052,0.031087883019332307
ORD0096331,12.14603885612517,0.0012525636319105306
ORD0096332,19.80837040542746,0.6959997615156291
ORD0096333,20.344359364866467,0.02577128512879285
ORD0096334,18.976146426478014,0.001
ORD0096335,26.811490809363654,0.4408282419813652
ORD0096336,24.556878539709192,0.9806039309318308
ORD0096337,21.80964083025614,0.033503794006800945
ORD0096338,15.637940118316239,0.001
ORD0096339,19.58613600041683,0.9976109310482405
ORD0096340,16.554873532401242,0.0012393523848814698
ORD0096341,18.02824454469887,0.001
ORD0096342,21.120214061472158,0.6610968268121913
ORD0096343,16.547992382054126,0.003332456637117796
ORD0096344,10.0298426377802,0.08143943981869159
ORD0096345,16.558517421695534,0.9438704029964254
ORD0096346,23.083774215701048,0.9950843373250263
ORD0096347,21.68561320944976,0.03408757697920091
ORD0096348,17.26380745406625,0.2815136160213044
ORD0096349,15.482041059370887,0.28217785336211176
ORD0096350,14.775232057867372,0.500170535710771
ORD0096351,12.149585167776891,0.2683269805952541
ORD0096352,22.67247654912987,0.32813387035460045
ORD0096353,17.81828013613983,0.11872252625055849
ORD0096354,16.258443743241,0.5246473684733715
ORD0096355,86.3966015532688,0.1524311211495708
ORD0096356,18.34098445530602,0.005891186243944718
ORD0096357,14.496641165938927,0.006677564680430839
ORD0096358,17.789018051467494,0.2859882133056622
ORD0096359,16.609592766058864,0.11520425612995507
ORD0096360,49.62605117765244,0.9774355838858803
ORD0096361,65.0417590969653,0.8948596084241215
ORD0096362,27.874767676933228,0.9957704766393451
ORD0096363,27.843508987999964,0.9801653200867383
ORD0096364,12.435283930167524,0.8611051665537867
ORD0096365,13.319285120645926,0.999
ORD0096366,11.549440587967919,0.010886519280253085
ORD0096367,18.610244708870084,0.999
ORD0096368,12.261409839124502,0.0010317023393284705
ORD0096369,16.659176880272167,0.02103490888524728
ORD0096371,18.791370978674177,0.2256002440814294
ORD0096373,26.334443779184106,0.9472103478994031
ORD0096374,18.294470063484653,0.0012768849380153087
ORD0096375,39.1808509180222,0.9978706749869717
ORD0096376,28.413928968297622,0.013104864732312899
ORD0096377,16.645334001871152,0.001
ORD0096378,15.959719731717849,0.002601097896891458
ORD0096380,16.88427634089105,0.001
ORD0096382,21.81196552761342,0.843603086733561
ORD0096383,17.762308090940166,0.9943947307188086
ORD0096385,18.952342071256307,0.004324536901956477
ORD0096386,15.672668995517288,0.001
ORD0096387,19.587219849974318,0.9984363032346742
ORD0096389,12.801676974855177,0.001
ORD0096390,11.56824893263475,0.001
ORD0096391,10.8278375993818,0.001
ORD0096392,20.778448658392154,0.001
ORD0096393,20.49269035882442,0.001
ORD0096394,10.71952750387995,0.001
ORD0096395,14.096512448882528,0.08279218431448371
ORD0096396,14.92343409282657,0.0034921571969202857
ORD0096397,14.348010852662702,0.0033281810713777864
ORD0096398,16.384059806956703,0.004365272883948293
ORD0096399,16.689747133485845,0.058404932465911163
ORD0096400,21.666396002950627,0.9447350117366309
ORD0096401,35.02151210866942,0.001
ORD0096402,46.11783422893519,0.009688593621593123
ORD0096403,13.337829820363543,0.4809186280566432
ORD0096404,13.577695152322198,0.03685596346797716
ORD0096405,13.65082332451208,0.001
ORD0096406,15.951328473849866,0.001
ORD0096407,72.56184100192054,0.001
ORD0096408,26.340036617506083,0.25913143636163294
ORD0096409,27.428680031324458,0.9401723360898959
ORD0096410,15.695215980454268,0.001
ORD0096411,16.083847894964038,0.014843550382379247
ORD0096412,35.934983400687294,0.9697709382096444
ORD0096413,19.18896957870384,0.006335708505966625
ORD0096414,16.362468351759208,0.9964827182605536
ORD0096415,15.188213199331873,0.9939814330746742
ORD0096416,21.257046174085325,0.999
ORD0096417,23.033628364474204,0.999
ORD0096418,11.32910631567339,0.11050021016769271
ORD0096419,12.437781113276586,0.6894303612966027
ORD0096420,15.477377442510699,0.5495129922312894
ORD0096421,19.764368481700025,0.9086200295897336
ORD0096422,31.060283539073303,0.0018096900794206615
ORD0096423,27.959542504526617,0.006049331394626852
ORD0096424,20.06951975813117,0.988214935686309
ORD0096425,22.42578849286036,0.022101608944187914
ORD0096426,18.392080074066357,0.4298992192224776
ORD0096427,19.91699491749722,0.14593224517600942
ORD0096428,23.657284354577776,0.007515016454153608
ORD0096429,27.245349849448193,0.9415703514751351
ORD0096430,17.922614338172036,0.023162734710289925
ORD0096431,18.211261958054113,0.9854925275531328
ORD0096432,17.916394843332764,0.0019568586931168813
ORD0096433,14.940111393000508,0.6346594514136763
ORD0096434,14.419130870798327,0.15207245736229436
ORD0096435,12.708641547490751,0.21719587443845562
ORD0096436,11.747019988889368,0.00387065091080543
ORD0096437,18.84439418583379,0.039042005042424215
ORD0096438,20.374092850579718,0.001
ORD0096439,15.84171800655688,0.013925616319474499
ORD0096440,11.525456621626578,0.001
ORD0096441,10.954560771553028,0.009476813301582416
ORD0096442,11.70825719253879,0.5874977400507273
ORD0096443,10.822085761461508,0.0749646901416325
ORD0096444,31.554759804858975,0.00413769567686929
ORD0096445,7.202054580942673,0.005384719997196681
ORD0096446,14.331664596746192,0.020845681089847655
ORD0096447,17.533511324459376,0.7388894593112927
ORD0096448,11.066785232533565,0.18785019040436784
ORD0096449,13.882212837364408,0.9773384970991177
ORD0096450,14.555862544732472,0.001
ORD0096451,11.48509621550996,0.11760698098871351
ORD0096452,13.499523411851248,0.001
ORD0096453,12.617098810623318,0.001
ORD0096454,12.407490008306938,0.001
ORD0096455,12.929460465445148,0.7407306147036
ORD0096456,10.531032076053275,0.001
ORD0096457,10.097060237237027,0.001
ORD0096458,11.427230118335993,0.001
ORD0096459,12.121303694184668,0.010939499413429194
ORD0096460,11.873608850337659,0.9914847829024224
ORD0096461,10.713411987718645,0.21794127883723524
ORD0096462,10.306839260059684,0.004793598652987523
ORD0096463,11.357478081020162,0.008660349046759224
ORD0096464,17.94533324731641,0.001748689583231822
ORD0096465,23.77313958462371,0.001
ORD0096466,12.802737509181854,0.031854486476856306
ORD0096467,15.577000960429528,0.9868878428987335
ORD0096468,22.26873134830764,0.6467466315905169
ORD0096469,15.6697239488485,0.9974022824202329
ORD0096470,20.90836686093263,0.0058851989297968475
ORD0096471,21.089812171052582,0.02417875354689972
ORD0096472,19.231916477086653,0.1135462727033379
ORD0096473,22.37182106762997,0.6997702495368899
ORD0096474,23.08880363930635,0.8677037948878136
ORD0096475,24.626403698137292,0.9850469434761736
ORD0096476,15.383528132244352,0.001
ORD0096477,12.388205180205748,0.001
ORD0096478,25.051932141735758,0.9939655396388227
ORD0096479,24.195020229910263,0.999
ORD0096480,16.32135226137092,0.001
ORD0096481,16.599917001934365,0.003403056703069702
ORD0096482,26.860334095504793,0.001
ORD0096483,18.054706988267252,0.39589461668887366
ORD0096484,17.308540626788826,0.5791175060386775
ORD0096485,10.117470334947923,0.044254388240686074
ORD0096486,9.134005942217199,0.045800823785255865
ORD0096487,15.059899783213952,0.7987637337325467
ORD0096488,15.935412319083449,0.9202132512560883
ORD0096489,27.60475981324708,0.9830387093395411
ORD0096490,14.856754921275368,0.22473785496717072
ORD0096491,13.38847882575391,0.15558158775322717
ORD0096492,27.6668256689258,0.013371348667441624
ORD0096493,15.396958795780535,0.26150084569465293
ORD0096494,14.782619344022432,0.9099723939022745
ORD0096495,13.660670303040723,0.58487116882519
ORD0096496,29.448906102965022,0.3111432499484192
ORD0096497,22.660700135450405,0.6083068520817992
ORD0096498,16.70175292319802,0.6510690589891017
ORD0096499,16.668694078501144,0.001
ORD0096500,19.540997100986228,0.003578050506783813
ORD0096501,15.219943768404194,0.001
ORD0096502,57.022365361975446,0.07361782337466269
ORD0096503,38.30804666338752,0.001
ORD0096504,24.545141646622646,0.7518190648731118
ORD0096505,9.21149512877619,0.001
ORD0096506,10.062648205694915,0.005526565703521139
ORD0096507,13.452368947141998,0.0013852984846974823
ORD0096508,15.127086555995346,0.001
ORD0096509,13.00300594036301,0.001
ORD0096510,21.08888717398092,0.0026991622772853897
ORD0096511,17.67112454071529,0.001
ORD0096512,35.562297860950515,0.06216442820654404
ORD0096513,22.21112021835857,0.1579459734221181
ORD0096514,14.153798862813606,0.001
ORD0096515,15.769021554629497,0.001
ORD0096516,11.020169928521081,0.001
ORD0096517,14.352058133022638,0.001
ORD0096518,16.471554686609345,0.001
ORD0096519,17.568560704544137,0.004803402766088734
ORD0096520,21.796501276649796,0.9947774562627902
ORD0096521,13.791701909029246,0.022043129274123052
ORD0096522,20.365757642477462,0.999
ORD0096523,18.627065588439475,0.001
ORD0096524,14.832944960713942,0.21826552817725053
ORD0096525,23.888969728587963,0.8623375085516939
ORD0096526,14.84042713661252,0.001
ORD0096527,13.254991962147662,0.001
ORD0096528,13.694695372850216,0.001029736780268287
ORD0096529,22.234323851750776,0.001
ORD0096530,17.21902774660177,0.001
ORD0096531,9.85720279943647,0.001
ORD0096532,13.994616381455716,0.004993433173156667
ORD0096533,14.266721233068164,0.001
ORD0096534,16.634731007760287,0.005945132903908715
ORD0096535,18.2278994898916,0.0020826259309447677
ORD0096536,16.171144222590083,0.12214064170086006
ORD0096537,15.700998660271205,0.03708934104259685
ORD0096538,26.61819666566555,0.001
ORD0096539,12.433826038849126,0.5937984282804853
ORD0096540,12.968062703692919,0.3370499070571019
ORD0096541,14.219784547140351,0.001
ORD0096542,28.791410870728114,0.0035561639984415415
ORD0096543,18.407187557340873,0.0036222142308128696
ORD0096544,14.254369185858943,0.001
ORD0096545,30.81048651876542,0.1411063548215292
ORD0096546,16.21173323598554,0.1690367928462036
ORD0096547,16.460476284273913,0.001
ORD0096548,20.46359330471984,0.001
ORD0096549,15.56356341506384,0.8648787201778644
ORD0096550,14.75975674751335,0.9082603991573809
ORD0096551,17.919028851586667,0.9854450453393937
ORD0096552,18.744717818887356,0.9953586789297668
ORD0096553,9.73996314442685,0.004225713438605396
ORD0096554,22.053536473354658,0.001
ORD0096555,22.56502927158279,0.0019145395460003893
ORD0096556,14.2253971578924,0.019535832707768187
ORD0096557,13.417712791655347,0.0018590372677382966
ORD0096558,14.962859069097165,0.03589016380605778
ORD0096559,13.623417651692973,0.005303807266907487
ORD0096560,23.966415583318586,0.001
ORD0096561,15.285664650201278,0.22835486974443203
ORD0096562,15.408884813993469,0.019132841503616698
ORD0096563,22.75842762269355,0.00342482310048218
ORD0096564,18.640672856758602,0.001
ORD0096565,15.969425537668458,0.015248646976464294
ORD0096566,18.186094896129905,0.052416614942792886
ORD0096567,20.058718329888894,0.002292285983824101
ORD0096568,14.948658475650454,0.3524120645345528
ORD0096569,13.413753303627006,0.00805157878778939
ORD0096570,12.465307356270046,0.001
ORD0096571,14.517785816967814,0.8869638805201279
ORD0096572,11.72981667867696,0.005118442329832487
ORD0096573,11.44138826106571,0.039768664875587514
ORD0096574,14.87010533814381,0.004225465541591052
ORD0096575,13.057438204765077,0.23455547686020656
ORD0096576,14.020503604437074,0.35096736308011206
ORD0096577,9.186492694052319,0.001
ORD0096578,14.220839654974498,0.9341409858411411
ORD0096579,9.528612230501377,0.001
ORD0096580,7.104899586064076,0.007806105993593933
ORD0096581,8.68988754028805,0.06947839308879436
ORD0096582,13.032617900140373,0.031950416005397726
ORD0096583,11.330183487916528,0.3324890375623631
ORD0096584,10.141491095986906,0.2231123543558033
ORD0096585,11.13456317028208,0.9052508506185543
ORD0096586,13.165181878159993,0.6333983936233677
ORD0096587,11.413612593691134,0.001
ORD0096588,11.342789387689162,0.001
ORD0096589,11.623340177125288,0.987283795176426
ORD0096590,11.464903011024923,0.0020239055465687034
ORD0096591,10.171196944878947,0.004139169280833045
ORD0096592,10.505419575032889,0.001
ORD0096593,12.225283324298639,0.997562701879749
ORD0096594,11.356241538230966,0.998344611049443
ORD0096595,14.04085311859094,0.999
ORD0096596,10.38327901910496,0.00842073864981712
ORD0096597,11.436858518316248,0.07872543500116605
ORD0096598,15.802794761407066,0.0026642975725881617
ORD0096599,24.173015336204372,0.001
ORD0096600,25.626411245211024,0.5854083002685136
ORD0096601,10.759492169135724,0.011051978746883243
ORD0096602,14.582201792992592,0.9696091272157397
ORD0096603,14.982004993514462,0.1257167549991135
ORD0096604,13.348909232660647,0.9978996527876504
ORD0096605,20.458968803186767,0.001
ORD0096606,19.794543402357267,0.001
ORD0096607,18.820746999318263,0.001
ORD0096608,21.347813721278825,0.008792735966276428
ORD0096609,17.889825287239447,0.004391806091969435
ORD0096610,15.637022773823722,0.001
ORD0096611,11.364352693066843,0.001
ORD0096612,17.215326384655103,0.19878223341530066
ORD0096613,16.774004390061418,0.001
ORD0096614,15.729844358412198,0.001
ORD0096615,71.60571547722672,0.001
ORD0096616,24.108426594134745,0.001
ORD0096617,21.300382551150655,0.9542585783179227
ORD0096618,10.057105060581943,0.6363297686031
ORD0096619,10.154397471558905,0.7926081675742893
ORD0096620,14.056298224823262,0.992589837541655
ORD0096621,23.560663520984257,0.9982566991222441
ORD0096622,16.798267324696997,0.8518794725532446
ORD0096623,13.90487278652167,0.9205484739770979
ORD0096624,14.054101581311667,0.1478613621906293
ORD0096625,12.984313306228616,0.7203716281083719
ORD0096626,12.385562322029287,0.4084603716095157
ORD0096627,12.346521148908911,0.15888876741330382
ORD0096628,22.249097595631312,0.3138223221698233
ORD0096629,14.579954904959347,0.5428738125289173
ORD0096630,16.853862726750894,0.909286522765585
ORD0096631,45.952663340051124,0.18508998431306017
ORD0096632,18.622062171945064,0.001
ORD0096633,14.908724576541001,0.001
ORD0096634,16.704930102847246,0.001
ORD0096635,41.88249866025749,0.0018786789254051687
ORD0096636,39.94462468270186,0.0010770099710862182
ORD0096637,21.45955424381762,0.029680408853791074
ORD0096638,22.819475178492464,0.018354124579774388
ORD0096639,9.084062055632607,0.001
ORD0096640,9.543187468615136,0.001
ORD0096641,8.578901118411205,0.001
ORD0096642,8.619733619266722,0.001
ORD0096643,12.033892727555958,0.001
ORD0096644,12.146099425392846,0.001
ORD0096645,14.958747824143973,0.0015403364384163527
ORD0096646,19.003971047581075,0.008427150306450673
ORD0096647,23.872750053426063,0.0018737077169002666
ORD0096648,27.759604439673968,0.5209428973017505
ORD0096649,13.494648047344764,0.001
ORD0096650,15.804940912958548,0.001
ORD0096651,9.569202482387967,0.001
ORD0096652,14.699400761015799,0.013304785219944599
ORD0096653,17.419005527672375,0.001
ORD0096654,15.936899446673495,0.001
ORD0096655,22.54783576160963,0.9708532826971956
ORD0096656,21.516061098035102,0.9985338847621765
ORD0096657,16.318178287624967,0.997929325226586
ORD0096658,22.09524029408994,0.999
ORD0096659,17.433541361276085,0.001
ORD0096660,16.126317197594844,0.001
ORD0096661,67.64349676335205,0.0029735756593855874
ORD0096662,67.1387169257892,0.001273606248069123
ORD0096663,47.77428692344559,0.0014389388776500048
ORD0096664,11.256439384200966,0.0019107151126985164
ORD0096665,10.986944305609502,0.001
ORD0096666,11.455240478022386,0.05391703604772195
ORD0096667,10.730136232200103,0.001
ORD0096668,18.645753480658097,0.001
ORD0096669,15.254979820185907,0.001
ORD0096670,9.373248972041182,0.001
ORD0096671,6.922689538634703,0.001
ORD0096672,11.786469802423602,0.001817505059822508
ORD0096673,11.27268629173439,0.00856531393103691
ORD0096674,16.310758301151438,0.029144509223535692
ORD0096675,19.671070690254982,0.15769368718564997
ORD0096676,13.731524891373489,0.6677831438990425
ORD0096677,17.14220542084058,0.8514637314221059
ORD0096678,20.238285241595925,0.001
ORD0096679,29.592666502076586,0.001
ORD0096680,12.579863711221035,0.8399335671738168
ORD0096681,14.796737973428204,0.001
ORD0096682,12.42700286716639,0.001
ORD0096683,23.39335864582595,0.00784686027577529
ORD0096684,21.24899590766929,0.02698687863117482
ORD0096685,16.68933600391079,0.001
ORD0096686,11.602939596005662,0.001
ORD0096687,22.895992179937693,0.46132029781796174
ORD0096688,21.47099440966601,0.7490229429878452
ORD0096689,15.247950642562962,0.001
ORD0096690,15.96339805053961,0.001
ORD0096691,16.42979762026604,0.9450117367124126
ORD0096692,12.57473257094003,0.9472133430293969
ORD0096693,17.4162059860636,0.9921815874150051
ORD0096694,18.216382672445693,0.9814347659986234
ORD0096695,8.959183714898218,0.006753563302409273
ORD0096696,9.467024391374075,0.036786089980544424
ORD0096697,55.740969604535664,0.001
ORD0096698,12.198418317905276,0.042287232409454804
ORD0096699,11.889996708251623,0.0035924027595967837
ORD0096700,15.842771661003422,0.21748239555262344
ORD0096701,12.10948017077007,0.0070150019047385435
ORD0096702,24.676816248151294,0.001
ORD0096703,18.901002359046096,0.001
ORD0096704,14.769249778672801,0.5256114663077078
ORD0096705,18.730468887874153,0.002956131091807108
ORD0096706,15.069614247664978,0.025750845746377187
ORD0096707,14.414084025267769,0.0029298913153297003
ORD0096708,19.46411853435409,0.00488154227997462
ORD0096709,18.183413363103238,0.002038781696340925
ORD0096710,11.374544947143974,0.013480214181050793
ORD0096711,14.957058901192433,0.005454733245654561
ORD0096712,16.961010767285316,0.002183190706019256
ORD0096713,11.726378082882137,0.00267884432561911
ORD0096714,12.015164218750469,0.10131302697080002
ORD0096715,12.053948066102942,0.02019715905383302
ORD0096716,24.9109984790308,0.001
ORD0096717,11.398524144231942,0.01764674998819082
ORD0096718,10.338666774934985,0.0052601405526773145
ORD0096719,12.753994895547908,0.006010600440023529
ORD0096720,13.618200526446875,0.0025329879852037285
ORD0096721,10.844065421865013,0.00298133350936723
ORD0096722,10.47477329638837,0.001
ORD0096723,8.41868205471591,0.001
ORD0096724,9.411660626474923,0.030855943740193535
ORD0096725,10.63012515064095,0.09260066334213429
ORD0096726,9.01564200330916,0.002095996010564314
ORD0096727,8.15089595982396,0.002318076468347382
ORD0096728,7.931101690618746,0.12335311245927778
ORD0096729,11.429384078106175,0.00966264491828684
ORD0096730,9.196954073943022,0.06454977566065825
ORD0096731,10.52689506112232,0.7753500221360647
ORD0096732,8.565076838439891,0.001
ORD0096733,9.11901441063842,0.001
ORD0096734,7.74412525573382,0.001
ORD0096735,8.903392311529364,0.001
ORD0096736,6.318207512722732,0.001
ORD0096737,6.6483769897835066,0.001
ORD0096738,8.924946609149282,0.001
ORD0096739,7.841227970740762,0.001
ORD0096740,7.4778606335707725,0.001
ORD0096741,9.325323439854117,0.004528318810949258
ORD0096742,9.829221135729977,0.01375626258333241
ORD0096743,8.496603506541563,0.001
ORD0096744,7.2202751058516235,0.001
ORD0096745,11.840592480250034,0.001
ORD0096746,11.24008468738065,0.001
ORD0096747,18.100956216314554,0.001
ORD0096748,22.911480496976704,0.001
ORD0096749,7.774205613854061,0.001
ORD0096750,8.759423602523752,0.006282753571435815
ORD0096751,10.283907615194433,0.001
ORD0096752,17.386847244918112,0.001
ORD0096753,15.082069954928015,0.001
ORD0096754,14.645385684868508,0.001
ORD0096755,17.712293275175366,0.0031284291377515947
ORD0096756,14.502281770829631,0.001
ORD0096757,11.237424203750383,0.001
ORD0096758,9.232219422058904,0.001
ORD0096759,13.016898680778462,0.06093075757267824
ORD0096760,16.282593918391555,0.001
ORD0096761,11.535089955664544,0.001
ORD0096762,13.848995242944405,0.23263760978904346
ORD0096763,13.497267788176455,0.11652384270735924
ORD0096764,7.677521509846342,0.033593578402709864
ORD0096765,6.506139432289271,0.02611935670029114
ORD0096766,12.37042698625164,0.6104381706816485
ORD0096767,7.78870161062315,0.301571723722906
ORD0096768,18.225520975346313,0.9102272918685216
ORD0096769,19.54749630071564,0.8420199372215752
ORD0096770,11.414337598489926,0.07171680276251242
ORD0096771,10.165082852170437,0.07268218424849467
ORD0096772,12.68917016352425,0.9922668527335039
ORD0096773,12.69055320931724,0.9981306417823463
ORD0096774,20.86851518909698,0.980370365969299
ORD0096775,18.465342402909027,0.9773113065739037
ORD0096776,15.721429440727432,0.9946159600156408
ORD0096777,9.837263950991574,0.9940701044756886
ORD0096778,13.86808699654016,0.001394210351137864
ORD0096779,14.846336557131957,0.9859673790598492
ORD0096780,13.283311210902653,0.0059486258931339105
ORD0096781,39.78177775636574,0.3092014025618045
ORD0096782,19.178498820003604,0.8833765799691312
ORD0096783,12.882401915496345,0.001
ORD0096784,13.444560370056736,0.0030353915331710634
ORD0096785,13.717447413986697,0.001
ORD0096786,17.02800927850419,0.001
ORD0096787,17.262552781615597,0.3423876321676949
ORD0096788,22.053831615036845,0.001
ORD0096789,17.26615798955961,0.03373579929556385
ORD0096790,19.966605069937962,0.001
ORD0096791,20.810449468105983,0.001
ORD0096792,24.955805140533595,0.018848231720893754
ORD0096793,39.24159808297259,0.18205152697284283
ORD0096794,32.08832347095584,0.005703774249966939
ORD0096795,14.378198466053561,0.001
ORD0096796,13.533568485234191,0.001
ORD0096797,22.132679391893653,0.001
ORD0096798,22.089262111279712,0.0029294210825318093
ORD0096799,22.237090163951184,0.8307189483590655
ORD0096800,21.861561818857695,0.8724434463953799
ORD0096801,17.886852118368864,0.4101688017129181
ORD0096802,24.23684840733701,0.001
ORD0096803,19.485006264434986,0.001
ORD0096804,22.333393435872768,0.00893546071069099
ORD0096805,28.426883299453305,0.9011545472178824
ORD0096806,16.593208772578247,0.001
ORD0096807,15.150513291382453,0.001
ORD0096808,16.88136972753249,0.0036489926088923022
ORD0096809,24.200064238776285,0.001
ORD0096810,16.862424557757898,0.005763393594962064
ORD0096811,16.578863759268962,0.006199588438912213
ORD0096812,19.42619946183677,0.052735273343677426
ORD0096813,24.949606309922352,0.26086042076068827
ORD0096814,23.35693117364391,0.14054576301377203
ORD0096815,30.90122475265233,0.35041251425811043
ORD0096816,48.07939270871711,0.001
ORD0096817,33.382922253122885,0.001
ORD0096818,18.84888659086753,0.9739764050445799
ORD0096819,19.471130691685143,0.9128992077337372
ORD0096820,23.833624983097668,0.001
ORD0096821,92.956384953475,0.002380588419747439
ORD0096822,65.82525590353727,0.21553322811475223
ORD0096823,26.779034348901664,0.001
ORD0096824,41.42858773629563,0.03656577401307577
ORD0096825,25.534192102009172,0.001
ORD0096826,19.29103983521083,0.001
ORD0096827,17.415574765664942,0.001
ORD0096828,31.994327446281538,0.5925125571110069
ORD0096829,24.993414689119888,0.005730274235382267
ORD0096830,23.48346733572701,0.001
ORD0096831,20.49270423409606,0.9845764411302597
ORD0096832,25.320685908344238,0.9988041097719991
ORD0096833,13.208498651063456,0.015065627661756245
ORD0096834,21.86633250977628,0.077190163225368
ORD0096835,17.128193134906642,0.14034174046523684
ORD0096836,21.11200044867306,0.23458584940225916
ORD0096837,21.727820999403626,0.44307219950652693
ORD0096838,39.7296038601992,0.0013489141887836815
ORD0096839,27.673019715420462,0.005120348051281347
ORD0096840,21.553934083749724,0.7381717580450198
ORD0096841,25.79062786719416,0.8958256557639419
ORD0096842,24.602913077164217,0.006015536319152942
ORD0096843,22.9202322665029,0.0069384518225684266
ORD0096844,21.23610464915085,0.09368261329519362
ORD0096845,20.934526539684043,0.06250270587107129
ORD0096846,25.49651943837753,0.008432852355052204
ORD0096847,23.003892199271526,0.03692862739141054
ORD0096848,22.821383349237554,0.0024197486117047743
ORD0096849,17.778266398890377,0.18125518570401428
ORD0096850,16.889338427536227,0.014159969434739572
ORD0096851,22.019757581396373,0.0024494812230707805
ORD0096852,18.850040167856516,0.001
ORD0096853,21.333112715537727,0.23778545555715608
ORD0096854,14.12113996555711,0.8704503745638279
ORD0096855,17.455116588218516,0.7289059075744896
ORD0096856,17.77620640139118,0.0887729681044409
ORD0096857,13.692234014026054,0.9667832580031064
ORD0096858,13.056886565868565,0.8777864083093239
ORD0096859,15.819080642538244,0.9705956466403534
ORD0096860,17.177155167511515,0.990144356732951
ORD0096861,15.558694449138624,0.9963520821124915
ORD0096862,15.321295944677807,0.9931993561009895
ORD0096863,14.979108688358895,0.001
ORD0096864,14.234634680719319,0.001
ORD0096865,14.521157451114151,0.001
ORD0096866,14.310565409893217,0.001
ORD0096867,12.382483365900999,0.001
ORD0096868,13.545695087156966,0.001
ORD0096869,14.688435703365146,0.009949866228898981
ORD0096870,13.83548227784256,0.0016783352494828777
ORD0096871,19.368743691218217,0.4899924085377199
ORD0096872,14.646875690430502,0.012697922830749372
ORD0096873,14.506426542332626,0.7148751735531601
ORD0096874,12.194459939476033,0.001
ORD0096875,12.040172343099156,0.001
ORD0096876,17.35861370161464,0.001
ORD0096877,22.472789605704076,0.061123675595892636
ORD0096878,25.391738473752174,0.001
ORD0096879,27.102415801167105,0.002828893039109842
ORD0096880,14.355924104901028,0.001
ORD0096881,18.00050432557931,0.002800338749759661
ORD0096882,15.147253239283234,0.7613952740281487
ORD0096883,40.9782221877061,0.001
ORD0096884,137.87662904894864,0.020717973578959725
ORD0096885,24.624423032963495,0.011027069865643951
ORD0096886,26.508732850043952,0.6064134668070846
ORD0096887,35.09753399616691,0.7104294827810544
ORD0096888,25.569009160531635,0.9740402168510013
ORD0096889,19.306116297182733,0.001
ORD0096890,16.372107605350585,0.0014794971979766032
ORD0096891,29.84088125094109,0.999
ORD0096892,26.783742681689912,0.9883333946158068
ORD0096893,22.512542401278097,0.0010647038714980696
ORD0096894,21.68260435014132,0.09703371037538264
ORD0096895,25.61768323233582,0.9945282407606337
ORD0096896,21.260194530100403,0.9693755169814816
ORD0096897,14.946109916285414,0.9279114225337226
ORD0096898,13.708227504386006,0.968873143147125
ORD0096899,17.372107767044415,0.9980880513657556
ORD0096900,17.025924928749184,0.9961369198501948
ORD0096901,39.30971006737616,0.999
ORD0096902,23.375710640354253,0.9987218839579695
ORD0096903,25.955053394007034,0.9683197428781749
ORD0096904,16.154208849141906,0.22126956683939233
ORD0096905,15.869929164702047,0.23062485234387786
ORD0096906,17.292827588398676,0.5105016034017451
ORD0096907,15.942913335166793,0.5207890580381334
ORD0096908,24.137280609989062,0.7321700375002704
ORD0096909,20.51206453145528,0.12789358289348193
ORD0096910,22.33291815872329,0.9054105559177572
ORD0096911,17.167482062149137,0.46637865113348376
ORD0096912,112.22062632484798,0.435330827769553
ORD0096913,20.77247055687428,0.001
ORD0096914,17.202054914337662,0.001
ORD0096915,20.066930970074015,0.0016407076460032103
ORD0096916,21.139862805165098,0.001
ORD0096917,51.528170407880964,0.037068585754523306
ORD0096918,27.049782523002943,0.7133387418474039
ORD0096919,26.37627519446294,0.009697981525092957
ORD0096920,31.579464013634563,0.0038447772830479407
ORD0096921,12.031536744876718,0.001
ORD0096922,15.121218952958978,0.8532360975338996
ORD0096923,10.796919022532986,0.001
ORD0096924,15.05272612837668,0.9950235004942174
ORD0096925,16.059704193066942,0.001
ORD0096926,18.34758417960524,0.9965062929339428
ORD0096927,17.743276831142886,0.001
ORD0096928,14.869043980445474,0.001
ORD0096929,17.41962932829266,0.0011495030312066985
ORD0096930,21.032485416003915,0.041974206623257765
ORD0096931,25.011081893200487,0.004840885783841535
ORD0096932,28.461914253582,0.9886323061253517
ORD0096933,38.91843538321528,0.09912162111610032
ORD0096934,15.930482681418724,0.001
ORD0096935,14.41044973364505,0.001
ORD0096936,15.2196847396448,0.001
ORD0096937,14.369624085659476,0.7707251861533412
ORD0096938,16.28384323712932,0.001
ORD0096939,18.410151216699717,0.001719775909070882
ORD0096940,18.83497802111671,0.02463929804211525
ORD0096941,24.23241463632792,0.999
ORD0096942,18.780950280711313,0.3194164204360829
ORD0096943,18.172414214861433,0.001
ORD0096944,19.41035874265897,0.001
ORD0096945,26.176759528899993,0.8808465950274107
ORD0096946,33.40521814866231,0.999
ORD0096947,58.06525376860377,0.013278236233370188
ORD0096948,69.96854711737433,0.9483121669813933
ORD0096949,62.04748949005851,0.001
ORD0096950,79.62712075442622,0.054470383413790735
ORD0096951,30.393596465462036,0.001
ORD0096952,64.959945075883,0.001
ORD0096953,14.947850388969286,0.001
ORD0096954,13.727974438315652,0.0010616392399060675
ORD0096955,18.18833670799362,0.0033853869530316412
ORD0096956,14.8892051856769,0.012264286482080911
ORD0096957,26.065192663531107,0.001
ORD0096958,23.297487189275657,0.001
ORD0096959,13.045744930586249,0.001
ORD0096960,16.261487605547245,0.04349293903851075
ORD0096961,21.578900044921667,0.001
ORD0096962,22.085950915527487,0.1691040307099358
ORD0096963,21.8051940670861,0.001
ORD0096964,45.20598831452089,0.001
ORD0096965,14.396465560128174,0.33667720724176575
ORD0096966,16.534344613861816,0.7596734252981694
ORD0096967,21.477956479121705,0.001
ORD0096968,18.145121708365124,0.001
ORD0096969,41.744848920067156,0.9907207481758661
ORD0096970,20.893995998702135,0.10362407154884141
ORD0096971,17.711951136876234,0.03847990031423754
ORD0096972,60.733272067658916,0.999
ORD0096973,41.78378418474346,0.999
ORD0096974,25.70038903846249,0.9986817350275261
ORD0096975,23.885277575738662,0.9155253854684269
ORD0096976,28.273321021997287,0.999
ORD0096977,20.37248882857968,0.999
ORD0096978,29.594758472446088,0.999
ORD0096979,16.165185485654202,0.9798666416836168
ORD0096980,15.000923746435015,0.998533349763043
ORD0096981,16.026682528542562,0.13948365457617823
ORD0096982,16.474054213009584,0.006476645168101017
ORD0096983,20.446048571779375,0.6138220011105903
ORD0096984,17.011848474848744,0.013316623121104359
ORD0096985,40.32264237361045,0.0012193957620877539
ORD0096986,29.481077634407768,0.001
ORD0096987,22.61673875606182,0.9587177552140227
ORD0096988,17.33446113161749,0.1229663065999909
ORD0096989,27.68893581676753,0.015822030409688787
ORD0096990,30.888052103231587,0.0010249227813333372
ORD0096991,26.81479555656955,0.07759098045040487
ORD0096992,18.2419434663219,0.003593605907126008
ORD0096993,26.683629345445596,0.0041894064984338685
ORD0096994,31.82922266625395,0.0018927795887602797
ORD0096995,17.16234103674973,0.008183696654525596
ORD0096996,20.30854760876565,0.004259793870714851
ORD0096997,22.79897405197326,0.003909328790289566
ORD0096998,14.664609657244796,0.0010394623792846069
ORD0096999,14.803093596660831,0.022282217434590145
ORD0097000,13.42386524433759,0.008700045316107075
ORD0097001,14.511172826611464,0.01905116861403345
ORD0097002,14.60826097561384,0.030406346788578807
ORD0097003,19.43312013847693,0.0039025501634515312
ORD0097004,20.038364333550774,0.0038662314745205365
ORD0097005,16.06493297838274,0.1798337385038142
ORD0097006,15.340911393184804,0.0011859301523173753
ORD0097007,15.434637071715166,0.09271127110322094
ORD0097008,17.095207885605937,0.629649351323092
ORD0097009,10.949015125843728,0.004130596935921044
ORD0097010,10.729415047237016,0.0842119471825385
ORD0097011,14.114821062739615,0.010442034021337854
ORD0097012,18.411380341689533,0.5723276566830947
ORD0097013,12.028620287364214,0.06922064616098823
ORD0097014,13.194057945364097,0.001
ORD0097015,10.899535346449932,0.001
ORD0097016,13.160261748579387,0.001
ORD0097017,13.11766080918855,0.001
ORD0097018,11.998900615226669,0.001
ORD0097019,12.362700228395472,0.0012395611077989867
ORD0097020,10.419944008717957,0.001
ORD0097021,9.815738024613754,0.001
ORD0097022,11.363633732037698,0.001
ORD0097023,12.686883724288395,0.021429619477284993
ORD0097024,11.096244325706182,0.001
ORD0097025,12.507797374181827,0.5897001055679234
ORD0097026,10.914946894665707,0.001
ORD0097027,10.21321650965611,0.001
ORD0097028,10.502830125749801,0.001
ORD0097029,15.436822101625191,0.001
ORD0097030,21.63849681681777,0.23828633203025276
ORD0097031,25.533796404236544,0.001
ORD0097032,13.297896277443774,0.001
ORD0097033,14.006872492061584,0.0011681459107069966
ORD0097034,14.08101104746387,0.9533441237248954
ORD0097035,29.038121119598646,0.001
ORD0097036,69.5460760207798,0.0011900846383081287
ORD0097037,40.345054979916824,0.16054923626580875
ORD0097038,53.77162801644445,0.001
ORD0097039,68.1947820170429,0.001
ORD0097040,24.837235252318855,0.00129219521464571
ORD0097041,19.735258930455483,0.003185724749752198
ORD0097042,19.140849728738146,0.004786720156608006
ORD0097043,22.266289518285447,0.2887884512691716
ORD0097044,24.59801058100726,0.24748896844264595
ORD0097045,20.191451837625056,0.001
ORD0097046,24.040942301746032,0.9651118124968756
ORD0097047,22.391625194387032,0.9650465064659258
ORD0097048,17.146341499325064,0.001
ORD0097049,24.877825988132788,0.9947050196941983
ORD0097050,14.878309617471023,0.888104974064594
ORD0097051,18.572554526689796,0.9985813566561514
ORD0097052,14.509360774261511,0.8868417611223312
ORD0097053,29.450933577803994,0.999
ORD0097054,24.826513602421983,0.9844508302154982
ORD0097055,22.032080433011675,0.9614140845235888
ORD0097056,17.150542561400503,0.5133355929425101
ORD0097057,18.856131817574404,0.2969244270374943
ORD0097058,13.743098994649914,0.1383222677835118
ORD0097059,15.027535419342874,0.5795641982804914
ORD0097060,13.14623705427282,0.545594424029238
ORD0097061,27.4240137082085,0.5247031335900325
ORD0097062,16.786587878396357,0.6651463782465458
ORD0097063,13.270696631623668,0.44880819670757577
ORD0097064,20.458565256718558,0.001
ORD0097065,24.460303729259742,0.0026701200756116717
ORD0097066,16.823030350304546,0.001
ORD0097067,57.803313954577845,0.04516308394896078
ORD0097068,39.6899427861096,0.001
ORD0097069,29.360393907150375,0.34651087451942003
ORD0097070,22.64486016073997,0.002033355303596275
ORD0097071,12.229819230157082,0.001
ORD0097072,12.48764793792184,0.001
ORD0097073,13.14382489458125,0.20453738511950087
ORD0097074,12.864766472094969,0.3448980081193633
ORD0097075,17.00568107955782,0.017150846222279782
ORD0097076,14.854220830621086,0.04190370384896228
ORD0097077,17.79860785250224,0.001
ORD0097078,21.073512580321268,0.9978303279106523
ORD0097079,19.84182999885859,0.001
ORD0097080,22.55021071848758,0.7928929994169247
ORD0097081,34.19637762599462,0.02316875217857912
ORD0097082,36.1506341436336,0.0018545808379422009
ORD0097083,37.73770510830929,0.999
ORD0097084,19.378584923389685,0.001
ORD0097085,16.7250225401971,0.001
ORD0097086,15.657849666066872,0.001
ORD0097087,15.365418593267217,0.994065976273552
ORD0097088,23.859758518523442,0.001
ORD0097089,23.768803467465442,0.5743745714778709
ORD0097090,21.289425484369552,0.9836004965013293
ORD0097091,30.159162046414572,0.001
ORD0097092,21.66442231306983,0.04015989764231488
ORD0097093,30.48853879249256,0.9978377635497401
ORD0097094,61.402530886343534,0.008088731146763057
ORD0097095,77.93047681894146,0.004552822846308609
ORD0097096,16.939270419705483,0.0018765427077419863
ORD0097097,17.77020519062438,0.01965727758881493
ORD0097098,14.727587241206562,0.001
ORD0097099,28.439243216026313,0.001
ORD0097100,16.200750122627294,0.001
ORD0097101,15.03752717324399,0.0028870721005403006
ORD0097102,20.42317292274376,0.37006608754448134
ORD0097103,16.004753303261698,0.02635378131634254
ORD0097104,31.884409372281908,0.9724005618041867
ORD0097105,29.95633849754273,0.737014528766341
ORD0097106,18.05117862595586,0.001
ORD0097107,34.74126806521528,0.001
ORD0097108,52.85096480093242,0.001
ORD0097109,18.1779825303678,0.0015896156645979112
ORD0097110,18.712590989625,0.001
ORD0097111,17.177705982149533,0.001
ORD0097112,115.00778106892817,0.001
ORD0097113,38.54963879380517,0.09599681485290383
ORD0097114,19.17720447200907,0.001
ORD0097115,30.322158876706823,0.916157330521111
ORD0097116,24.490592588282784,0.002683126780841846
ORD0097117,25.04382804373185,0.001
ORD0097118,24.21902208987638,0.9878177391107362
ORD0097119,12.702174818415072,0.012784632508767605
ORD0097120,26.464905650027074,0.999
ORD0097121,11.491408934114444,0.07105571195780294
ORD0097122,14.975071851407222,0.0027685298656799627
ORD0097123,17.444444012246677,0.6207667843398447
ORD0097124,21.702801212126506,0.9163116811307415
ORD0097125,34.64131721029154,0.0024217736848890373
ORD0097126,24.50043745265126,0.9888664321674325
ORD0097127,19.67829385024094,0.6233491090178104
ORD0097128,37.816513494282326,0.045488078135459735
ORD0097129,27.30818365242242,0.18685483134166736
ORD0097130,26.882698639976745,0.39152238955154844
ORD0097131,63.98630641229768,0.09789736225170262
ORD0097132,51.455200711310354,0.001982861484502896
ORD0097133,37.7350791861864,0.28755397667217164
ORD0097134,18.9762513188563,0.7411099745145943
ORD0097135,22.252691898266136,0.20965186160967558
ORD0097136,23.78008998126418,0.056698324273236914
ORD0097137,22.839269881322753,0.9642328317834161
ORD0097138,17.945160929732882,0.7527210274278161
ORD0097139,50.47806734979628,0.001
ORD0097140,15.022971582763823,0.09013239694409916
ORD0097141,15.681856945249478,0.018546855341594462
ORD0097142,21.737191286219584,0.013011957513582816
ORD0097143,20.19077394211583,0.002822279401271977
ORD0097144,21.36299931848451,0.004180893754786628
ORD0097145,18.617171755276363,0.001
ORD0097146,19.108454912211965,0.8580484556284906
ORD0097147,16.472032180492267,0.4673609159380976
ORD0097148,24.71343909024254,0.001576151133059012
ORD0097149,55.14031394115739,0.0011704594417732384
ORD0097150,11.822980399745628,0.0020326846930595888
ORD0097151,14.090113039284025,0.007608556615292162
ORD0097152,14.977729708160378,0.017742106389490708
ORD0097153,11.930105519997184,0.04346047740072389
ORD0097154,11.368975234101264,0.001
ORD0097155,10.611181677615265,0.001
ORD0097156,12.461462430103692,0.001
ORD0097157,11.85839993348343,0.001
ORD0097158,12.109970684712478,0.0043127159482772275
ORD0097159,8.659729970288513,0.001
ORD0097160,11.641637720228012,0.07250881847234736
ORD0097161,11.125857304425878,0.001
ORD0097162,12.961085445649287,0.8712359896293232
ORD0097163,12.052180549166417,0.9812984402396616
ORD0097164,9.37223800550758,0.001
ORD0097165,9.22132573290078,0.001
ORD0097166,9.126701910386778,0.001
ORD0097167,17.98468471176487,0.004638004447311805
ORD0097168,18.459955761703362,0.001
ORD0097169,29.549046878308562,0.001
ORD0097170,31.78379847108729,0.001
ORD0097171,17.021074341038577,0.36920603340992675
ORD0097172,16.33919384447865,0.0017272818303959657
ORD0097173,23.462717842419803,0.8629364834218546
ORD0097174,20.98672089172516,0.00512430556796514
ORD0097175,20.153978583291593,0.001
ORD0097176,27.80074465588192,0.11986643850287773
ORD0097177,26.359180777744204,0.7855921936632767
ORD0097178,21.904932295667365,0.03288251516158967
ORD0097179,15.19972425979698,0.001
ORD0097180,23.546623523831766,0.9878505267324247
ORD0097181,18.207865515271745,0.001275312283590103
ORD0097182,19.45117353601726,0.001
ORD0097183,18.27155905418767,0.31150780262454236
ORD0097184,19.389347951574294,0.0027030700418034966
ORD0097185,11.0936099517973,0.05784541154234376
ORD0097186,17.23080050364079,0.6722983653582224
ORD0097187,25.368005998722488,0.9641839777553024
ORD0097188,17.33996827230247,0.00861123201307112
ORD0097189,17.299061126591056,0.13269984255823103
ORD0097190,16.345316820566246,0.4878315536969017
ORD0097191,14.079848373613306,0.7464401314104285
ORD0097192,13.186588806088265,0.7959779870562947
ORD0097193,27.11491544791444,0.8393696361370238
ORD0097194,24.02235806014736,0.5169374558345065
ORD0097195,21.290961362803667,0.9577272083714752
ORD0097196,16.243168075567663,0.001
ORD0097197,17.28106967693876,0.001
ORD0097198,16.747315600240498,0.001
ORD0097199,16.702525684954526,0.001
ORD0097200,49.62220064928894,0.012263126070043245
ORD0097201,40.22280193426934,0.005891192327221075
ORD0097202,25.16792356677082,0.2848640186136066
ORD0097203,24.726858992517585,0.09704107761358441
ORD0097204,10.922701546644976,0.04011508224369971
ORD0097205,12.961110261509441,0.9573862266768053
ORD0097206,13.101128514909194,0.8289999241218113
ORD0097207,17.149351854174565,0.9040031668177564
ORD0097208,12.683321322873372,0.3406326697014163
ORD0097209,13.536896643807859,0.001
ORD0097210,14.783596573718878,0.2779988092734907
ORD0097211,15.613708661483315,0.003976627222754324
ORD0097212,13.155299444295025,0.001
ORD0097213,29.177943720381187,0.02324239785525899
ORD0097214,25.21445405025141,0.010133140798542134
ORD0097215,35.26786860972328,0.41428602712543416
ORD0097216,32.87984753564804,0.11706030155190408
ORD0097217,14.677094489594028,0.001
ORD0097218,9.674734342729895,0.001
ORD0097219,12.032593138374542,0.001045793528644171
ORD0097220,16.253669737987252,0.001
ORD0097221,14.78229035088338,0.03671020907641527
ORD0097222,17.306709958050916,0.01451742775953653
ORD0097223,15.977777829117628,0.20668550016270912
ORD0097224,14.588579384384596,0.744599909156235
ORD0097225,18.17083132251748,0.001
ORD0097226,16.200943821771112,0.001
ORD0097227,19.127630471670773,0.6793475019769211
ORD0097228,27.005257328249794,0.9863071519405692
ORD0097229,13.561239838381947,0.001
ORD0097230,15.48636894674467,0.001
ORD0097231,12.154788350133348,0.0024982974993693055
ORD0097232,20.731719091495357,0.001
ORD0097233,22.712898970036502,0.001
ORD0097234,11.367577860420727,0.004606827089766184
ORD0097235,9.442841442363832,0.011273727846638635
ORD0097236,15.935218662534993,0.001
ORD0097237,12.485003055566382,0.08018469937140141
ORD0097238,20.429075384611792,0.03542328775197112
ORD0097239,17.0578762882558,0.01010820749685367
ORD0097240,22.828590680884325,0.001
ORD0097241,26.661705365988222,0.001
ORD0097242,50.235750284765075,0.001
ORD0097243,13.881268157212173,0.029461303310710625
ORD0097244,14.38946725369324,0.001
ORD0097245,18.29202466155812,0.001
ORD0097246,18.926754439787857,0.001
ORD0097247,80.25368625367545,0.001
ORD0097248,72.800587026387,0.0029534442494667593
ORD0097249,26.89239303562193,0.07242287065665347
ORD0097250,24.25656006238896,0.00640636424710012
ORD0097251,19.026558730433226,0.001
ORD0097252,15.331237563944892,0.001
ORD0097253,34.01764143123175,0.8251429050025443
ORD0097254,16.460567106460136,0.001553647377889222
ORD0097255,19.48909220687439,0.9899843415339472
ORD0097256,11.968531188845088,0.09166542752045664
ORD0097257,20.385498265234038,0.9985584087009757
ORD0097258,22.72806101474478,0.7789179604343872
ORD0097259,9.73516781535984,0.04849402287004797
ORD0097260,11.916625326515916,0.001849750369348823
ORD0097261,15.0303993171304,0.3324508720509935
ORD0097262,20.70105407140948,0.8596883886569631
ORD0097263,37.819668471031235,0.0010486319449975825
ORD0097264,23.365437740132403,0.18641693117956049
ORD0097265,21.83347457714565,0.9715886110155203
ORD0097266,28.252106730465812,0.01734828467412748
ORD0097267,24.491491061537385,0.20620610066741793
ORD0097268,20.269123855568992,0.9666056992688414
ORD0097269,26.5057004348155,0.5539610620269043
ORD0097270,27.525845714778995,0.7389398476286259
ORD0097271,19.12659625966032,0.8167487605166135
ORD0097272,20.81609538194776,0.9118466000939414
ORD0097273,16.784033972472493,0.1831084300902623
ORD0097274,15.106545067844285,0.3878222984014588
ORD0097275,16.359059195195012,0.9823090597077533
ORD0097276,12.84487691841041,0.0875188316293372
ORD0097277,13.096929208703777,0.001382897930165186
ORD0097278,15.761157869088775,0.01267706970490213
ORD0097279,19.921169928160353,0.001
ORD0097280,14.09930164281117,0.007209154596065574
ORD0097281,11.430205953134891,0.001
ORD0097282,10.392761602608942,0.008509112747616229
ORD0097283,13.544808735208536,0.4417998054875337
ORD0097284,12.075773356378422,0.0814160471757266
ORD0097285,49.36281376053882,0.009847918239634764
ORD0097286,11.840962103355459,0.004074861986222304
ORD0097287,14.611322149128338,0.022787406734970282
ORD0097288,11.995604759673995,0.025597117989825398
ORD0097289,11.517868775195055,0.17028140287398366
ORD0097290,11.181942667888746,0.2889746571343943
ORD0097291,11.571670305082957,0.001
ORD0097292,11.196533967668243,0.5983969676281968
ORD0097293,11.586128953424781,0.001
ORD0097294,11.885103001881573,0.001
ORD0097295,10.383923355244976,0.006992844018802057
ORD0097296,12.95700722436269,0.9860563165475466
ORD0097297,8.8545539983802,0.001
ORD0097298,9.415471483287208,0.0036807460914671944
ORD0097299,10.54606829074444,0.1874209252830521
ORD0097300,12.501144612433004,0.887457639658072
ORD0097301,11.808534459941209,0.9961744991980765
ORD0097302,12.34307424035924,0.9871196325740825
ORD0097303,10.879772408109195,0.001
ORD0097304,10.968719602356943,0.013036075796098699
ORD0097305,15.15491370346043,0.001
ORD0097306,21.26314184552204,0.001
ORD0097307,13.516734809831382,0.0033633869227599014
ORD0097308,11.010583180504547,0.001
ORD0097309,15.167635453426794,0.007862925129050414
ORD0097310,12.161754033833844,0.001
ORD0097311,21.1219473634023,0.0045446513945124915
ORD0097312,20.99727303673755,0.013769922009014867
ORD0097313,19.438962787534845,0.07213473068781849
ORD0097314,21.545653704793388,0.2759028806403593
ORD0097315,22.037508186659093,0.8086356450543961
ORD0097316,22.26462599484986,0.916197759545476
ORD0097317,13.051953664244456,0.001
ORD0097318,11.659620246938982,0.001
ORD0097319,20.96215022360353,0.9887915843844557
ORD0097320,24.31269572314135,0.9943419006083125
ORD0097321,15.018698500369377,0.001
ORD0097322,16.4926730386412,0.001
ORD0097323,25.157063337136748,0.001
ORD0097324,20.92069791287971,0.937316106708446
ORD0097325,19.573966018379643,0.9314958318238633
ORD0097326,13.765861280245328,0.47253253317506444
ORD0097327,9.864857686180505,0.43716149736188886
ORD0097328,17.387886907553504,0.9892328165286501
ORD0097329,16.238354041694418,0.9820651175497259
ORD0097330,28.26231043943561,0.999
ORD0097331,19.71134905589107,0.7727696685993217
ORD0097332,16.18898110824368,0.6058398333629308
ORD0097333,29.035240413481606,0.0915494504491182
ORD0097334,14.712384024075504,0.9829859595440705
ORD0097335,18.68076925750346,0.9927609025699446
ORD0097336,14.947939486036853,0.9907385021237815
ORD0097337,27.593608577507272,0.9924382735720851
ORD0097338,22.516531545966988,0.9874854177539205
ORD0097339,23.030844597827222,0.9937160248050045
ORD0097340,19.615626867911374,0.01890164370832361
ORD0097341,20.926086961475182,0.5524027961698422
ORD0097342,23.0854846204618,0.001
ORD0097343,58.77804878485181,0.9928131133288174
ORD0097344,33.533781631313836,0.0017369613655698057
ORD0097345,28.33544910445027,0.9987608743983387
